"URL","Source file","Answer-first","Direct answer evidence","FAQ count","Process answer","Pricing answer","Ownership answer","AEO readiness","Recommendation"
"/404","src/pages/404.astro","no","No clear answer-first paragraph detected","0","no","no","no","Missing","P2: improve concise answer-first block or task-specific answers without changing keyword ownership"
"/","src/pages/index.astro","yes","WINNER IT รับซื้อสินค้าไอทีโคราช ประเมินเบื้องต้นผ่าน LINE WINNER IT รับซื้อโทรศัพท์ โน๊ตบุ๊ค คอมพิวเตอร์ และอุปกรณ์ไอทีในจังหวัดนครราชสีมา ส่งรูปประเมินผ่าน LINE @buyhub แล้ววนัดต","6","yes","yes","yes","Strong","Keep as is"
"/ขายคอมหลายเครื่อง-โคราช","src/content/services/ขายคอมหลายเครื่อง-โคราช.md","yes","ขายคอมทีละหลายเครื่อง ร้านคอม โรงเรียน หรือผู้ที่อัปเกรดหลายเครื่อง ควรส่งรายการสเปกและจำนวน ทีมงานประเมินเป็นล็อตหรือรายเครื่อง WINNER IT รับซื้อในโคราชโดยนัดหมาย รูปแบบรายการ Exc","8","yes","yes","yes","Strong","Keep as is"
"/ขายอุปกรณ์ไอทียกสำนักงาน-โคราช","src/content/services/ขายอุปกรณ์ไอทียกสำนักงาน-โคราช.md","no","No clear answer-first paragraph detected","8","yes","yes","yes","Missing","P2: improve concise answer-first block or task-specific answers without changing keyword ownership"
"/ข้อกำหนดการใช้บริการ","src/pages/ข้อกำหนดการใช้บริการ.astro","yes","การใช้เว็บไซต์ รับซื้อไอทีโคราช.com และการติดต่อเพื่อใช้บริการรับซื้อสินค้าไอที ถือว่าผู้ใช้ยอมรับข้อกำหนดฉบับนี้ ขอบเขตบริการ บริการประกอบด้วยการประเมินเบื้องต้นผ่าน LINE การนัดรั","0","yes","no","yes","Adequate","P2: improve concise answer-first block or task-specific answers without changing keyword ownership"
"/คำถามที่พบบ่อย","src/pages/คำถามที่พบบ่อย.astro","yes","รวมคำตอบสั้น ๆ สำหรับผู้ที่อยากขายสินค้าไอทีในจังหวัดนครราชสีมา เริ่มต้นขายสินค้าไอทีอย่างไร แอด LINE @buyhub แล้วส่งรูป รุ่น สภาพ อุปกรณ์ พื้นที่ และจำนวนชิ้นเพื่อประเมินเบื้องต้น","8","yes","no","yes","Strong","Keep as is"
"/ติดต่อ","src/pages/ติดต่อ.astro","yes","ช่องทางหลักสำหรับการส่งรูปและรายละเอียดสินค้าคือ LINE @buyhub หากต้องการพูดคุยเพิ่มเติม สามารถโทรหาเราได้ตามเบอร์ด้านล่าง LINE Official แอดไลน์: @buyhub แอด LINE @buyhub เปิด LINE ","0","yes","no","no","Adequate","P2: improve concise answer-first block or task-specific answers without changing keyword ownership"
"/นโยบายความเป็นส่วนตัว","src/pages/นโยบายความเป็นส่วนตัว.astro","yes","WINNER IT ดำเนินงานโดย บริษัท อำพล เทรดดิ้ง จำกัด ให้ความสำคัญกับข้อมูลที่ลูกค้าส่งมาเพื่อประเมินสินค้า ข้อมูลที่อาจได้รับ ชื่อหรือชื่อที่แสดงใน LINE เบอร์โทรศัพท์ที่ลูกค้าให้ไว้ ร","0","yes","yes","yes","Adequate","P2: improve concise answer-first block or task-specific answers without changing keyword ownership"
"/นโยบายรับซื้อสินค้าและการยืนยันเจ้าของ","src/pages/นโยบายรับซื้อสินค้าและการยืนยันเจ้าของ.astro","yes","เพื่อให้การซื้อขายโปร่งใส WINNER IT ขอความร่วมมือจากผู้ขายในการยืนยันกรรมสิทธิ์ และเตรียมปลดล็อกบัญชีที่เกี่ยวข้องก่อนส่งมอบสินค้า หลักการทั่วไป ประเมินเบื้องต้นจากรูปและข้อมูลที่ล","0","yes","no","yes","Adequate","P2: improve concise answer-first block or task-specific answers without changing keyword ownership"
"/บทความ/ssd-และข้อมูลส่วนตัวควรจัดการอย่างไรก่อนขาย","src/content/articles/ssd-และข้อมูลส่วนตัวควรจัดการอย่างไรก่อนขาย.md","no","No clear answer-first paragraph detected","0","yes","yes","no","Missing","P2: improve concise answer-first block or task-specific answers without changing keyword ownership"
"/บทความ/กล่องและอุปกรณ์มีผลต่อราคามือสองหรือไม่","src/content/articles/กล่องและอุปกรณ์มีผลต่อราคามือสองหรือไม่.md","no","No clear answer-first paragraph detected","0","yes","yes","no","Missing","P2: improve concise answer-first block or task-specific answers without changing keyword ownership"
"/บทความ/ขายคอมหลายเครื่องควรเตรียมรายการอย่างไร","src/content/articles/ขายคอมหลายเครื่องควรเตรียมรายการอย่างไร.md","no","No clear answer-first paragraph detected","0","yes","yes","no","Missing","P2: improve concise answer-first block or task-specific answers without changing keyword ownership"
"/บทความ/ขายอุปกรณ์ไอทีของบริษัทต้องเตรียมเอกสารอะไร","src/content/articles/ขายอุปกรณ์ไอทีของบริษัทต้องเตรียมเอกสารอะไร.md","no","No clear answer-first paragraph detected","0","yes","no","no","Missing","P2: improve concise answer-first block or task-specific answers without changing keyword ownership"
"/บทความ/ข้อควรรู้ก่อนขายกล้องและเลนส์มือสอง","src/content/articles/ข้อควรรู้ก่อนขายกล้องและเลนส์มือสอง.md","no","No clear answer-first paragraph detected","0","yes","yes","no","Missing","P2: improve concise answer-first block or task-specific answers without changing keyword ownership"
"/บทความ/ปัจจัยที่ทำให้ราคาการ์ดจอมือสองแตกต่างกัน","src/content/articles/ปัจจัยที่ทำให้ราคาการ์ดจอมือสองแตกต่างกัน.md","no","No clear answer-first paragraph detected","0","yes","yes","no","Missing","P2: improve concise answer-first block or task-specific answers without changing keyword ownership"
"/บทความ/วิธีถ่ายรูปสินค้าไอทีเพื่อให้ประเมินราคาได้เร็ว","src/content/articles/วิธีถ่ายรูปสินค้าไอทีเพื่อให้ประเมินราคาได้เร็ว.md","no","No clear answer-first paragraph detected","0","yes","yes","no","Missing","P2: improve concise answer-first block or task-specific answers without changing keyword ownership"
"/บทความ/วิธีลบข้อมูลก่อนขายคอมพิวเตอร์","src/content/articles/วิธีลบข้อมูลก่อนขายคอมพิวเตอร์.md","no","No clear answer-first paragraph detected","0","yes","no","yes","Missing","P2: improve concise answer-first block or task-specific answers without changing keyword ownership"
"/บทความ/วิธีออกจาก-icloud-ก่อนขาย-iphone-หรือ-ipad","src/content/articles/วิธีออกจาก-icloud-ก่อนขาย-iphone-หรือ-ipad.md","no","No clear answer-first paragraph detected","0","yes","no","yes","Missing","P2: improve concise answer-first block or task-specific answers without changing keyword ownership"
"/บทความ/วิธีออกจากบัญชี-google-ก่อนขายโทรศัพท์-android","src/content/articles/วิธีออกจากบัญชี-google-ก่อนขายโทรศัพท์-android.md","no","No clear answer-first paragraph detected","0","yes","no","yes","Missing","P2: improve concise answer-first block or task-specific answers without changing keyword ownership"
"/บทความ/วิธีเช็กสเปกโน๊ตบุ๊คก่อนส่งประเมิน","src/content/articles/วิธีเช็กสเปกโน๊ตบุ๊คก่อนส่งประเมิน.md","no","No clear answer-first paragraph detected","0","yes","yes","no","Missing","P2: improve concise answer-first block or task-specific answers without changing keyword ownership"
"/บทความ/สินค้าไอทีเปิดไม่ติดยังประเมินราคาได้อย่างไร","src/content/articles/สินค้าไอทีเปิดไม่ติดยังประเมินราคาได้อย่างไร.md","no","No clear answer-first paragraph detected","0","yes","yes","no","Missing","P2: improve concise answer-first block or task-specific answers without changing keyword ownership"
"/บทความ/ส่งโน๊ตบุ๊คหรือโทรศัพท์อย่างไรให้ปลอดภัย","src/content/articles/ส่งโน๊ตบุ๊คหรือโทรศัพท์อย่างไรให้ปลอดภัย.md","no","No clear answer-first paragraph detected","0","yes","no","yes","Missing","P2: improve concise answer-first block or task-specific answers without changing keyword ownership"
"/บทความ/เช็กราคาสินค้าไอทีก่อนขายต้องดูอะไรบ้าง","src/content/articles/เช็กราคาสินค้าไอทีก่อนขายต้องดูอะไรบ้าง.md","no","No clear answer-first paragraph detected","0","yes","yes","no","Missing","P2: improve concise answer-first block or task-specific answers without changing keyword ownership"
"/บทความ/เตรียมโน๊ตบุ๊คก่อนขายอย่างไร","src/content/articles/เตรียมโน๊ตบุ๊คก่อนขายอย่างไร.md","no","No clear answer-first paragraph detected","0","yes","yes","yes","Missing","P2: improve concise answer-first block or task-specific answers without changing keyword ownership"
"/บทความ","src/pages/บทความ/index.astro","yes","หน้าแรก บทความ บทความแนะนำก่อนขายสินค้าไอที ความรู้ที่ใช้ได้จริงก่อนส่งรูปประเมินผ่าน LINE SSD และข้อมูลส่วนตัวควรจัดการอย่างไรก่อนขาย จัดการ SSD และข้อมูลส่วนตัวก่อนขายด้วยการลบข้","0","yes","yes","yes","Adequate","P2: improve concise answer-first block or task-specific answers without changing keyword ownership"
"/บริการรับซื้อถึงที่โคราช","src/content/services/บริการรับซื้อถึงที่โคราช.md","yes","รับซื้อถึงที่โดยนัดหมาย สำหรับลูกค้าในโคราชที่สะดวกให้เข้ารับถึงบ้าน สำนักงาน หรือร้าน WINNER IT มีบริการนัดรับตามพื้นที่และตารางเวลา ไม่ได้บริการแบบฉับพลันโดยไม่นัดทุกจุดหรือทุกอำ","8","yes","yes","yes","Strong","Keep as is"
"/บริษัทปิดกิจการขายอุปกรณ์ไอที","src/content/services/บริษัทปิดกิจการขายอุปกรณ์ไอที.md","yes","ปิดกิจการและขาย IT เมื่อบริษัทเลิกดำเนินการ ต้องการขายคอม จอ เซิร์ฟเวอร์ อุปกรณ์เครือข่ายอย่างถูกต้อง WINNER IT ช่วยประเมินและนัดรับในโคราช ต้องมีผู้มีอำนาจขายและเอกสารตามที่ตกลง a","8","yes","yes","yes","Strong","Keep as is"
"/พื้นที่/ด่านขุนทด","src/content/areas/ด่านขุนทด.md","yes","อำเภอด่านขุนทดเป็นพื้นที่ทางตะวันตกของจังหวัดนครราชสีมา มีลักษณะผสมผสานระหว่างชุมชนที่อยู่อาศัย เกษตรกรรม และธุรกิจเล็กริมถนนสายหลัก การขายไอทีในพื้นที่นี้ส่วนใหญ่มาจากครอบครัวและผ","7","yes","no","yes","Strong","Keep as is"
"/พื้นที่/บัวใหญ่","src/content/areas/บัวใหญ่.md","yes","อำเภอบัวใหญ่เป็นพื้นที่สำคัญทางตอนเหนือของจังหวัดนครราชสีมา มีทั้งคลังสินค้า ศูนย์กระจาย โรงงาน และชุมชนที่อยู่อาศัยริมทางหลักสู่ภาคอีสาน ทำให้ความต้องการขายอุปกรณ์ไอทีมีทั้งจากธุร","7","yes","no","no","Strong","Keep as is"
"/พื้นที่/ปักธงชัย","src/content/areas/ปักธงชัย.md","yes","อำเภอปักธงชัยเป็นพื้นที่ที่มีชื่อเสียงด้านผ้าไหมมัดหมี่และแหล่งท่องเที่ยวเชิงวัฒนธรรมทางตอนใต้ของจังหวัดนครราชสีมา ธุรกิจท้องถิ่นมักผสมผสานงานหัตถกรรมกับการขายออนไลน์ ทำให้อุปกรณ์ไ","7","yes","no","no","Strong","Keep as is"
"/พื้นที่/ปากช่อง","src/content/areas/ปากช่อง.md","yes","อำเภอปากช่องเป็นพื้นที่ท่องเที่ยวสำคัญของนครราชสีมา มีทั้งบ้านพักตากอากาศ รีสอร์ต วิลล่า และโครงการบ้านหลังที่สองใกล้เขาใหญ่ ทำให้การหมุนเวียนอุปกรณ์ไอทีมีลักษณะเฉพาะตัว ไม่เหมือนเ","7","yes","no","yes","Strong","Keep as is"
"/พื้นที่/พิมาย","src/content/areas/พิมาย.md","yes","อำเภอพิมายเป็นพื้นที่ที่มีแหล่งท่องเที่ยวเชิงประวัติศาสตร์สำคัญ โดยเฉพาะปราสาทหินพิมาย ทำให้มีทั้งธุรกิจท่องเที่ยว ร้านของฝาก มัคคุเทศก์ และร้านค้าท้องถิ่นที่ใช้อุปกรณ์ไอทีในการทำง","7","yes","no","no","Strong","Keep as is"
"/พื้นที่/มหาวิทยาลัยเทคโนโลยีสุรนารี","src/content/areas/มหาวิทยาลัยเทคโนโลยีสุรนารี.md","yes","มหาวิทยาลัยเทคโนโลยีสุรนารี (มทส.) เป็นสถาบันการศึกษาชั้นนำด้านวิทยาศาสตร์และเทคโนโลยีในภาคอีสาน มีนักศึกษา บุคลากร และผู้พักอาศัยใกล้เคียงจำนวนมาก ทำให้มีการหมุนเวียนอุปกรณ์ไอทีสู","8","yes","no","yes","Strong","Keep as is"
"/พื้นที่/สีคิ้ว","src/content/areas/สีคิ้ว.md","yes","อำเภอสีคิ้วเป็นจุดสำคัญบนทางหลวงสายโคราช-กรุงเทพ มีทั้งคลังสินค้า ศูนย์กระจายสินค้า โรงงาน และชุมชนที่อยู่อาศัยริมทาง ทำให้ความต้องการขายอุปกรณ์ไอทีมีทั้งจากธุรกิจโลจิสติกส์และผู้พ","7","yes","no","no","Strong","Keep as is"
"/พื้นที่/สูงเนิน","src/content/areas/สูงเนิน.md","yes","อำเภอสูงเนินเป็นพื้นที่ที่อยู่อาศัยชานเมืองที่เชื่อมระหว่างเขตเมืองนครราชสีมากับเส้นทางไปอำเภอปากช่อง มีทั้งหมู่บ้านจัดสรร ชุมชนเก่า และธุรกิจเล็กริมถนนสายหลัก ลักษณะการขายไอทีในพื","7","yes","no","yes","Strong","Keep as is"
"/พื้นที่/เมืองนครราชสีมา","src/content/areas/เมืองนครราชสีมา.md","yes","เขตเมืองนครราชสีมาเป็นศูนย์กลางการทำงาน การเรียน และการค้าขายของจังหวัด ทำให้มีการหมุนเวียนสินค้าไอทีสูงตลอดทั้งปี ไม่ว่าจะเป็นโน๊ตบุ๊คที่พนักงานออฟฟิศใช้ทำงานประจำ iPhone ที่เปลี่","7","yes","no","yes","Strong","Keep as is"
"/พื้นที่/โชคชัย","src/content/areas/โชคชัย.md","yes","อำเภอโชคชัยเป็นพื้นที่เกษตรกรรมสำคัญของนครราชสีมา มีทั้งไร่นา ไร่ข้าวโพด ฟาร์มปศุสัตว์ และสำนักงานจัดการฟาร์มที่ใช้คอมพิวเตอร์ในการบันทึกข้อมูล ติดต่อซัพพลายเออร์ และจัดการบัญชี WI","7","yes","no","no","Strong","Keep as is"
"/พื้นที่/โนนสูง","src/content/areas/โนนสูง.md","yes","อำเภอโนนสูงเป็นพื้นที่ที่อยู่อาศัยชุมชนทางตะวันออกของจังหวัดนครราชสีมา มีทั้งชุมชนเก่า หมู่บ้านจัดสรร และธุรกิจเล็กริมถนนสายหลัก ลักษณะการขายไอทีเน้นครอบครัวและผู้ที่ทำงานในโคราชแต","7","yes","no","yes","Strong","Keep as is"
"/รับซื้อ-apple-watch-โคราช","src/content/services/รับซื้อ-apple-watch-โคราช.md","yes","ตอบคำถามก่อน: ขาย Apple Watch ในโคราชทำอย่างไร Apple Watch เป็นอุปกรณ์ที่ผู้ใช้ iPhone ในโคราชนิยมใช้คู่กัน หากคุณต้องการขายนาฬิกาที่ไม่ได้ใช้แล้ว ส่งรูปและรุ่นมาที่ LINE @buyhub เ","10","yes","yes","yes","Strong","Keep as is"
"/รับซื้อ-cpu-โคราช","src/content/services/รับซื้อ-cpu-โคราช.md","yes","รับซื้อ CPU มือสองในโคราช ซีพียูเป็นชิ้นส่วนที่ผู้ใช้มักอัปเกรดบ่อยเมื่อต้องการประสิทธิภาพสูงขึ้น ทั้ง Intel Core และ AMD Ryzen มีตลาดมือสองค่อนข้างคึ่น ราคารับซื้อขึ้นกับรุ่น ตระก","8","yes","yes","yes","Strong","Keep as is"
"/รับซื้อ-imac-mac-mini-โคราช","src/content/services/รับซื้อ-imac-mac-mini-โคราช.md","yes","ตอบคำถามก่อน: ขาย iMac หรือ Mac mini ในโคราชทำอย่างไร iMac และ Mac mini เหมาะกับงานตั้งโต๊ะในบ้าน สตูดิโอ หรือออฟฟิศในโคราช หากต้องการขายเครื่องที่อัปเกรดแล้ว ส่งรูปและสเปกมาที่ LI","10","yes","yes","yes","Strong","Keep as is"
"/รับซื้อ-ipad-โคราช","src/content/services/รับซื้อ-ipad-โคราช.md","yes","ตอบคำถามก่อน: ขาย iPad ในโคราชทำอย่างไร หากคุณมี iPad ที่ไม่ได้ใช้งานแล้ว ไม่ว่าจะเป็นรุ่นสำหรับเรียน ดูหนัง หรือทำงานกราฟิก สามารถขายในโคราชได้โดยเริ่มจากส่งรูปและสเปกมาที่ LINE @","10","yes","yes","yes","Strong","Keep as is"
"/รับซื้อ-iphone-โคราช","src/content/services/รับซื้อ-iphone-โคราช.md","yes","ตอบคำถามก่อน: ขาย iPhone ในโคราชทำอย่างไร หากคุณอยากขาย iPhone ที่ไม่ได้ใช้แล้วในเขตนครราชสีมา สามารถเริ่มจากส่งรูปและข้อมูลมาที่ LINE @buyhub เพื่อรับราคาประเมินเบื้องต้นได้ก่อน จ","10","yes","yes","yes","Strong","Keep as is"
"/รับซื้อ-macbook-โคราช","src/content/services/รับซื้อ-macbook-โคราช.md","yes","ตอบคำถามก่อน: ขาย MacBook ในโคราชทำอย่างไร MacBook เป็นที่นิยมทั้งในมหาวิทยาลัย สำนักงาน และงานครีเอทีฟในโคราช หากคุณต้องการขายเครื่องที่ไม่ได้ใช้แล้ว สามารถส่งสเปกและรูปมาที่ LINE","10","yes","yes","yes","Strong","Keep as is"
"/รับซื้อ-nintendo-switch-โคราช","src/content/services/รับซื้อ-nintendo-switch-โคราช.md","no","No clear answer-first paragraph detected","8","yes","yes","yes","Missing","P2: improve concise answer-first block or task-specific answers without changing keyword ownership"
"/รับซื้อ-playstation-โคราช","src/content/services/รับซื้อ-playstation-โคราช.md","yes","รับซื้อ PlayStation ในโคราช PS5, PS5 Slim, PS4, PS4 Pro ยังมีความต้องการ ราคาขึ้นกับรุ่น ความจุ สภาพเครื่อง drift จอย แผ่นเกมที่แถม และว่าออกจากบัญชี PSN แล้วหรือไม่ WINNER IT ประเ","8","yes","yes","yes","Strong","Keep as is"
"/รับซื้อ-server-network-โคราช","src/content/services/รับซื้อ-server-network-โคราช.md","yes","อุปกรณ์เครือข่ายและเซิร์ฟเวอร์มือสอง องค์กรที่อัปเกรดศูนย์ข้อมูลหรือเครือข่ายมักมี server rack switch router firewall access point และอุปกรณ์ที่ยังใช้งานได้แต่ไม่ตรงความต้องการใหม่","8","yes","yes","yes","Strong","Keep as is"
"/รับซื้อ-ssd-hdd-โคราช","src/content/services/รับซื้อ-ssd-hdd-โคราช.md","yes","ที่เก็บข้อมูลมือสองและความเสี่ยง SSD NVMe, SATA และ HDD มีเกณฑ์ราคาต่างกัน ความจุที่อ่านได้จริง สุขภาพดิสก์จาก SMART, จำนวนชั่วโมงใช้งาน bad sector มีผลต่อมูลค่า ก่อนขายควรสำรองและ","9","yes","yes","yes","Strong","Keep as is"
"/รับซื้อกล้อง-โคราช","src/content/services/รับซื้อกล้อง-โคราช.md","yes","รับซื้อกล้องมือสองในโคราช กล้องถือเป็นอุปกรณ์ที่มูลค่าสูงและผู้ใช้มักดูแลเป็นพิเศษ อย่างไรก็ตาม ราคารับซื้อขึ้นกับยี่ห้อ รุ่น (Canon, Nikon, Sony, Fujifilm ฯลฯ) จำนวน shutter count","10","yes","yes","yes","Strong","Keep as is"
"/รับซื้อการ์ดจอ-โคราช","src/content/services/รับซื้อการ์ดจอ-โคราช.md","yes","ทำไมการขายการ์ดจอในโคราชต้องประเมินอย่างละเอียด ตลาดการ์ดจอมือสองมีความหลากหลายสูง ทั้งการ์ดสำหรับเล่นเกม งานกราฟิก และการ์ดที่เคยใช้งานหนัก ราคาจึงไม่ได้ขึ้นกับรุ่นเพียงอย่างเดียว","8","yes","yes","yes","Strong","Keep as is"
"/รับซื้อคอมตั้งโต๊ะ-โคราช","src/content/services/รับซื้อคอมตั้งโต๊ะ-โคราช.md","yes","ตอบคำถามก่อน: ขายคอมตั้งโต๊ะในโคราชทำอย่างไร คอมตั้งโต๊ะสำเร็จรูปยังพบบ่อยในออฟฟิศ ร้านค้า และบ้านเรือนในโคราช หากต้องการขายเครื่องที่เลิกใช้หรืออัปเกรดแล้ว ส่งรูปและสเปกมาที่ LINE","10","yes","yes","yes","Strong","Keep as is"
"/รับซื้อคอมบริษัท-โคราช","src/content/services/รับซื้อคอมบริษัท-โคราช.md","yes","รับซื้อ IT Asset จากบริษัทในโคราช เมื่อบริษัทอัปเกรดคอม โยกย้ายสำนักงาน หรือปิดกิจการ มักมี PC โน๊ตบุ๊ค จอ monitor อุปกรณ์เครือข่าย และเครื่องปริ้นจำนวนมากที่ต้องการขายอย่างเป็นระบ","11","yes","yes","yes","Strong","Keep as is"
"/รับซื้อคอมประกอบ-โคราช","src/content/services/รับซื้อคอมประกอบ-โคราช.md","yes","ตอบคำถามก่อน: ขายคอมประกอบในโคราชทำอย่างไร คอมประกอบให้ความยืดหยุ่นในการอัปเกรด หากคุณต้องการขายเครื่องทั้งชุดหรือเคลียร์ชิ้นส่วนเก่าในโคราช ส่งรูปและสเปกทุกชิ้นส่วนมาที่ LINE @buy","10","yes","yes","yes","Strong","Keep as is"
"/รับซื้อคอมพิวเตอร์-โคราช","src/content/services/รับซื้อคอมพิวเตอร์-โคราช.md","yes","ตอบคำถามก่อน: ขายคอมพิวเตอร์ในโคราชทำอย่างไร หน้านี้เป็นศูนย์รวมการรับซื้อคอมพิวเตอร์ในโคราช ไม่ว่าจะเป็นคอมตั้งโต๊ะสำเร็จรูป คอมประกอบ คอมเกมมิ่ง หรือเวิร์กสเตชัน ส่งรูปและสเปกมาท","10","yes","yes","yes","Strong","Keep as is"
"/รับซื้อคอมเกมมิ่ง-โคราช","src/content/services/รับซื้อคอมเกมมิ่ง-โคราช.md","yes","ตอบคำถามก่อน: ขายคอมเกมมิ่งในโคราชทำอย่างไร คอมเกมมิ่งมักมีมูลค่าสูงเพราะการ์ดจอและสเปคแรง หากต้องการขายในโคราช ส่งรูปและสเปกมาที่ LINE @buyhub เพื่อรับราคาประเมินเบื้องต้น เราตรวจ","10","yes","yes","yes","Strong","Keep as is"
"/รับซื้อคอมเก่า-โคราช","src/content/services/รับซื้อคอมเก่า-โคราช.md","yes","คอมเก่ายังมีมูลค่า คอม Core 2 Duo หรือรุ่นเก่ามากอาจมีมูลค่าจำกัด แต่บางชุดยังใช้งาน office ได้ หรือแยก RAM HDD ขาย WINNER IT ประเมินคอมเก่าในโคราช ไม่รับทุกเครื่องโดยไม่ดูสภาพ สเป","8","yes","yes","yes","Strong","Keep as is"
"/รับซื้อจอมอนิเตอร์-โคราช","src/content/services/รับซื้อจอมอนิเตอร์-โคราช.md","yes","จอมอนิเตอร์มือสอง ขนาด ความละเอียด refresh rate panel type (IPS VA TN OLED) และแบรนด์กำหนดกรอบราคา จอมี dead pixel แสงรั่ว รอยกด หรือขาตั้งหักมีผล WINNER IT รับประเมินจอในโคราช ถ่า","8","yes","yes","yes","Strong","Keep as is"
"/รับซื้อลำโพง-โคราช","src/content/services/รับซื้อลำโพง-โคราช.md","yes","ลำโพงมือสอง ลำโพง Bluetooth พกพา ลำโพงบ้าน ลำโพงคอมพิวเตอร์ แบรนด์อย่าง JBL, Bose, Sony, Marshall ฯลฯ ราคาขึ้นกับรุ่น สภาพเสียง แบต (ถ้ามี) และรอยใช้งาน WINNER IT รับประเมินลำโพงใน","8","yes","yes","yes","Strong","Keep as is"
"/รับซื้อสินค้าไอที","src/content/services/รับซื้อสินค้าไอที.md","yes","บริการรับซื้อสินค้าไอทีในนครราชสีมา WINNER IT ดำเนินการโดย บริษัท อำพล เทรดดิ้ง จำกัด ให้บริการรับซื้อสินค้าไอทีในจังหวัดนครราชสีมาและพื้นที่ใกล้เคียงตามการนัดหมาย ครอบคลุมทั้งอุปก","8","yes","yes","yes","Strong","Keep as is"
"/รับซื้อสินค้าไอทียกล็อต","src/content/services/รับซื้อสินค้าไอทียกล็อต.md","yes","รับซื้อยกล็อต ร้านคอม ผู้รวบรวมสต็อก หรือผู้ที่ต้องการล้างของจำนวนมาก ส่งรายการสินค้า WINNER IT ประเมินเป็นล็อตหรือรายชิ้น นัดรับในโคราชตามขนาดงาน รูปแบบรายการ Excel รุ่น จำนวน สภา","8","yes","yes","yes","Strong","Keep as is"
"/รับซื้อสินค้าไอทีไม่มีอุปกรณ์-โคราช","src/content/services/รับซื้อสินค้าไอทีไม่มีอุปกรณ์-โคราช.md","yes","ขายเครื่องเปล่าไม่มีกล่อง หลายคนทำกล่องหาย หรือเหลือแค่ตัวเครื่อง ยังขายได้ แต่ราคาอาจต่ำกว่าชุดครบ ขึ้นกับประเภทสินค้า WINNER IT ประเมินในโคราชอย่างตรงไปตรงมา อะไรที่ขาดได้ กล่อง ","8","yes","yes","yes","Strong","Keep as is"
"/รับซื้อสินค้าไอทีไม่ได้ใช้งาน-โคราช","src/content/services/รับซื้อสินค้าไอทีไม่ได้ใช้งาน-โคราช.md","yes","ของที่เลิกใช้แล้ว โน๊ตบุ๊ค แท็บเล็ต กล้อง เกม ที่เก็บในตู้ไม่ได้เปิดนาน อาจแบตเสื่อมหรือมีฝุ่น ยังประเมินได้ WINNER IT ช่วยประเมินในโคราช ทดสอบก่อนส่ง ชาร์จและเปิดถ้าทำได้ แบตเก็บน","8","yes","yes","yes","Strong","Keep as is"
"/รับซื้อหูฟัง-โคราช","src/content/services/รับซื้อหูฟัง-โคราช.md","yes","หูฟังมือสอง TWS, over-ear, เกมมิ่ง ราคาขึ้นกับแบรนด์ รุ่น แบตเตอรี่ ไมค์ ANC และกล่องชาร์จ WINNER IT ประเมินหูฟังในโคราช AirPods และ TWS ต้องออกจาก iCloud/บัญชีที่ผูก ไม่รับล็อก แบ","8","yes","yes","yes","Strong","Keep as is"
"/รับซื้ออุปกรณ์-pos-โคราช","src/content/services/รับซื้ออุปกรณ์-pos-โคราช.md","yes","อุปกรณ์ POS มือสอง เครื่อง POS หน้าจอสัมผัส ลิ้นชักเก็บเงิน เครื่องสแกนบาร์โค้ด เครื่องพิมพ์ thermal ราคาขึ้นกับยี่ห้อ สภาพ และความครบชุด WINNER IT รับประเมิน POS ในโคราช ร้านปิดกิ","8","yes","yes","yes","Strong","Keep as is"
"/รับซื้ออุปกรณ์คอมพิวเตอร์-โคราช","src/content/services/รับซื้ออุปกรณ์คอมพิวเตอร์-โคราช.md","yes","อุปกรณ์คอมหลากหลายประเภท คีย์บอร์ด เมาส์ หูฟังเกมมิ่ง เว็บแคม ไมโครโฟน คาร์ดรีดเดอร์ ฮับ USB เคส พัดลม พาวเวอร์ซัพพลาย คูลเลอร์ และอื่นๆ ราคาขึ้นกับแบรนด์ สภาพ และความต้องการตลาด W","8","yes","yes","yes","Strong","Keep as is"
"/รับซื้ออุปกรณ์สำนักงาน","src/content/services/รับซื้ออุปกรณ์สำนักงาน.md","no","No clear answer-first paragraph detected","8","yes","yes","yes","Missing","P2: improve concise answer-first block or task-specific answers without changing keyword ownership"
"/รับซื้อเครื่องปริ้น-โคราช","src/content/services/รับซื้อเครื่องปริ้น-โคราช.md","yes","เครื่องปริ้นมือสอง inkjet, laser, multifunction ราคาขึ้นกับยี่ห้อ Epson, HP, Canon, Brother สภาพหัวพิมพ์ จำนวนหน้าที่พิมพ์ (page count) และว่าพิมพ์ได้ครบสี WINNER IT ประเมินเครื่อง","8","yes","yes","yes","Strong","Keep as is"
"/รับซื้อเครื่องเกม-โคราช","src/content/services/รับซื้อเครื่องเกม-โคราช.md","no","No clear answer-first paragraph detected","8","yes","yes","yes","Missing","P2: improve concise answer-first block or task-specific answers without changing keyword ownership"
"/รับซื้อเมนบอร์ด-โคราช","src/content/services/รับซื้อเมนบอร์ด-โคราช.md","yes","เมนบอร์ดมือสองและมูลค่าตลาด เมนบอร์ดเป็นศูนย์กลางของเครื่อง ราคามือสองขึ้นกับชิปเซ็ต socket รุ่น (ASUS, MSI, Gigabyte, ASRock ฯลฯ) สภาพ socket และ slot ว่าใช้งานได้ครบ รอยบวม capac","8","yes","yes","yes","Strong","Keep as is"
"/รับซื้อเลนส์กล้อง-โคราช","src/content/services/รับซื้อเลนส์กล้อง-โคราช.md","yes","เลนส์มือสองและมูลค่า เลนส์ f-stop โฟกัลยาว แบรนด์ และการออกแบบของเลนส์กำหนดราคา ฝุ่นในเลนส์ รอยขีดข่วนแก้ว โฟกัสไม่เงียบ หรือ mount หลวมมีผลมาก WINNER IT ประเมินเลนส์ในโคราช เลนส์ ","8","yes","yes","yes","Strong","Keep as is"
"/รับซื้อเวิร์กสเตชัน-โคราช","src/content/services/รับซื้อเวิร์กสเตชัน-โคราช.md","yes","ตอบคำถามก่อน: ขายเวิร์กสเตชันในโคราชทำอย่างไร เวิร์กสเตชันใช้สำหรับงานกราฟิก ตัดต่อ 3D และงานเทคนิคในโคราช หากต้องการขายเครื่องที่อัปเกรดแล้ว ส่งรูปและสเปกมาที่ LINE @buyhub เพื่อร","10","yes","yes","yes","Strong","Keep as is"
"/รับซื้อแท็บเล็ต-โคราช","src/content/services/รับซื้อแท็บเล็ต-โคราช.md","yes","ตอบคำถามก่อน: ขายแท็บเล็ตในโคราชทำอย่างไร แท็บเล็ตเป็นที่นิยมทั้งสำหรับเรียนออนไลน์ ดูหนัง และงานเบาๆ ในโคราช หากต้องการขาย iPad, Samsung Galaxy Tab หรือแท็บเล็ตยี่ห้ออื่น ส่งรูปแล","10","yes","yes","yes","Strong","Keep as is"
"/รับซื้อแรม-โคราช","src/content/services/รับซื้อแรม-โคราช.md","yes","ตลาด RAM มือสองในโคราช แรม DDR4 และ DDR5 ยังมีความต้องการสูง ราคารับซื้อขึ้นกับความจุ (8/16/32/64GB) ความเร็ว MHz timing แบรนด์ (Kingston, Corsair, G.Skill ฯลฯ) และว่าเป็น desktop ","8","yes","yes","yes","Strong","Keep as is"
"/รับซื้อโทรศัพท์-android-โคราช","src/content/services/รับซื้อโทรศัพท์-android-โคราช.md","yes","ตอบคำถามก่อน: ขายโทรศัพท์ Android ในโคราชทำอย่างไร โทรศัพท์ Android ครอบคลุมหลายแบรนด์ในตลาดโคราช หากต้องการขายเครื่องที่ไม่ได้ใช้แล้ว ส่งรูปและสเปกมาที่ LINE @buyhub เพื่อรับราคาป","10","yes","yes","yes","Strong","Keep as is"
"/รับซื้อโทรศัพท์-oppo-โคราช","src/content/services/รับซื้อโทรศัพท์-oppo-โคราช.md","yes","ตอบคำถามก่อน: ขาย OPPO ในโคราชทำอย่างไร OPPO เป็นหนึ่งในแบรนด์ที่พบบ่อยในตลาดโคราช ทั้งรุ่น Reno สำหรับถ่ายภาพ และรุ่น A Series สำหรับใช้งานทั่วไป หากต้องการขาย ส่งรูปและรุ่นมาที่ ","10","yes","yes","yes","Strong","Keep as is"
"/รับซื้อโทรศัพท์-samsung-โคราช","src/content/services/รับซื้อโทรศัพท์-samsung-โคราช.md","yes","ตอบคำถามก่อน: ขาย Samsung ในโคราชทำอย่างไร Samsung Galaxy เป็นหนึ่งในแบรนด์ที่พบมากที่สุดในตลาดมือสองโคราช ตั้งแต่รุ่น A Series สำหรับใช้งานทั่วไป ไปจนถึง S Series และ Z Fold/Flip ","10","yes","yes","yes","Strong","Keep as is"
"/รับซื้อโทรศัพท์-vivo-โคราช","src/content/services/รับซื้อโทรศัพท์-vivo-โคราช.md","yes","ตอบคำถามก่อน: ขาย vivo ในโคราชทำอย่างไร vivo มีทั้งรุ่น V Series สำหรับกล้องและดีไซน์ และ Y Series สำหรับตลาดกลาง หากต้องการขายในโคราช ส่งรูปและรุ่นมาที่ LINE @buyhub เพื่อรับราคาป","10","yes","yes","yes","Strong","Keep as is"
"/รับซื้อโทรศัพท์-xiaomi-redmi-poco-โคราช","src/content/services/รับซื้อโทรศัพท์-xiaomi-redmi-poco-โคราช.md","yes","ตอบคำถามก่อน: ขาย Xiaomi Redmi POCO ในโคราชทำอย่างไร Xiaomi, Redmi และ POCO เป็นที่นิยมในโคราชทั้งรุ่นราคาประหยัดและรุ่นสเปคแรง หากต้องการขาย ส่งรูปและรุ่นมาที่ LINE @buyhub เพื่อร","10","yes","yes","yes","Strong","Keep as is"
"/รับซื้อโทรศัพท์จอแตก-โคราช","src/content/services/รับซื้อโทรศัพท์จอแตก-โคราช.md","yes","มือถือจอแตก รุ่นใหม่จอแพง ราคารับซื้อลดตามค่าซ่อม แต่ยังมีมูลค่าหาก touch ทำงานและไม่มีล็อก WINNER IT ประเมินในโคราช Touch และจอ ทัชไม่ได้ลดราคามาก ล็อก ไม่รับ iCloud/Google lock ร","8","yes","yes","yes","Strong","Keep as is"
"/รับซื้อโทรศัพท์มือถือ-โคราช","src/content/services/รับซื้อโทรศัพท์มือถือ-โคราช.md","yes","ตอบคำถามก่อน: ขายโทรศัพท์มือถือในโคราชทำอย่างไร ไม่ว่าคุณจะใช้ iPhone Samsung OPPO vivo หรือยี่ห้ออื่น หากต้องการขายโทรศัพท์มือถือในโคราช สามารถเริ่มจากส่งรูปและรายละเอียดมาที่ LIN","10","yes","yes","yes","Strong","Keep as is"
"/รับซื้อโน๊ตบุ๊ค-โคราช","src/content/services/รับซื้อโน๊ตบุ๊ค-โคราช.md","yes","ตอบคำถามก่อน: ขายโน๊ตบุ๊คในโคราชทำอย่างไร โน๊ตบุ๊คเป็นสินค้าที่หมุนเวียนสูงในโคราช ทั้งนักศึกษา พนักงานออฟฟิศ และผู้ทำงานอิสระ หากต้องการขายเครื่องที่ไม่ได้ใช้แล้ว ส่งรูปและสเปกมาท","10","yes","yes","yes","Strong","Keep as is"
"/รับซื้อโน๊ตบุ๊คจอแตก-โคราช","src/content/services/รับซื้อโน๊ตบุ๊คจอแตก-โคราช.md","yes","จอแตกแต่เครื่องยังทำงาน หลายเครื่องยัง boot และใช้จอภายนอกได้ ราคาขึ้นกับว่า panel แพงแค่ไหน และชิ้นส่วนอื่นยังดี WINNER IT ประเมินโน๊ตบุ๊คจอแตกในโคราช Touch หรือ 2-in-1 จอ touch แ","8","yes","yes","yes","Strong","Keep as is"
"/รับซื้อโน๊ตบุ๊คเกมมิ่ง-โคราช","src/content/services/รับซื้อโน๊ตบุ๊คเกมมิ่ง-โคราช.md","yes","ตอบคำถามก่อน: ขายโน๊ตบุ๊คเกมมิ่งในโคราชทำอย่างไร โน๊ตบุ๊คเกมมิ่งเป็นที่นิยมในโคราชทั้งนักเกมและผู้ทำงานกราฟิก หากต้องการขายเครื่องที่อัปเกรดแล้ว ส่งรูปและสเปกมาที่ LINE @buyhub เพื","10","yes","yes","yes","Strong","Keep as is"
"/รับซื้อโน๊ตบุ๊คเปิดไม่ติด-โคราช","src/content/services/รับซื้อโน๊ตบุ๊คเปิดไม่ติด-โคราช.md","yes","โน๊ตบุ๊คเปิดไม่ติด สาเหตุอาจเป็น mainboard, RAM, แบต, หรือเครื่องโดนน้ำ แม้เปิดไม่ติด บางรุ่นยังมีมูลค่า SSD, RAM, หรือจอที่แยกได้ WINNER IT ประเมินในโคราชจากรุ่นและอาการก่อนไฟ/หลั","8","yes","yes","yes","Strong","Keep as is"
"/รับซื้อโน๊ตบุ๊คเสีย-โคราช","src/content/services/รับซื้อโน๊ตบุ๊คเสีย-โคราช.md","yes","โน๊ตบุ๊คเสียบางส่วนยังขายได้ โน๊ตบุ๊คที่ยังเปิดได้แต่มีอาการเช่น คีย์บอร์ดบางปุ่มเสีย แทร็กแพดคลิกไม่ได้ พัดลมดัง แบตเสื่อม ช่อง USB หลวม หรือ hinge หลวม อาจยังมีมูลค่าในตลาดมือสอง","8","yes","yes","yes","Strong","Keep as is"
"/วิธีขายสินค้า","src/content/services/วิธีขายสินค้า.md","yes","ขั้นตอนการขายโดยย่อ ติดต่อ LINE @buyhub หรือโทร 095-547-9408 2) ส่งรูปและรายละเอียด 3) รับราคาเบื้องต้น 4) นัดส่งมอบหรือรับถึงที่ 5) ตรวจของจริง 6) ตกลงราคาและชำระเงิน WINNER IT ดำ","8","yes","yes","yes","Strong","Keep as is"
"/วิธีประเมินราคา","src/content/services/วิธีประเมินราคา.md","yes","การประเมินราคาเบื้องต้น WINNER IT ใช้รูปภาพ รุ่น สเปก สภาพ และข้อมูลจากลูกค้าเพื่อเสนอราคาเบื้องต้น ราคาประเมินเบื้องต้นจากรูปและข้อมูลอาจเปลี่ยนแปลงได้หลังตรวจสอบสินค้าจริง เราไม่","8","yes","yes","yes","Strong","Keep as is"
"/ส่งสินค้าไอทีมาประเมิน","src/content/services/ส่งสินค้าไอทีมาประเมิน.md","yes","ส่งสินค้ามาประเมิน ลูกค้าที่ประเมินเบื้องต้นผ่าน LINE แล้ว สามารถนัดส่งมอบสินค้าในพื้นที่โคราชตามจุดและเวลาที่ตกลง หรือสอบถามวิธีจัดส่งที่เหมาะสม WINNER IT ตรวจสินค้าเมื่อได้รับหรื","8","yes","yes","yes","Strong","Keep as is"
"/เกี่ยวกับเรา","src/pages/เกี่ยวกับเรา.astro","yes","WINNER IT ดำเนินงานโดย บริษัท อำพล เทรดดิ้ง จำกัด เราให้บริการรับซื้อสินค้าไอทีมือสองจากบุคคลทั่วไป ร้านค้า สำนักงาน บริษัท และหน่วยงาน โดยเน้นพื้นที่จังหวัดนครราชสีมาหรือโคราช ตาม","0","yes","no","yes","Adequate","P2: improve concise answer-first block or task-specific answers without changing keyword ownership"
