path,status,indexable,canonical,robots,title,h1,wordCount,inSitemap,schemas,hasLine,hasTel,hasFB,hasMaps,outInternal
"/",200,yes,"https://xn--42cmb2cn7ce1fa0bs7aw2n0a2f.com","index, follow","รับซื้อสินค้าไอทีโคราช ประเมินเบื้องต้นผ่าน LINE | WINNER IT","รับซื้อสินค้าไอทีโคราช ประเมินเบื้องต้นผ่าน LINE",1396,true,"Organization|AdministrativeArea|WebSite|WebPage|FAQPage|Question|Answer",true,true,false,false,69
"/404",404,no,"https://xn--42cmb2cn7ce1fa0bs7aw2n0a2f.com/404","noindex, nofollow","ไม่พบหน้า | WINNER IT","ไม่พบหน้านี้",28,false,"",true,true,false,false,21
"/ขายคอมหลายเครื่อง-โคราช",200,yes,"https://xn--42cmb2cn7ce1fa0bs7aw2n0a2f.com/ขายคอมหลายเครื่อง-โคราช","index, follow","ขายคอมหลายเครื่อง โคราช รับซื้อคอมจำนวนมาก | WINNER IT","ขายคอมหลายเครื่อง โคราช",1202,true,"Organization|AdministrativeArea|WebSite|WebPage|Service|BreadcrumbList|ListItem|FAQPage|Question|Answer",true,true,false,false,21
"/ขายอุปกรณ์ไอทียกสำนักงาน-โคราช",200,yes,"https://xn--42cmb2cn7ce1fa0bs7aw2n0a2f.com/ขายอุปกรณ์ไอทียกสำนักงาน-โคราช","index, follow","ขายอุปกรณ์ไอทียกสำนักงาน โคราช | WINNER IT","ขายอุปกรณ์ไอทียกสำนักงาน โคราช",1190,true,"Organization|AdministrativeArea|WebSite|WebPage|Service|BreadcrumbList|ListItem|FAQPage|Question|Answer",true,true,false,false,21
"/ข้อกำหนดการใช้บริการ",200,yes,"https://xn--42cmb2cn7ce1fa0bs7aw2n0a2f.com/ข้อกำหนดการใช้บริการ","index, follow","ข้อกำหนดการใช้บริการ | WINNER IT","ข้อกำหนดการใช้บริการ",120,true,"Organization|AdministrativeArea|WebSite|WebPage|BreadcrumbList|ListItem",true,true,false,false,21
"/คำถามที่พบบ่อย",200,yes,"https://xn--42cmb2cn7ce1fa0bs7aw2n0a2f.com/คำถามที่พบบ่อย","index, follow","คำถามที่พบบ่อย | WINNER IT","คำถามที่พบบ่อย",219,true,"Organization|AdministrativeArea|WebSite|WebPage|BreadcrumbList|ListItem|FAQPage|Question|Answer",true,true,false,false,21
"/ติดต่อ",200,yes,"https://xn--42cmb2cn7ce1fa0bs7aw2n0a2f.com/ติดต่อ","index, follow","ติดต่อเรา | WINNER IT รับซื้อไอทีโคราช","ติดต่อ WINNER IT",133,true,"Organization|AdministrativeArea|WebSite|ContactPage|BreadcrumbList|ListItem",true,true,false,false,21
"/นโยบายความเป็นส่วนตัว",200,yes,"https://xn--42cmb2cn7ce1fa0bs7aw2n0a2f.com/นโยบายความเป็นส่วนตัว","index, follow","นโยบายความเป็นส่วนตัว | WINNER IT","นโยบายความเป็นส่วนตัว",130,true,"Organization|AdministrativeArea|WebSite|WebPage|BreadcrumbList|ListItem",true,true,false,false,21
"/นโยบายรับซื้อสินค้าและการยืนยันเจ้าของ",200,yes,"https://xn--42cmb2cn7ce1fa0bs7aw2n0a2f.com/นโยบายรับซื้อสินค้าและการยืนยันเจ้าของ","index, follow","นโยบายรับซื้อสินค้าและการยืนยันเจ้าของ | WINNER IT","นโยบายรับซื้อสินค้าและการยืนยันเจ้าของ",161,true,"Organization|AdministrativeArea|WebSite|WebPage|BreadcrumbList|ListItem",true,true,false,false,21
"/บทความ",200,yes,"https://xn--42cmb2cn7ce1fa0bs7aw2n0a2f.com/บทความ","index, follow","บทความแนะนำก่อนขายสินค้าไอที | WINNER IT","บทความแนะนำก่อนขายสินค้าไอที",525,true,"Organization|AdministrativeArea|WebSite|WebPage|BreadcrumbList|ListItem",true,true,false,false,36
"/บทความ/ssd-และข้อมูลส่วนตัวควรจัดการอย่างไรก่อนขาย",200,yes,"https://xn--42cmb2cn7ce1fa0bs7aw2n0a2f.com/บทความ/ssd-และข้อมูลส่วนตัวควรจัดการอย่างไรก่อนขาย","index, follow","SSD และข้อมูลส่วนตัวควรจัดการอย่างไรก่อนขาย | WINNER IT","SSD และข้อมูลส่วนตัวควรจัดการอย่างไรก่อนขาย",282,true,"Organization|AdministrativeArea|WebSite|WebPage|Article|BreadcrumbList|ListItem",true,true,false,false,24
"/บทความ/กล่องและอุปกรณ์มีผลต่อราคามือสองหรือไม่",200,yes,"https://xn--42cmb2cn7ce1fa0bs7aw2n0a2f.com/บทความ/กล่องและอุปกรณ์มีผลต่อราคามือสองหรือไม่","index, follow","กล่องและอุปกรณ์มีผลต่อราคามือสองหรือไม่ | WINNER IT","กล่องและอุปกรณ์มีผลต่อราคามือสองหรือไม่",336,true,"Organization|AdministrativeArea|WebSite|WebPage|Article|BreadcrumbList|ListItem",true,true,false,false,24
"/บทความ/ขายคอมหลายเครื่องควรเตรียมรายการอย่างไร",200,yes,"https://xn--42cmb2cn7ce1fa0bs7aw2n0a2f.com/บทความ/ขายคอมหลายเครื่องควรเตรียมรายการอย่างไร","index, follow","ขายคอมหลายเครื่องควรเตรียมรายการอย่างไร | WINNER IT","ขายคอมหลายเครื่องควรเตรียมรายการอย่างไร",356,true,"Organization|AdministrativeArea|WebSite|WebPage|Article|BreadcrumbList|ListItem",true,true,false,false,24
"/บทความ/ขายอุปกรณ์ไอทีของบริษัทต้องเตรียมเอกสารอะไร",200,yes,"https://xn--42cmb2cn7ce1fa0bs7aw2n0a2f.com/บทความ/ขายอุปกรณ์ไอทีของบริษัทต้องเตรียมเอกสารอะไร","index, follow","ขายอุปกรณ์ไอทีของบริษัทต้องเตรียมเอกสารอะไร | WINNER IT","ขายอุปกรณ์ไอทีของบริษัทต้องเตรียมเอกสารอะไร",328,true,"Organization|AdministrativeArea|WebSite|WebPage|Article|BreadcrumbList|ListItem",true,true,false,false,24
"/บทความ/ข้อควรรู้ก่อนขายกล้องและเลนส์มือสอง",200,yes,"https://xn--42cmb2cn7ce1fa0bs7aw2n0a2f.com/บทความ/ข้อควรรู้ก่อนขายกล้องและเลนส์มือสอง","index, follow","ข้อควรรู้ก่อนขายกล้องและเลนส์มือสอง | WINNER IT","ข้อควรรู้ก่อนขายกล้องและเลนส์มือสอง",316,true,"Organization|AdministrativeArea|WebSite|WebPage|Article|BreadcrumbList|ListItem",true,true,false,false,24
"/บทความ/ปัจจัยที่ทำให้ราคาการ์ดจอมือสองแตกต่างกัน",200,yes,"https://xn--42cmb2cn7ce1fa0bs7aw2n0a2f.com/บทความ/ปัจจัยที่ทำให้ราคาการ์ดจอมือสองแตกต่างกัน","index, follow","ปัจจัยที่ทำให้ราคาการ์ดจอมือสองแตกต่างกัน | WINNER IT","ปัจจัยที่ทำให้ราคาการ์ดจอมือสองแตกต่างกัน",265,true,"Organization|AdministrativeArea|WebSite|WebPage|Article|BreadcrumbList|ListItem",true,true,false,false,24
"/บทความ/วิธีถ่ายรูปสินค้าไอทีเพื่อให้ประเมินราคาได้เร็ว",200,yes,"https://xn--42cmb2cn7ce1fa0bs7aw2n0a2f.com/บทความ/วิธีถ่ายรูปสินค้าไอทีเพื่อให้ประเมินราคาได้เร็ว","index, follow","วิธีถ่ายรูปสินค้าไอทีเพื่อให้ประเมินราคาได้เร็ว | WINNER IT","วิธีถ่ายรูปสินค้าไอทีเพื่อให้ประเมินราคาได้เร็ว",376,true,"Organization|AdministrativeArea|WebSite|WebPage|Article|BreadcrumbList|ListItem",true,true,false,false,24
"/บทความ/วิธีลบข้อมูลก่อนขายคอมพิวเตอร์",200,yes,"https://xn--42cmb2cn7ce1fa0bs7aw2n0a2f.com/บทความ/วิธีลบข้อมูลก่อนขายคอมพิวเตอร์","index, follow","วิธีลบข้อมูลก่อนขายคอมพิวเตอร์ | WINNER IT","วิธีลบข้อมูลก่อนขายคอมพิวเตอร์",414,true,"Organization|AdministrativeArea|WebSite|WebPage|Article|BreadcrumbList|ListItem",true,true,false,false,24
"/บทความ/วิธีออกจาก-icloud-ก่อนขาย-iphone-หรือ-ipad",200,yes,"https://xn--42cmb2cn7ce1fa0bs7aw2n0a2f.com/บทความ/วิธีออกจาก-icloud-ก่อนขาย-iphone-หรือ-ipad","index, follow","วิธีออกจาก iCloud ก่อนขาย iPhone หรือ iPad | WINNER IT","วิธีออกจาก iCloud ก่อนขาย iPhone หรือ iPad",406,true,"Organization|AdministrativeArea|WebSite|WebPage|Article|BreadcrumbList|ListItem",true,true,false,false,24
"/บทความ/วิธีออกจากบัญชี-google-ก่อนขายโทรศัพท์-android",200,yes,"https://xn--42cmb2cn7ce1fa0bs7aw2n0a2f.com/บทความ/วิธีออกจากบัญชี-google-ก่อนขายโทรศัพท์-android","index, follow","วิธีออกจากบัญชี Google ก่อนขายโทรศัพท์ Android | WINNER IT","วิธีออกจากบัญชี Google ก่อนขายโทรศัพท์ Android",326,true,"Organization|AdministrativeArea|WebSite|WebPage|Article|BreadcrumbList|ListItem",true,true,false,false,24
"/บทความ/วิธีเช็กสเปกโน๊ตบุ๊คก่อนส่งประเมิน",200,yes,"https://xn--42cmb2cn7ce1fa0bs7aw2n0a2f.com/บทความ/วิธีเช็กสเปกโน๊ตบุ๊คก่อนส่งประเมิน","index, follow","วิธีเช็กสเปกโน๊ตบุ๊คก่อนส่งประเมิน | WINNER IT","วิธีเช็กสเปกโน๊ตบุ๊คก่อนส่งประเมิน",403,true,"Organization|AdministrativeArea|WebSite|WebPage|Article|BreadcrumbList|ListItem",true,true,false,false,26
"/บทความ/สินค้าไอทีเปิดไม่ติดยังประเมินราคาได้อย่างไร",200,yes,"https://xn--42cmb2cn7ce1fa0bs7aw2n0a2f.com/บทความ/สินค้าไอทีเปิดไม่ติดยังประเมินราคาได้อย่างไร","index, follow","สินค้าไอทีเปิดไม่ติดยังประเมินราคาได้อย่างไร | WINNER IT","สินค้าไอทีเปิดไม่ติดยังประเมินราคาได้อย่างไร",316,true,"Organization|AdministrativeArea|WebSite|WebPage|Article|BreadcrumbList|ListItem",true,true,false,false,24
"/บทความ/ส่งโน๊ตบุ๊คหรือโทรศัพท์อย่างไรให้ปลอดภัย",200,yes,"https://xn--42cmb2cn7ce1fa0bs7aw2n0a2f.com/บทความ/ส่งโน๊ตบุ๊คหรือโทรศัพท์อย่างไรให้ปลอดภัย","index, follow","ส่งโน๊ตบุ๊คหรือโทรศัพท์อย่างไรให้ปลอดภัย | WINNER IT","ส่งโน๊ตบุ๊คหรือโทรศัพท์อย่างไรให้ปลอดภัย",345,true,"Organization|AdministrativeArea|WebSite|WebPage|Article|BreadcrumbList|ListItem",true,true,false,false,24
"/บทความ/เช็กราคาสินค้าไอทีก่อนขายต้องดูอะไรบ้าง",200,yes,"https://xn--42cmb2cn7ce1fa0bs7aw2n0a2f.com/บทความ/เช็กราคาสินค้าไอทีก่อนขายต้องดูอะไรบ้าง","index, follow","เช็กราคาสินค้าไอทีก่อนขายต้องดูอะไรบ้าง | WINNER IT","เช็กราคาสินค้าไอทีก่อนขายต้องดูอะไรบ้าง",639,true,"Organization|AdministrativeArea|WebSite|WebPage|Article|BreadcrumbList|ListItem",true,true,false,false,24
"/บทความ/เตรียมโน๊ตบุ๊คก่อนขายอย่างไร",200,yes,"https://xn--42cmb2cn7ce1fa0bs7aw2n0a2f.com/บทความ/เตรียมโน๊ตบุ๊คก่อนขายอย่างไร","index, follow","เตรียมโน๊ตบุ๊คก่อนขายอย่างไร | WINNER IT","เตรียมโน๊ตบุ๊คก่อนขายอย่างไร",483,true,"Organization|AdministrativeArea|WebSite|WebPage|Article|BreadcrumbList|ListItem",true,true,false,false,25
"/บริการรับซื้อถึงที่โคราช",200,yes,"https://xn--42cmb2cn7ce1fa0bs7aw2n0a2f.com/บริการรับซื้อถึงที่โคราช","index, follow","บริการรับซื้อถึงที่ โคราช นัดรับสินค้าไอที | WINNER IT","บริการรับซื้อถึงที่ โคราช",1322,true,"Organization|AdministrativeArea|WebSite|WebPage|Service|BreadcrumbList|ListItem|FAQPage|Question|Answer",true,true,false,false,21
"/บริษัทปิดกิจการขายอุปกรณ์ไอที",200,yes,"https://xn--42cmb2cn7ce1fa0bs7aw2n0a2f.com/บริษัทปิดกิจการขายอุปกรณ์ไอที","index, follow","บริษัทปิดกิจการขายอุปกรณ์ไอที โคราช | WINNER IT","บริษัทปิดกิจการขายอุปกรณ์ไอที",1200,true,"Organization|AdministrativeArea|WebSite|WebPage|Service|BreadcrumbList|ListItem|FAQPage|Question|Answer",true,true,false,false,21
"/พื้นที่/ด่านขุนทด",200,yes,"https://xn--42cmb2cn7ce1fa0bs7aw2n0a2f.com/พื้นที่/ด่านขุนทด","index, follow","รับซื้อไอทีด่านขุนทด อำเภอด่านขุนทด | WINNER IT","รับซื้อไอทีอำเภอด่านขุนทด",371,true,"Organization|AdministrativeArea|WebSite|WebPage|Service|BreadcrumbList|ListItem|FAQPage|Question|Answer",true,true,false,false,23
"/พื้นที่/บัวใหญ่",200,yes,"https://xn--42cmb2cn7ce1fa0bs7aw2n0a2f.com/พื้นที่/บัวใหญ่","index, follow","รับซื้อไอทีบัวใหญ่ อำเภอบัวใหญ่ | WINNER IT","รับซื้อไอทีอำเภอบัวใหญ่",375,true,"Organization|AdministrativeArea|WebSite|WebPage|Service|BreadcrumbList|ListItem|FAQPage|Question|Answer",true,true,false,false,22
"/พื้นที่/ปักธงชัย",200,yes,"https://xn--42cmb2cn7ce1fa0bs7aw2n0a2f.com/พื้นที่/ปักธงชัย","index, follow","รับซื้อไอทีปักธงชัย อำเภอปักธงชัย | WINNER IT","รับซื้อไอทีอำเภอปักธงชัย",459,true,"Organization|AdministrativeArea|WebSite|WebPage|Service|BreadcrumbList|ListItem|FAQPage|Question|Answer",true,true,false,false,23
"/พื้นที่/ปากช่อง",200,yes,"https://xn--42cmb2cn7ce1fa0bs7aw2n0a2f.com/พื้นที่/ปากช่อง","index, follow","รับซื้อไอทีปากช่อง อำเภอปากช่อง | WINNER IT","รับซื้อไอทีอำเภอปากช่อง",643,true,"Organization|AdministrativeArea|WebSite|WebPage|Service|BreadcrumbList|ListItem|FAQPage|Question|Answer",true,true,false,false,22
"/พื้นที่/พิมาย",200,yes,"https://xn--42cmb2cn7ce1fa0bs7aw2n0a2f.com/พื้นที่/พิมาย","index, follow","รับซื้อไอทีพิมาย อำเภอพิมาย | WINNER IT","รับซื้อไอทีอำเภอพิมาย",386,true,"Organization|AdministrativeArea|WebSite|WebPage|Service|BreadcrumbList|ListItem|FAQPage|Question|Answer",true,true,false,false,22
"/พื้นที่/มหาวิทยาลัยเทคโนโลยีสุรนารี",200,yes,"https://xn--42cmb2cn7ce1fa0bs7aw2n0a2f.com/พื้นที่/มหาวิทยาลัยเทคโนโลยีสุรนารี","index, follow","รับซื้อไอที มทส. มหาวิทยาลัยเทคโนโลยีสุรนารี | WINNER IT","รับซื้อไอที มทส. มหาวิทยาลัยเทคโนโลยีสุรนารี",495,true,"Organization|AdministrativeArea|WebSite|WebPage|Service|BreadcrumbList|ListItem|FAQPage|Question|Answer",true,true,false,false,23
"/พื้นที่/สีคิ้ว",200,yes,"https://xn--42cmb2cn7ce1fa0bs7aw2n0a2f.com/พื้นที่/สีคิ้ว","index, follow","รับซื้อไอทีสีคิ้ว อำเภอสีคิ้ว | WINNER IT","รับซื้อไอทีอำเภอสีคิ้ว",516,true,"Organization|AdministrativeArea|WebSite|WebPage|Service|BreadcrumbList|ListItem|FAQPage|Question|Answer",true,true,false,false,23
"/พื้นที่/สูงเนิน",200,yes,"https://xn--42cmb2cn7ce1fa0bs7aw2n0a2f.com/พื้นที่/สูงเนิน","index, follow","รับซื้อไอทีสูงเนิน อำเภอสูงเนิน | WINNER IT","รับซื้อไอทีอำเภอสูงเนิน",529,true,"Organization|AdministrativeArea|WebSite|WebPage|Service|BreadcrumbList|ListItem|FAQPage|Question|Answer",true,true,false,false,22
"/พื้นที่/เมืองนครราชสีมา",200,yes,"https://xn--42cmb2cn7ce1fa0bs7aw2n0a2f.com/พื้นที่/เมืองนครราชสีมา","index, follow","รับซื้อไอทีเมืองนครราชสีมา | WINNER IT","รับซื้อไอทีเขตเมืองนครราชสีมา",864,true,"Organization|AdministrativeArea|WebSite|WebPage|Service|BreadcrumbList|ListItem|FAQPage|Question|Answer",true,true,false,false,23
"/พื้นที่/โชคชัย",200,yes,"https://xn--42cmb2cn7ce1fa0bs7aw2n0a2f.com/พื้นที่/โชคชัย","index, follow","รับซื้อไอทีโชคชัย อำเภอโชคชัย | WINNER IT","รับซื้อไอทีอำเภอโชคชัย",408,true,"Organization|AdministrativeArea|WebSite|WebPage|Service|BreadcrumbList|ListItem|FAQPage|Question|Answer",true,true,false,false,22
"/พื้นที่/โนนสูง",200,yes,"https://xn--42cmb2cn7ce1fa0bs7aw2n0a2f.com/พื้นที่/โนนสูง","index, follow","รับซื้อไอทีโนนสูง อำเภอโนนสูง | WINNER IT","รับซื้อไอทีอำเภอโนนสูง",358,true,"Organization|AdministrativeArea|WebSite|WebPage|Service|BreadcrumbList|ListItem|FAQPage|Question|Answer",true,true,false,false,22
"/รับซื้อ-apple-watch-โคราช",200,yes,"https://xn--42cmb2cn7ce1fa0bs7aw2n0a2f.com/รับซื้อ-apple-watch-โคราช","index, follow","รับซื้อ Apple Watch โคราช | ประเมินผ่าน LINE นัดรับตามสะดวก | WINNER IT","รับซื้อ Apple Watch โคราช ประเมินผ่าน LINE นัดรับตามสะดวก",1970,true,"Organization|AdministrativeArea|WebSite|WebPage|Service|BreadcrumbList|ListItem|FAQPage|Question|Answer",true,true,false,false,25
"/รับซื้อ-cpu-โคราช",200,yes,"https://xn--42cmb2cn7ce1fa0bs7aw2n0a2f.com/รับซื้อ-cpu-โคราช","index, follow","รับซื้อ CPU โคราช ประเมินซีพียู Intel และ AMD มือสอง | WINNER IT","รับซื้อ CPU โคราช",1564,true,"Organization|AdministrativeArea|WebSite|WebPage|Service|BreadcrumbList|ListItem|FAQPage|Question|Answer",true,true,false,false,21
"/รับซื้อ-imac-mac-mini-โคราช",200,yes,"https://xn--42cmb2cn7ce1fa0bs7aw2n0a2f.com/รับซื้อ-imac-mac-mini-โคราช","index, follow","รับซื้อ iMac และ Mac mini โคราช | ประเมินผ่าน LINE | WINNER IT","รับซื้อ iMac และ Mac mini โคราช ประเมินผ่าน LINE",2016,true,"Organization|AdministrativeArea|WebSite|WebPage|Service|BreadcrumbList|ListItem|FAQPage|Question|Answer",true,true,false,false,26
"/รับซื้อ-ipad-โคราช",200,yes,"https://xn--42cmb2cn7ce1fa0bs7aw2n0a2f.com/รับซื้อ-ipad-โคราช","index, follow","รับซื้อ iPad โคราช | ประเมินผ่าน LINE นัดรับตามสะดวก | WINNER IT","รับซื้อ iPad โคราช ประเมินผ่าน LINE นัดรับตามสะดวก",2170,true,"Organization|AdministrativeArea|WebSite|WebPage|Service|BreadcrumbList|ListItem|FAQPage|Question|Answer",true,true,false,false,25
"/รับซื้อ-iphone-โคราช",200,yes,"https://xn--42cmb2cn7ce1fa0bs7aw2n0a2f.com/รับซื้อ-iphone-โคราช","index, follow","รับซื้อ iPhone โคราช | ประเมินผ่าน LINE นัดรับตามสะดวก | WINNER IT","รับซื้อ iPhone โคราช ประเมินผ่าน LINE นัดรับตามสะดวก",2224,true,"Organization|AdministrativeArea|WebSite|WebPage|Service|BreadcrumbList|ListItem|FAQPage|Question|Answer",true,true,false,false,27
"/รับซื้อ-macbook-โคราช",200,yes,"https://xn--42cmb2cn7ce1fa0bs7aw2n0a2f.com/รับซื้อ-macbook-โคราช","index, follow","รับซื้อ MacBook โคราช | ประเมินผ่าน LINE นัดรับตามสะดวก | WINNER IT","รับซื้อ MacBook โคราช ประเมินผ่าน LINE นัดรับตามสะดวก",2139,true,"Organization|AdministrativeArea|WebSite|WebPage|Service|BreadcrumbList|ListItem|FAQPage|Question|Answer",true,true,false,false,26
"/รับซื้อ-nintendo-switch-โคราช",200,yes,"https://xn--42cmb2cn7ce1fa0bs7aw2n0a2f.com/รับซื้อ-nintendo-switch-โคราช","index, follow","รับซื้อ Nintendo Switch โคราช ประเมินเครื่องเกมมือสอง | WINNER IT","รับซื้อ Nintendo Switch โคราช",1204,true,"Organization|AdministrativeArea|WebSite|WebPage|Service|BreadcrumbList|ListItem|FAQPage|Question|Answer",true,true,false,false,21
"/รับซื้อ-playstation-โคราช",200,yes,"https://xn--42cmb2cn7ce1fa0bs7aw2n0a2f.com/รับซื้อ-playstation-โคราช","index, follow","รับซื้อ PlayStation โคราช PS5 PS4 มือสอง | WINNER IT","รับซื้อ PlayStation โคราช",1249,true,"Organization|AdministrativeArea|WebSite|WebPage|Service|BreadcrumbList|ListItem|FAQPage|Question|Answer",true,true,false,false,21
"/รับซื้อ-server-network-โคราช",200,yes,"https://xn--42cmb2cn7ce1fa0bs7aw2n0a2f.com/รับซื้อ-server-network-โคราช","index, follow","รับซื้อ Server Network โคราช อุปกรณ์เครือข่ายมือสอง | WINNER IT","รับซื้อ Server Network โคราช",1277,true,"Organization|AdministrativeArea|WebSite|WebPage|Service|BreadcrumbList|ListItem|FAQPage|Question|Answer",true,true,false,false,21
"/รับซื้อ-ssd-hdd-โคราช",200,yes,"https://xn--42cmb2cn7ce1fa0bs7aw2n0a2f.com/รับซื้อ-ssd-hdd-โคราช","index, follow","รับซื้อ SSD HDD โคราช ฮาร์ดดิสก์และ SSD มือสอง | WINNER IT","รับซื้อ SSD HDD โคราช",1300,true,"Organization|AdministrativeArea|WebSite|WebPage|Service|BreadcrumbList|ListItem|FAQPage|Question|Answer",true,true,false,false,21
"/รับซื้อกล้อง-โคราช",200,yes,"https://xn--42cmb2cn7ce1fa0bs7aw2n0a2f.com/รับซื้อกล้อง-โคราช","index, follow","รับซื้อกล้อง โคราช กล้อง DSLR Mirrorless มือสอง | WINNER IT","รับซื้อกล้อง โคราช",1340,true,"Organization|AdministrativeArea|WebSite|WebPage|Service|BreadcrumbList|ListItem|FAQPage|Question|Answer",true,true,false,false,21
"/รับซื้อการ์ดจอ-โคราช",200,yes,"https://xn--42cmb2cn7ce1fa0bs7aw2n0a2f.com/รับซื้อการ์ดจอ-โคราช","index, follow","รับซื้อการ์ดจอ โคราช ประเมิน GPU มือสองอย่างเป็นระบบ | WINNER IT","รับซื้อการ์ดจอ โคราช",1829,true,"Organization|AdministrativeArea|WebSite|WebPage|Service|BreadcrumbList|ListItem|FAQPage|Question|Answer",true,true,false,false,21
"/รับซื้อคอมตั้งโต๊ะ-โคราช",200,yes,"https://xn--42cmb2cn7ce1fa0bs7aw2n0a2f.com/รับซื้อคอมตั้งโต๊ะ-โคราช","index, follow","รับซื้อคอมตั้งโต๊ะ โคราช | Dell HP Lenovo ประเมินผ่าน LINE | WINNER IT","รับซื้อคอมตั้งโต๊ะ โคราช ประเมินผ่าน LINE",1870,true,"Organization|AdministrativeArea|WebSite|WebPage|Service|BreadcrumbList|ListItem|FAQPage|Question|Answer",true,true,false,false,26
"/รับซื้อคอมบริษัท-โคราช",200,yes,"https://xn--42cmb2cn7ce1fa0bs7aw2n0a2f.com/รับซื้อคอมบริษัท-โคราช","index, follow","รับซื้อคอมบริษัท โคราช รับซื้อ IT Asset องค์กร | WINNER IT","รับซื้อคอมบริษัท โคราช",1345,true,"Organization|AdministrativeArea|WebSite|WebPage|Service|BreadcrumbList|ListItem|FAQPage|Question|Answer",true,true,false,false,21
"/รับซื้อคอมประกอบ-โคราช",200,yes,"https://xn--42cmb2cn7ce1fa0bs7aw2n0a2f.com/รับซื้อคอมประกอบ-โคราช","index, follow","รับซื้อคอมประกอบ โคราช | ตรวจสเปกจริง ประเมินผ่าน LINE | WINNER IT","รับซื้อคอมประกอบ โคราช ตรวจสเปกจริง ประเมินผ่าน LINE",1852,true,"Organization|AdministrativeArea|WebSite|WebPage|Service|BreadcrumbList|ListItem|FAQPage|Question|Answer",true,true,false,false,25
"/รับซื้อคอมพิวเตอร์-โคราช",200,yes,"https://xn--42cmb2cn7ce1fa0bs7aw2n0a2f.com/รับซื้อคอมพิวเตอร์-โคราช","index, follow","รับซื้อคอมพิวเตอร์ โคราช | ตั้งโต๊ะ ประกอบ เกมมิ่ง | WINNER IT","รับซื้อคอมพิวเตอร์ โคราช ประเมินผ่าน LINE นัดรับตามสะดวก",1882,true,"Organization|AdministrativeArea|WebSite|WebPage|Service|BreadcrumbList|ListItem|FAQPage|Question|Answer",true,true,false,false,28
"/รับซื้อคอมเกมมิ่ง-โคราช",200,yes,"https://xn--42cmb2cn7ce1fa0bs7aw2n0a2f.com/รับซื้อคอมเกมมิ่ง-โคราช","index, follow","รับซื้อคอมเกมมิ่ง โคราช | ตรวจการ์ดจอ ประเมินผ่าน LINE | WINNER IT","รับซื้อคอมเกมมิ่ง โคราช ตรวจการ์ดจอ ประเมินผ่าน LINE",1892,true,"Organization|AdministrativeArea|WebSite|WebPage|Service|BreadcrumbList|ListItem|FAQPage|Question|Answer",true,true,false,false,26
"/รับซื้อคอมเก่า-โคราช",200,yes,"https://xn--42cmb2cn7ce1fa0bs7aw2n0a2f.com/รับซื้อคอมเก่า-โคราช","index, follow","รับซื้อคอมเก่า โคราช คอมตั้งโต๊ะรุ่นเก่า | WINNER IT","รับซื้อคอมเก่า โคราช",1207,true,"Organization|AdministrativeArea|WebSite|WebPage|Service|BreadcrumbList|ListItem|FAQPage|Question|Answer",true,true,false,false,21
"/รับซื้อจอมอนิเตอร์-โคราช",200,yes,"https://xn--42cmb2cn7ce1fa0bs7aw2n0a2f.com/รับซื้อจอมอนิเตอร์-โคราช","index, follow","รับซื้อจอมอนิเตอร์ โคราช จอคอมและจอเกมมิ่งมือสอง | WINNER IT","รับซื้อจอมอนิเตอร์ โคราช",1272,true,"Organization|AdministrativeArea|WebSite|WebPage|Service|BreadcrumbList|ListItem|FAQPage|Question|Answer",true,true,false,false,21
"/รับซื้อลำโพง-โคราช",200,yes,"https://xn--42cmb2cn7ce1fa0bs7aw2n0a2f.com/รับซื้อลำโพง-โคราช","index, follow","รับซื้อลำโพง โคราช ลำโพงบluetooth และลำโพงมือสอง | WINNER IT","รับซื้อลำโพง โคราช",1206,true,"Organization|AdministrativeArea|WebSite|WebPage|Service|BreadcrumbList|ListItem|FAQPage|Question|Answer",true,true,false,false,21
"/รับซื้อสินค้าไอที",200,yes,"https://xn--42cmb2cn7ce1fa0bs7aw2n0a2f.com/รับซื้อสินค้าไอที","index, follow","รับซื้อสินค้าไอที โคราช บริการรับซื้อ IT ครบวงจร | WINNER IT","รับซื้อสินค้าไอที โคราช",1502,true,"Organization|AdministrativeArea|WebSite|WebPage|Service|BreadcrumbList|ListItem|FAQPage|Question|Answer",true,true,false,false,21
"/รับซื้อสินค้าไอทียกล็อต",200,yes,"https://xn--42cmb2cn7ce1fa0bs7aw2n0a2f.com/รับซื้อสินค้าไอทียกล็อต","index, follow","รับซื้อสินค้าไอทียกล็อต โคราช | WINNER IT","รับซื้อสินค้าไอทียกล็อต",1210,true,"Organization|AdministrativeArea|WebSite|WebPage|Service|BreadcrumbList|ListItem|FAQPage|Question|Answer",true,true,false,false,21
"/รับซื้อสินค้าไอทีไม่มีอุปกรณ์-โคราช",200,yes,"https://xn--42cmb2cn7ce1fa0bs7aw2n0a2f.com/รับซื้อสินค้าไอทีไม่มีอุปกรณ์-โคราช","index, follow","รับซื้อสินค้าไอทีไม่มีอุปกรณ์ โคราช | WINNER IT","รับซื้อสินค้าไอทีไม่มีอุปกรณ์ โคราช",1200,true,"Organization|AdministrativeArea|WebSite|WebPage|Service|BreadcrumbList|ListItem|FAQPage|Question|Answer",true,true,false,false,21
"/รับซื้อสินค้าไอทีไม่ได้ใช้งาน-โคราช",200,yes,"https://xn--42cmb2cn7ce1fa0bs7aw2n0a2f.com/รับซื้อสินค้าไอทีไม่ได้ใช้งาน-โคราช","index, follow","รับซื้อสินค้าไอทีไม่ได้ใช้งาน โคราช | WINNER IT","รับซื้อสินค้าไอทีไม่ได้ใช้งาน โคราช",1191,true,"Organization|AdministrativeArea|WebSite|WebPage|Service|BreadcrumbList|ListItem|FAQPage|Question|Answer",true,true,false,false,21
"/รับซื้อหูฟัง-โคราช",200,yes,"https://xn--42cmb2cn7ce1fa0bs7aw2n0a2f.com/รับซื้อหูฟัง-โคราช","index, follow","รับซื้อหูฟัง โคราช หูฟังไร้สายและเกมมิ่งมือสอง | WINNER IT","รับซื้อหูฟัง โคราช",1197,true,"Organization|AdministrativeArea|WebSite|WebPage|Service|BreadcrumbList|ListItem|FAQPage|Question|Answer",true,true,false,false,21
"/รับซื้ออุปกรณ์-pos-โคราช",200,yes,"https://xn--42cmb2cn7ce1fa0bs7aw2n0a2f.com/รับซื้ออุปกรณ์-pos-โคราช","index, follow","รับซื้ออุปกรณ์ POS โคราช เครื่องรับเงินและระบบขาย | WINNER IT","รับซื้ออุปกรณ์ POS โคราช",1193,true,"Organization|AdministrativeArea|WebSite|WebPage|Service|BreadcrumbList|ListItem|FAQPage|Question|Answer",true,true,false,false,21
"/รับซื้ออุปกรณ์คอมพิวเตอร์-โคราช",200,yes,"https://xn--42cmb2cn7ce1fa0bs7aw2n0a2f.com/รับซื้ออุปกรณ์คอมพิวเตอร์-โคราช","index, follow","รับซื้ออุปกรณ์คอมพิวเตอร์ โคราช อุปกรณ์เสริมและพาร์ท | WINNER IT","รับซื้ออุปกรณ์คอมพิวเตอร์ โคราช",1274,true,"Organization|AdministrativeArea|WebSite|WebPage|Service|BreadcrumbList|ListItem|FAQPage|Question|Answer",true,true,false,false,21
"/รับซื้ออุปกรณ์สำนักงาน",200,yes,"https://xn--42cmb2cn7ce1fa0bs7aw2n0a2f.com/รับซื้ออุปกรณ์สำนักงาน","index, follow","รับซื้ออุปกรณ์สำนักงาน โคราช | WINNER IT","รับซื้ออุปกรณ์สำนักงาน",1181,true,"Organization|AdministrativeArea|WebSite|WebPage|Service|BreadcrumbList|ListItem|FAQPage|Question|Answer",true,true,false,false,21
"/รับซื้อเครื่องปริ้น-โคราช",200,yes,"https://xn--42cmb2cn7ce1fa0bs7aw2n0a2f.com/รับซื้อเครื่องปริ้น-โคราช","index, follow","รับซื้อเครื่องปริ้น โคราช เครื่องพิมพ์สำนักงานมือสอง | WINNER IT","รับซื้อเครื่องปริ้น โคราช",1200,true,"Organization|AdministrativeArea|WebSite|WebPage|Service|BreadcrumbList|ListItem|FAQPage|Question|Answer",true,true,false,false,21
"/รับซื้อเครื่องเกม-โคราช",200,yes,"https://xn--42cmb2cn7ce1fa0bs7aw2n0a2f.com/รับซื้อเครื่องเกม-โคราช","index, follow","รับซื้อเครื่องเกม โคราช คอนโซลและอุปกรณ์เกมมิ่ง | WINNER IT","รับซื้อเครื่องเกม โคราช",1204,true,"Organization|AdministrativeArea|WebSite|WebPage|Service|BreadcrumbList|ListItem|FAQPage|Question|Answer",true,true,false,false,21
"/รับซื้อเมนบอร์ด-โคราช",200,yes,"https://xn--42cmb2cn7ce1fa0bs7aw2n0a2f.com/รับซื้อเมนบอร์ด-โคราช","index, follow","รับซื้อเมนบอร์ด โคราช ประเมิน Mainboard Intel AMD มือสอง | WINNER IT","รับซื้อเมนบอร์ด โคราช",1351,true,"Organization|AdministrativeArea|WebSite|WebPage|Service|BreadcrumbList|ListItem|FAQPage|Question|Answer",true,true,false,false,21
"/รับซื้อเลนส์กล้อง-โคราช",200,yes,"https://xn--42cmb2cn7ce1fa0bs7aw2n0a2f.com/รับซื้อเลนส์กล้อง-โคราช","index, follow","รับซื้อเลนส์กล้อง โคราช เลนส์ Canon Sony Nikon มือสอง | WINNER IT","รับซื้อเลนส์กล้อง โคราช",1238,true,"Organization|AdministrativeArea|WebSite|WebPage|Service|BreadcrumbList|ListItem|FAQPage|Question|Answer",true,true,false,false,21
"/รับซื้อเวิร์กสเตชัน-โคราช",200,yes,"https://xn--42cmb2cn7ce1fa0bs7aw2n0a2f.com/รับซื้อเวิร์กสเตชัน-โคราช","index, follow","รับซื้อเวิร์กสเตชัน โคราช | งานกราฟิก ตัดต่อ ประเมินผ่าน LINE | WINNER IT","รับซื้อเวิร์กสเตชัน โคราช งานกราฟิก ตัดต่อ ประเมินผ่าน LINE",1910,true,"Organization|AdministrativeArea|WebSite|WebPage|Service|BreadcrumbList|ListItem|FAQPage|Question|Answer",true,true,false,false,26
"/รับซื้อแท็บเล็ต-โคราช",200,yes,"https://xn--42cmb2cn7ce1fa0bs7aw2n0a2f.com/รับซื้อแท็บเล็ต-โคราช","index, follow","รับซื้อแท็บเล็ต โคราช | iPad Samsung ประเมินผ่าน LINE | WINNER IT","รับซื้อแท็บเล็ต โคราช ประเมินผ่าน LINE นัดรับตามสะดวก",1894,true,"Organization|AdministrativeArea|WebSite|WebPage|Service|BreadcrumbList|ListItem|FAQPage|Question|Answer",true,true,false,false,27
"/รับซื้อแรม-โคราช",200,yes,"https://xn--42cmb2cn7ce1fa0bs7aw2n0a2f.com/รับซื้อแรม-โคราช","index, follow","รับซื้อแรม โคราช RAM DDR4 DDR5 มือสอง | WINNER IT","รับซื้อแรม โคราช",1318,true,"Organization|AdministrativeArea|WebSite|WebPage|Service|BreadcrumbList|ListItem|FAQPage|Question|Answer",true,true,false,false,21
"/รับซื้อโทรศัพท์-android-โคราช",200,yes,"https://xn--42cmb2cn7ce1fa0bs7aw2n0a2f.com/รับซื้อโทรศัพท์-android-โคราช","index, follow","รับซื้อโทรศัพท์ Android โคราช | ประเมินผ่าน LINE | WINNER IT","รับซื้อโทรศัพท์ Android โคราช ประเมินผ่าน LINE",1846,true,"Organization|AdministrativeArea|WebSite|WebPage|Service|BreadcrumbList|ListItem|FAQPage|Question|Answer",true,true,false,false,28
"/รับซื้อโทรศัพท์-oppo-โคราช",200,yes,"https://xn--42cmb2cn7ce1fa0bs7aw2n0a2f.com/รับซื้อโทรศัพท์-oppo-โคราช","index, follow","รับซื้อโทรศัพท์ OPPO โคราช | ประเมินผ่าน LINE | WINNER IT","รับซื้อโทรศัพท์ OPPO โคราช ประเมินผ่าน LINE",1819,true,"Organization|AdministrativeArea|WebSite|WebPage|Service|BreadcrumbList|ListItem|FAQPage|Question|Answer",true,true,false,false,28
"/รับซื้อโทรศัพท์-samsung-โคราช",200,yes,"https://xn--42cmb2cn7ce1fa0bs7aw2n0a2f.com/รับซื้อโทรศัพท์-samsung-โคราช","index, follow","รับซื้อโทรศัพท์ Samsung โคราช | Galaxy ประเมินผ่าน LINE | WINNER IT","รับซื้อโทรศัพท์ Samsung โคราช ประเมินผ่าน LINE",1888,true,"Organization|AdministrativeArea|WebSite|WebPage|Service|BreadcrumbList|ListItem|FAQPage|Question|Answer",true,true,false,false,27
"/รับซื้อโทรศัพท์-vivo-โคราช",200,yes,"https://xn--42cmb2cn7ce1fa0bs7aw2n0a2f.com/รับซื้อโทรศัพท์-vivo-โคราช","index, follow","รับซื้อโทรศัพท์ vivo โคราช | ประเมินผ่าน LINE | WINNER IT","รับซื้อโทรศัพท์ vivo โคราช ประเมินผ่าน LINE",1785,true,"Organization|AdministrativeArea|WebSite|WebPage|Service|BreadcrumbList|ListItem|FAQPage|Question|Answer",true,true,false,false,28
"/รับซื้อโทรศัพท์-xiaomi-redmi-poco-โคราช",200,yes,"https://xn--42cmb2cn7ce1fa0bs7aw2n0a2f.com/รับซื้อโทรศัพท์-xiaomi-redmi-poco-โคราช","index, follow","รับซื้อโทรศัพท์ Xiaomi Redmi POCO โคราช | ประเมินผ่าน LINE | WINNER IT","รับซื้อโทรศัพท์ Xiaomi Redmi POCO โคราช ประเมินผ่าน LINE",1814,true,"Organization|AdministrativeArea|WebSite|WebPage|Service|BreadcrumbList|ListItem|FAQPage|Question|Answer",true,true,false,false,28
"/รับซื้อโทรศัพท์จอแตก-โคราช",200,yes,"https://xn--42cmb2cn7ce1fa0bs7aw2n0a2f.com/รับซื้อโทรศัพท์จอแตก-โคราช","index, follow","รับซื้อโทรศัพท์จอแตก โคราช | WINNER IT","รับซื้อโทรศัพท์จอแตก โคราช",1186,true,"Organization|AdministrativeArea|WebSite|WebPage|Service|BreadcrumbList|ListItem|FAQPage|Question|Answer",true,true,false,false,21
"/รับซื้อโทรศัพท์มือถือ-โคราช",200,yes,"https://xn--42cmb2cn7ce1fa0bs7aw2n0a2f.com/รับซื้อโทรศัพท์มือถือ-โคราช","index, follow","รับซื้อโทรศัพท์มือถือ โคราช | ทุกยี่ห้อ ประเมินผ่าน LINE | WINNER IT","รับซื้อโทรศัพท์มือถือ โคราช ประเมินผ่าน LINE นัดรับตามสะดวก",1975,true,"Organization|AdministrativeArea|WebSite|WebPage|Service|BreadcrumbList|ListItem|FAQPage|Question|Answer",true,true,false,false,28
"/รับซื้อโน๊ตบุ๊ค-โคราช",200,yes,"https://xn--42cmb2cn7ce1fa0bs7aw2n0a2f.com/รับซื้อโน๊ตบุ๊ค-โคราช","index, follow","รับซื้อโน๊ตบุ๊ค โคราช | ทุกยี่ห้อ ประเมินผ่าน LINE | WINNER IT","รับซื้อโน๊ตบุ๊ค โคราช ประเมินผ่าน LINE นัดรับตามสะดวก",1926,true,"Organization|AdministrativeArea|WebSite|WebPage|Service|BreadcrumbList|ListItem|FAQPage|Question|Answer",true,true,false,false,26
"/รับซื้อโน๊ตบุ๊คจอแตก-โคราช",200,yes,"https://xn--42cmb2cn7ce1fa0bs7aw2n0a2f.com/รับซื้อโน๊ตบุ๊คจอแตก-โคราช","index, follow","รับซื้อโน๊ตบุ๊คจอแตก โคราช | WINNER IT","รับซื้อโน๊ตบุ๊คจอแตก โคราช",1206,true,"Organization|AdministrativeArea|WebSite|WebPage|Service|BreadcrumbList|ListItem|FAQPage|Question|Answer",true,true,false,false,21
"/รับซื้อโน๊ตบุ๊คเกมมิ่ง-โคราช",200,yes,"https://xn--42cmb2cn7ce1fa0bs7aw2n0a2f.com/รับซื้อโน๊ตบุ๊คเกมมิ่ง-โคราช","index, follow","รับซื้อโน๊ตบุ๊คเกมมิ่ง โคราช | ประเมินผ่าน LINE | WINNER IT","รับซื้อโน๊ตบุ๊คเกมมิ่ง โคราช ประเมินผ่าน LINE",1917,true,"Organization|AdministrativeArea|WebSite|WebPage|Service|BreadcrumbList|ListItem|FAQPage|Question|Answer",true,true,false,false,25
"/รับซื้อโน๊ตบุ๊คเปิดไม่ติด-โคราช",200,yes,"https://xn--42cmb2cn7ce1fa0bs7aw2n0a2f.com/รับซื้อโน๊ตบุ๊คเปิดไม่ติด-โคราช","index, follow","รับซื้อโน๊ตบุ๊คเปิดไม่ติด โคราช | WINNER IT","รับซื้อโน๊ตบุ๊คเปิดไม่ติด โคราช",1226,true,"Organization|AdministrativeArea|WebSite|WebPage|Service|BreadcrumbList|ListItem|FAQPage|Question|Answer",true,true,false,false,21
"/รับซื้อโน๊ตบุ๊คเสีย-โคราช",200,yes,"https://xn--42cmb2cn7ce1fa0bs7aw2n0a2f.com/รับซื้อโน๊ตบุ๊คเสีย-โคราช","index, follow","รับซื้อโน๊ตบุ๊คเสีย โคราช ประเมินโน๊ตบุ๊คอาการเสีย | WINNER IT","รับซื้อโน๊ตบุ๊คเสีย โคราช",1346,true,"Organization|AdministrativeArea|WebSite|WebPage|Service|BreadcrumbList|ListItem|FAQPage|Question|Answer",true,true,false,false,21
"/วิธีขายสินค้า",200,yes,"https://xn--42cmb2cn7ce1fa0bs7aw2n0a2f.com/วิธีขายสินค้า","index, follow","วิธีขายสินค้าไอที โคราช ขั้นตอนขายกับ WINNER IT","วิธีขายสินค้าไอที",1263,true,"Organization|AdministrativeArea|WebSite|WebPage|Service|BreadcrumbList|ListItem|FAQPage|Question|Answer",true,true,false,false,21
"/วิธีประเมินราคา",200,yes,"https://xn--42cmb2cn7ce1fa0bs7aw2n0a2f.com/วิธีประเมินราคา","index, follow","วิธีประเมินราคาสินค้าไอที โคราช | WINNER IT","วิธีประเมินราคาสินค้าไอที",1278,true,"Organization|AdministrativeArea|WebSite|WebPage|Service|BreadcrumbList|ListItem|FAQPage|Question|Answer",true,true,false,false,21
"/ส่งสินค้าไอทีมาประเมิน",200,yes,"https://xn--42cmb2cn7ce1fa0bs7aw2n0a2f.com/ส่งสินค้าไอทีมาประเมิน","index, follow","ส่งสินค้าไอทีมาประเมิน โคราช | WINNER IT","ส่งสินค้าไอทีมาประเมิน",1241,true,"Organization|AdministrativeArea|WebSite|WebPage|Service|BreadcrumbList|ListItem|FAQPage|Question|Answer",true,true,false,false,21
"/เกี่ยวกับเรา",200,yes,"https://xn--42cmb2cn7ce1fa0bs7aw2n0a2f.com/เกี่ยวกับเรา","index, follow","เกี่ยวกับเรา | WINNER IT","เกี่ยวกับ WINNER IT",158,true,"Organization|AdministrativeArea|WebSite|AboutPage|BreadcrumbList|ListItem",true,true,false,false,21