id,title,risk,decision,owner,gscRequired,action,urls,contract
GENERIC_IT_VS_VERTICAL_HUBS,Generic IT hub vs vertical money hubs,HIGH,DIFFERENTIATE,/รับซื้อสินค้าไอที,TRUE,KEEP_ALL_DIFFERENTIATE,/รับซื้อสินค้าไอที | /รับซื้อโน๊ตบุ๊ค-โคราช | /รับซื้อคอมพิวเตอร์-โคราช | /รับซื้อโทรศัพท์มือถือ-โคราช | /รับซื้อกล้อง-โคราช | /รับซื้อเครื่องเกม-โคราช | /รับซื้อสินค้าไอทียกล็อต,Generic IT owns broad 'สินค้าไอที' intent and discovery. Each vertical hub owns its device/category intent and must not repeat a generic all-products pitch as its primary body.
COMPUTER_CORE_FAMILY,Computer hub vs desktop/build/gaming/old/workstation,HIGH,DIFFERENTIATE,/รับซื้อคอมพิวเตอร์-โคราช,TRUE,KEEP_ALL_DIFFERENTIATE,/รับซื้อคอมพิวเตอร์-โคราช | /รับซื้อคอมตั้งโต๊ะ-โคราช | /รับซื้อคอมประกอบ-โคราช | /รับซื้อคอมเกมมิ่ง-โคราช | /รับซื้อคอมเก่า-โคราช | /รับซื้อเวิร์กสเตชัน-โคราช,Computer hub owns generic computer intent. Children must own distinct form-factor/use-case/condition intent and lead with attributes unique to that subtype.
COMPUTER_PARTS_FAMILY,Computer accessories/components cluster,MEDIUM,KEEP,/รับซื้ออุปกรณ์คอมพิวเตอร์-โคราช,TRUE,KEEP_ALL,/รับซื้ออุปกรณ์คอมพิวเตอร์-โคราช | /รับซื้อ-cpu-โคราช | /รับซื้อ-ssd-hdd-โคราช | /รับซื้อการ์ดจอ-โคราช | /รับซื้อเมนบอร์ด-โคราช | /รับซื้อแรม-โคราช | /รับซื้อ-server-network-โคราช,Accessories page is the broad component/category page. CPU/GPU/RAM/storage/mainboard/server pages own exact component intents.
NOTEBOOK_CONDITION_FAMILY,Notebook generic/broken/specific-condition pages,HIGH,DIFFERENTIATE,/รับซื้อโน๊ตบุ๊ค-โคราช,TRUE,KEEP_ALL_DIFFERENTIATE,/รับซื้อโน๊ตบุ๊ค-โคราช | /รับซื้อโน๊ตบุ๊คเสีย-โคราช | /รับซื้อโน๊ตบุ๊คเปิดไม่ติด-โคราช | /รับซื้อโน๊ตบุ๊คจอแตก-โคราช | /รับซื้อโน๊ตบุ๊คเกมมิ่ง-โคราช,Notebook hub owns generic sell-notebook intent. 'เสีย' is an umbrella damaged-device intent; open-not-power and broken-screen pages must be symptom-specific; gaming owns device segment rather than damage intent.
MOBILE_CORE_FAMILY,Mobile hub vs Android and condition pages,HIGH,DIFFERENTIATE,/รับซื้อโทรศัพท์มือถือ-โคราช,TRUE,KEEP_ALL_DIFFERENTIATE,/รับซื้อโทรศัพท์มือถือ-โคราช | /รับซื้อโทรศัพท์-android-โคราช | /รับซื้อโทรศัพท์จอแตก-โคราช,Mobile hub owns broad phone intent. Android owns Android ecosystem intent. Broken-screen owns condition intent across supported phones and must not mimic the generic phone page.
ANDROID_BRAND_FAMILY,Android hub vs brand pages,MEDIUM,KEEP,/รับซื้อโทรศัพท์-android-โคราช,TRUE,KEEP_ALL,/รับซื้อโทรศัพท์-android-โคราช | /รับซื้อโทรศัพท์-samsung-โคราช | /รับซื้อโทรศัพท์-oppo-โคราช | /รับซื้อโทรศัพท์-vivo-โคราช | /รับซื้อโทรศัพท์-xiaomi-redmi-poco-โคราช,Android owns ecosystem/category intent; brand pages own brand-qualified queries and brand-specific valuation factors.
APPLE_VS_MOBILE,Apple device pages vs mobile intent,HIGH,HOLD_GSC,virtual:apple-hub,TRUE,NO_CONSOLIDATION_WITHOUT_GSC,/รับซื้อ-iphone-โคราช | /รับซื้อ-ipad-โคราช | /รับซื้อ-macbook-โคราช | /รับซื้อ-apple-watch-โคราช | /รับซื้อ-imac-mac-mini-โคราช | /รับซื้อโทรศัพท์มือถือ-โคราช,Apple device pages own exact Apple device intents. They are not semantically children of Mobile. Any future Apple hub remains virtual until separately released.
TABLET_VS_IPAD,Generic tablet vs iPad,HIGH,DIFFERENTIATE,/รับซื้อแท็บเล็ต-โคราช,TRUE,KEEP_BOTH_DIFFERENTIATE,/รับซื้อแท็บเล็ต-โคราช | /รับซื้อ-ipad-โคราช,Generic tablet owns non-brand/generic tablet intent; iPad owns Apple/iPad-qualified intent. Generic tablet copy should explicitly distinguish Android/other tablets from iPad coverage.
B2B_BULK_FAMILY,Bulk/company/office liquidation pages,HIGH,HOLD_GSC,/รับซื้อสินค้าไอทียกล็อต,TRUE,DIFFERENTIATE_THEN_REVIEW_GSC,/รับซื้อสินค้าไอทียกล็อต | /รับซื้อคอมบริษัท-โคราช | /ขายคอมหลายเครื่อง-โคราช | /ขายอุปกรณ์ไอทียกสำนักงาน-โคราช | /บริษัทปิดกิจการขายอุปกรณ์ไอที | /รับซื้ออุปกรณ์สำนักงาน,"Bulk hub owns generic multi-unit IT sale. Company-computer, many-computers, office-clearance, business-closure, and office-equipment pages must each own a distinct seller scenario or inventory class."
GENERIC_IT_CONDITIONS,Generic IT condition pages,MEDIUM,DIFFERENTIATE,/รับซื้อสินค้าไอที,TRUE,KEEP_ALL_DIFFERENTIATE,/รับซื้อสินค้าไอที | /รับซื้อสินค้าไอทีไม่มีอุปกรณ์-โคราช | /รับซื้อสินค้าไอทีไม่ได้ใช้งาน-โคราช,Generic hub owns category intent. 'ไม่มีอุปกรณ์' owns missing-accessory condition; 'ไม่ได้ใช้งาน' owns unused/idle-device seller scenario.
GAMING_CONSOLE_FAMILY,Gaming console hub vs platform pages,LOW,KEEP,/รับซื้อเครื่องเกม-โคราช,FALSE,KEEP_ALL,/รับซื้อเครื่องเกม-โคราช | /รับซื้อ-playstation-โคราช | /รับซื้อ-nintendo-switch-โคราช,Gaming hub owns generic console intent; platform pages own PlayStation and Nintendo Switch qualified queries.
CAMERA_FAMILY,Camera vs lens,LOW,KEEP,/รับซื้อกล้อง-โคราช,FALSE,KEEP_BOTH,/รับซื้อกล้อง-โคราช | /รับซื้อเลนส์กล้อง-โคราช,Camera page owns camera-body/general camera intent; lens page owns lens-only intent and lens-specific condition/value factors.
SELLER_JOURNEY_FAMILY,Seller journey pages,LOW,KEEP,/วิธีขายสินค้า,FALSE,KEEP_ALL,/วิธีขายสินค้า | /วิธีประเมินราคา | /ส่งสินค้าไอทีมาประเมิน | /บริการรับซื้อถึงที่โคราช,"Journey hub owns overall process. Valuation, shipping, and onsite pickup own separate process-step intents."
LOCAL_AREA_FAMILY,Korat local-area pages,HIGH,HOLD_GSC,/พื้นที่,TRUE,KEEP_HUB_AND_AREAS_REVIEW_GSC_BEFORE_CONSOLIDATION,/พื้นที่ | /พื้นที่/เมืองนครราชสีมา | /พื้นที่/ปากช่อง | /พื้นที่/ปักธงชัย | /พื้นที่/สูงเนิน | /พื้นที่/สีคิ้ว | /พื้นที่/พิมาย | /พื้นที่/โชคชัย | /พื้นที่/โนนสูง | /พื้นที่/ด่านขุนทด | /พื้นที่/บัวใหญ่ | /พื้นที่/มหาวิทยาลัยเทคโนโลยีสุรนารี,The /พื้นที่ hub owns broad Korat/Nakhon Ratchasima area-discovery intent. Each child area owns genuine place-qualified intent and local-specific proof/context. No district is parent of another unrelated district; consolidation still requires GSC plus content-uniqueness review.
ARTICLE_SERVICE_INTENT_SPLIT,Informational guides vs transactional money pages,MEDIUM,KEEP,/บทความ,TRUE,KEEP_INTENT_SPLIT,/บทความ/ปัจจัยที่ทำให้ราคาการ์ดจอมือสองแตกต่างกัน | /รับซื้อการ์ดจอ-โคราช | /บทความ/ข้อควรรู้ก่อนขายกล้องและเลนส์มือสอง | /รับซื้อกล้อง-โคราช | /รับซื้อเลนส์กล้อง-โคราช | /บทความ/วิธีออกจาก-icloud-ก่อนขาย-iphone-หรือ-ipad | /รับซื้อ-iphone-โคราช | /รับซื้อ-ipad-โคราช | /บทความ/วิธีเช็กสเปกโน๊ตบุ๊คก่อนส่งประเมิน | /รับซื้อโน๊ตบุ๊ค-โคราช | /บทความ/ขายคอมหลายเครื่องควรเตรียมรายการอย่างไร | /ขายคอมหลายเครื่อง-โคราช,Articles own informational/how-to queries; service pages own transactional local sell/buy queries. Article titles/H1s must not become local money-page substitutes.
ARTICLE_INTERNAL_OVERLAP,Potentially overlapping preparation/privacy guides,MEDIUM,HOLD_GSC,/บทความ,TRUE,REVIEW_GSC_BEFORE_CONTENT_CONSOLIDATION,/บทความ/ssd-และข้อมูลส่วนตัวควรจัดการอย่างไรก่อนขาย | /บทความ/วิธีลบข้อมูลก่อนขายคอมพิวเตอร์ | /บทความ/เตรียมโน๊ตบุ๊คก่อนขายอย่างไร | /บทความ/วิธีเช็กสเปกโน๊ตบุ๊คก่อนส่งประเมิน | /บทความ/เช็กราคาสินค้าไอทีก่อนขายต้องดูอะไรบ้าง | /บทความ/วิธีถ่ายรูปสินค้าไอทีเพื่อให้ประเมินราคาได้เร็ว,"Keep preparation, privacy, specification, pricing, and photography guides semantically distinct. Review query overlap before merging any guide pair."
