url,title,cluster,intent,ownershipRisk,commercialTargets,urlParent,runtimeState
/บทความ/ssd-และข้อมูลส่วนตัวควรจัดการอย่างไรก่อนขาย,SSD และข้อมูลส่วนตัวควรจัดการอย่างไรก่อนขาย,DATA_SECURITY,Informational: storage/data privacy before selling a computer or notebook,MEDIUM,/รับซื้อคอมพิวเตอร์-โคราช | /รับซื้อโน๊ตบุ๊ค-โคราช | /วิธีประเมินราคา,/บทความ,LIVE_GUIDE_CURATED_BATCH_7
/บทความ/กล่องและอุปกรณ์มีผลต่อราคามือสองหรือไม่,กล่องและอุปกรณ์มีผลต่อราคามือสองหรือไม่,SELLER_PREPARATION,Informational: how accessories/box affect valuation,LOW,/วิธีประเมินราคา | /รับซื้อสินค้าไอที | /วิธีขายสินค้า,/บทความ,LIVE_GUIDE_CURATED_BATCH_7
/บทความ/ขายคอมหลายเครื่องควรเตรียมรายการอย่างไร,ขายคอมหลายเครื่องควรเตรียมรายการอย่างไร,B2B_BULK,Informational: preparing a multi-computer asset list,MEDIUM,/ขายคอมหลายเครื่อง-โคราช | /รับซื้อสินค้าไอทียกล็อต | /วิธีประเมินราคา,/บทความ,LIVE_GUIDE_CURATED_BATCH_7
/บทความ/ขายอุปกรณ์ไอทีของบริษัทต้องเตรียมเอกสารอะไร,ขายอุปกรณ์ไอทีของบริษัทต้องเตรียมเอกสารอะไร,B2B_BULK,Informational: company documents and ownership preparation,MEDIUM,/รับซื้อสินค้าไอทียกล็อต | /บริษัทปิดกิจการขายอุปกรณ์ไอที | /ขายอุปกรณ์ไอทียกสำนักงาน-โคราช,/บทความ,LIVE_GUIDE_CURATED_BATCH_7
/บทความ/ข้อควรรู้ก่อนขายกล้องและเลนส์มือสอง,ข้อควรรู้ก่อนขายกล้องและเลนส์มือสอง,DEVICE_VALUATION,Informational: camera/lens condition and valuation preparation,LOW,/รับซื้อกล้อง-โคราช | /รับซื้อเลนส์กล้อง-โคราช | /วิธีประเมินราคา,/บทความ,LIVE_GUIDE_CURATED_BATCH_7
/บทความ/ปัจจัยที่ทำให้ราคาการ์ดจอมือสองแตกต่างกัน,ปัจจัยที่ทำให้ราคาการ์ดจอมือสองแตกต่างกัน,DEVICE_VALUATION,Informational: GPU valuation factors,MEDIUM,/รับซื้อการ์ดจอ-โคราช | /รับซื้อคอมพิวเตอร์-โคราช | /วิธีประเมินราคา,/บทความ,LIVE_GUIDE_CURATED_BATCH_7
/บทความ/วิธีถ่ายรูปสินค้าไอทีเพื่อให้ประเมินราคาได้เร็ว,วิธีถ่ายรูปสินค้าไอทีเพื่อให้ประเมินราคาได้เร็ว,SELLER_PREPARATION,Informational: product photography for remote valuation,LOW,/วิธีประเมินราคา | /ส่งสินค้าไอทีมาประเมิน | /วิธีขายสินค้า,/บทความ,LIVE_GUIDE_CURATED_BATCH_7
/บทความ/วิธีลบข้อมูลก่อนขายคอมพิวเตอร์,วิธีลบข้อมูลก่อนขายคอมพิวเตอร์,DATA_SECURITY,Informational: erase/reset computer data before sale,MEDIUM,/รับซื้อคอมพิวเตอร์-โคราช | /รับซื้อโน๊ตบุ๊ค-โคราช | /วิธีขายสินค้า,/บทความ,LIVE_GUIDE_CURATED_BATCH_7
/บทความ/วิธีออกจาก-icloud-ก่อนขาย-iphone-หรือ-ipad,วิธีออกจาก iCloud ก่อนขาย iPhone หรือ iPad,DATA_SECURITY,Informational: iCloud/Find My account removal before sale,LOW,/รับซื้อ-iphone-โคราช | /รับซื้อ-ipad-โคราช | /วิธีขายสินค้า,/บทความ,LIVE_GUIDE_CURATED_BATCH_7
/บทความ/วิธีออกจากบัญชี-google-ก่อนขายโทรศัพท์-android,วิธีออกจากบัญชี Google ก่อนขายโทรศัพท์ Android,DATA_SECURITY,Informational: Google account/FRP preparation before Android sale,LOW,/รับซื้อโทรศัพท์-android-โคราช | /รับซื้อโทรศัพท์มือถือ-โคราช | /วิธีขายสินค้า,/บทความ,LIVE_GUIDE_CURATED_BATCH_7
/บทความ/วิธีเช็กสเปกโน๊ตบุ๊คก่อนส่งประเมิน,วิธีเช็กสเปกโน๊ตบุ๊คก่อนส่งประเมิน,NOTEBOOK_PREPARATION,Informational: identify notebook specifications for valuation,MEDIUM,/รับซื้อโน๊ตบุ๊ค-โคราช | /วิธีประเมินราคา | /ส่งสินค้าไอทีมาประเมิน,/บทความ,LIVE_GUIDE_CURATED_BATCH_7
/บทความ/สินค้าไอทีเปิดไม่ติดยังประเมินราคาได้อย่างไร,สินค้าไอทีเปิดไม่ติดยังประเมินราคาได้อย่างไร,NOTEBOOK_PREPARATION,Informational: valuation workflow for non-booting IT products,MEDIUM,/รับซื้อโน๊ตบุ๊คเปิดไม่ติด-โคราช | /รับซื้อสินค้าไอที | /วิธีประเมินราคา,/บทความ,LIVE_GUIDE_CURATED_BATCH_7
/บทความ/ส่งโน๊ตบุ๊คหรือโทรศัพท์อย่างไรให้ปลอดภัย,ส่งโน๊ตบุ๊คหรือโทรศัพท์อย่างไรให้ปลอดภัย,SELLER_PREPARATION,Informational: packaging/shipping devices for valuation,LOW,/ส่งสินค้าไอทีมาประเมิน | /วิธีขายสินค้า | /รับซื้อสินค้าไอที,/บทความ,LIVE_GUIDE_CURATED_BATCH_7
/บทความ/เช็กราคาสินค้าไอทีก่อนขายต้องดูอะไรบ้าง,เช็กราคาสินค้าไอทีก่อนขายต้องดูอะไรบ้าง,SELLER_PREPARATION,Informational: general factors for checking used IT value,MEDIUM,/วิธีประเมินราคา | /รับซื้อสินค้าไอที | /วิธีขายสินค้า,/บทความ,LIVE_GUIDE_CURATED_BATCH_7
/บทความ/เตรียมโน๊ตบุ๊คก่อนขายอย่างไร,เตรียมโน๊ตบุ๊คก่อนขายอย่างไร,NOTEBOOK_PREPARATION,Informational: complete notebook preparation before selling,MEDIUM,/รับซื้อโน๊ตบุ๊ค-โคราช | /วิธีขายสินค้า | /ส่งสินค้าไอทีมาประเมิน,/บทความ,LIVE_GUIDE_CURATED_BATCH_7
