rank,url,node_type,parent,cluster,priority,release_state,release_basis,index_policy
1,/รับซื้อโน๊ตบุ๊ค-lenovo-yoga-โคราช,SERIES,/รับซื้อโน๊ตบุ๊ค-lenovo-โคราช,NOTEBOOK,P1,RELEASED_W2_MANUAL,MANUAL_APPROVAL_OVERRIDE_WITHOUT_REAL_W1_PERFORMANCE_ATTESTATION,INDEX
2,/รับซื้อโน๊ตบุ๊ค-hp-pavilion-โคราช,SERIES,/รับซื้อโน๊ตบุ๊ค-hp-โคราช,NOTEBOOK,P1,RELEASED_W2_MANUAL,MANUAL_APPROVAL_OVERRIDE_WITHOUT_REAL_W1_PERFORMANCE_ATTESTATION,INDEX
3,/รับซื้อโน๊ตบุ๊ค-hp-probook-โคราช,SERIES,/รับซื้อโน๊ตบุ๊ค-hp-โคราช,NOTEBOOK,P1,RELEASED_W2_MANUAL,MANUAL_APPROVAL_OVERRIDE_WITHOUT_REAL_W1_PERFORMANCE_ATTESTATION,INDEX
4,/รับซื้อโน๊ตบุ๊ค-hp-elitebook-โคราช,SERIES,/รับซื้อโน๊ตบุ๊ค-hp-โคราช,NOTEBOOK,P1,RELEASED_W2_MANUAL,MANUAL_APPROVAL_OVERRIDE_WITHOUT_REAL_W1_PERFORMANCE_ATTESTATION,INDEX
5,/รับซื้อโน๊ตบุ๊ค-msi-katana-โคราช,SERIES,/รับซื้อโน๊ตบุ๊ค-msi-โคราช,NOTEBOOK,P1,RELEASED_W2_MANUAL,MANUAL_APPROVAL_OVERRIDE_WITHOUT_REAL_W1_PERFORMANCE_ATTESTATION,INDEX
6,/รับซื้อโน๊ตบุ๊ค-msi-cyborg-โคราช,SERIES,/รับซื้อโน๊ตบุ๊ค-msi-โคราช,NOTEBOOK,P1,RELEASED_W2_MANUAL,MANUAL_APPROVAL_OVERRIDE_WITHOUT_REAL_W1_PERFORMANCE_ATTESTATION,INDEX
7,/รับซื้อโน๊ตบุ๊ค-msi-stealth-โคราช,SERIES,/รับซื้อโน๊ตบุ๊ค-msi-โคราช,NOTEBOOK,P1,RELEASED_W2_MANUAL,MANUAL_APPROVAL_OVERRIDE_WITHOUT_REAL_W1_PERFORMANCE_ATTESTATION,INDEX
8,/รับซื้อโน๊ตบุ๊ค-msi-raider-โคราช,SERIES,/รับซื้อโน๊ตบุ๊ค-msi-โคราช,NOTEBOOK,P1,RELEASED_W2_MANUAL,MANUAL_APPROVAL_OVERRIDE_WITHOUT_REAL_W1_PERFORMANCE_ATTESTATION,INDEX
9,/รับซื้อโน๊ตบุ๊ค-msi-modern-โคราช,SERIES,/รับซื้อโน๊ตบุ๊ค-msi-โคราช,NOTEBOOK,P1,RELEASED_W2_MANUAL,MANUAL_APPROVAL_OVERRIDE_WITHOUT_REAL_W1_PERFORMANCE_ATTESTATION,INDEX
10,/รับซื้อโน๊ตบุ๊ค-msi-prestige-โคราช,SERIES,/รับซื้อโน๊ตบุ๊ค-msi-โคราช,NOTEBOOK,P1,RELEASED_W2_MANUAL,MANUAL_APPROVAL_OVERRIDE_WITHOUT_REAL_W1_PERFORMANCE_ATTESTATION,INDEX
11,/รับซื้อโน๊ตบุ๊ค-gigabyte-g5-โคราช,SERIES,/รับซื้อโน๊ตบุ๊ค-gigabyte-โคราช,NOTEBOOK,P1,RELEASED_W2_MANUAL,MANUAL_APPROVAL_OVERRIDE_WITHOUT_REAL_W1_PERFORMANCE_ATTESTATION,INDEX
12,/รับซื้อโน๊ตบุ๊ค-gigabyte-aorus-โคราช,SERIES,/รับซื้อโน๊ตบุ๊ค-gigabyte-โคราช,NOTEBOOK,P1,RELEASED_W2_MANUAL,MANUAL_APPROVAL_OVERRIDE_WITHOUT_REAL_W1_PERFORMANCE_ATTESTATION,INDEX
13,/รับซื้อโน๊ตบุ๊ค-gigabyte-aero-โคราช,SERIES,/รับซื้อโน๊ตบุ๊ค-gigabyte-โคราช,NOTEBOOK,P1,RELEASED_W2_MANUAL,MANUAL_APPROVAL_OVERRIDE_WITHOUT_REAL_W1_PERFORMANCE_ATTESTATION,INDEX
14,/รับซื้อโน๊ตบุ๊ค-surface-laptop-โคราช,SERIES,/รับซื้อ-microsoft-surface-โคราช,NOTEBOOK,P1,RELEASED_W2_MANUAL,MANUAL_APPROVAL_OVERRIDE_WITHOUT_REAL_W1_PERFORMANCE_ATTESTATION,INDEX
15,/รับซื้อโน๊ตบุ๊ค-surface-pro-โคราช,SERIES,/รับซื้อ-microsoft-surface-โคราช,NOTEBOOK,P1,RELEASED_W2_MANUAL,MANUAL_APPROVAL_OVERRIDE_WITHOUT_REAL_W1_PERFORMANCE_ATTESTATION,INDEX
16,/รับซื้อโน๊ตบุ๊ค-huawei-matebook-d-โคราช,SERIES,/รับซื้อโน๊ตบุ๊ค-huawei-โคราช,NOTEBOOK,P1,RELEASED_W2_MANUAL,MANUAL_APPROVAL_OVERRIDE_WITHOUT_REAL_W1_PERFORMANCE_ATTESTATION,INDEX
17,/รับซื้อโน๊ตบุ๊ค-huawei-matebook-x-โคราช,SERIES,/รับซื้อโน๊ตบุ๊ค-huawei-โคราช,NOTEBOOK,P1,RELEASED_W2_MANUAL,MANUAL_APPROVAL_OVERRIDE_WITHOUT_REAL_W1_PERFORMANCE_ATTESTATION,INDEX
18,/รับซื้อโน๊ตบุ๊ค-samsung-galaxy-book-series-โคราช,SERIES,/รับซื้อ-samsung-galaxy-book-โคราช,NOTEBOOK,P1,RELEASED_W2_MANUAL,MANUAL_APPROVAL_OVERRIDE_WITHOUT_REAL_W1_PERFORMANCE_ATTESTATION,INDEX
19,/รับซื้อ-samsung-galaxy-s-โคราช,SERIES,/รับซื้อโทรศัพท์-samsung-โคราช,MOBILE,P1,RELEASED_W2_MANUAL,MANUAL_APPROVAL_OVERRIDE_WITHOUT_REAL_W1_PERFORMANCE_ATTESTATION,INDEX
20,/รับซื้อ-samsung-galaxy-a-โคราช,SERIES,/รับซื้อโทรศัพท์-samsung-โคราช,MOBILE,P1,RELEASED_W2_MANUAL,MANUAL_APPROVAL_OVERRIDE_WITHOUT_REAL_W1_PERFORMANCE_ATTESTATION,INDEX
21,/รับซื้อ-samsung-galaxy-z-โคราช,SERIES,/รับซื้อโทรศัพท์-samsung-โคราช,MOBILE,P1,RELEASED_W2_MANUAL,MANUAL_APPROVAL_OVERRIDE_WITHOUT_REAL_W1_PERFORMANCE_ATTESTATION,INDEX
22,/รับซื้อ-oppo-reno-โคราช,SERIES,/รับซื้อโทรศัพท์-oppo-โคราช,MOBILE,P1,RELEASED_W2_MANUAL,MANUAL_APPROVAL_OVERRIDE_WITHOUT_REAL_W1_PERFORMANCE_ATTESTATION,INDEX
23,/รับซื้อ-vivo-v-series-โคราช,SERIES,/รับซื้อโทรศัพท์-vivo-โคราช,MOBILE,P1,RELEASED_W2_MANUAL,MANUAL_APPROVAL_OVERRIDE_WITHOUT_REAL_W1_PERFORMANCE_ATTESTATION,INDEX
24,/รับซื้อ-xiaomi-series-โคราช,SERIES,/รับซื้อโทรศัพท์-xiaomi-redmi-poco-โคราช,MOBILE,P1,RELEASED_W2_MANUAL,MANUAL_APPROVAL_OVERRIDE_WITHOUT_REAL_W1_PERFORMANCE_ATTESTATION,INDEX
25,/รับซื้อ-redmi-note-โคราช,SERIES,/รับซื้อโทรศัพท์-xiaomi-redmi-poco-โคราช,MOBILE,P1,RELEASED_W2_MANUAL,MANUAL_APPROVAL_OVERRIDE_WITHOUT_REAL_W1_PERFORMANCE_ATTESTATION,INDEX
26,/รับซื้อ-poco-f-series-โคราช,SERIES,/รับซื้อโทรศัพท์-xiaomi-redmi-poco-โคราช,MOBILE,P1,RELEASED_W2_MANUAL,MANUAL_APPROVAL_OVERRIDE_WITHOUT_REAL_W1_PERFORMANCE_ATTESTATION,INDEX
27,/รับซื้อกล้อง-sony-alpha-a7-โคราช,SERIES,/รับซื้อกล้อง-sony-โคราช,CAMERA,P1,RELEASED_W2_MANUAL,MANUAL_APPROVAL_OVERRIDE_WITHOUT_REAL_W1_PERFORMANCE_ATTESTATION,INDEX
28,/รับซื้อกล้อง-canon-eos-r-โคราช,SERIES,/รับซื้อกล้อง-canon-โคราช,CAMERA,P1,RELEASED_W2_MANUAL,MANUAL_APPROVAL_OVERRIDE_WITHOUT_REAL_W1_PERFORMANCE_ATTESTATION,INDEX
29,/รับซื้อกล้อง-fujifilm-x-series-โคราช,SERIES,/รับซื้อกล้อง-fujifilm-โคราช,CAMERA,P1,RELEASED_W2_MANUAL,MANUAL_APPROVAL_OVERRIDE_WITHOUT_REAL_W1_PERFORMANCE_ATTESTATION,INDEX
30,/รับซื้อกล้อง-nikon-z-โคราช,SERIES,/รับซื้อกล้อง-nikon-โคราช,CAMERA,P1,RELEASED_W2_MANUAL,MANUAL_APPROVAL_OVERRIDE_WITHOUT_REAL_W1_PERFORMANCE_ATTESTATION,INDEX
31,/รับซื้อ-asus-rog-zephyrus-g14-โคราช,MODEL,/รับซื้อโน๊ตบุ๊ค-asus-rog-โคราช,NOTEBOOK,P1,RELEASED_W2_MANUAL,MANUAL_APPROVAL_OVERRIDE_WITHOUT_REAL_W1_PERFORMANCE_ATTESTATION,INDEX
32,/รับซื้อ-asus-rog-zephyrus-g16-โคราช,MODEL,/รับซื้อโน๊ตบุ๊ค-asus-rog-โคราช,NOTEBOOK,P1,RELEASED_W2_MANUAL,MANUAL_APPROVAL_OVERRIDE_WITHOUT_REAL_W1_PERFORMANCE_ATTESTATION,INDEX
33,/รับซื้อ-asus-rog-strix-g16-โคราช,MODEL,/รับซื้อโน๊ตบุ๊ค-asus-rog-โคราช,NOTEBOOK,P1,RELEASED_W2_MANUAL,MANUAL_APPROVAL_OVERRIDE_WITHOUT_REAL_W1_PERFORMANCE_ATTESTATION,INDEX
34,/รับซื้อ-asus-tuf-a15-โคราช,MODEL,/รับซื้อโน๊ตบุ๊ค-asus-tuf-gaming-โคราช,NOTEBOOK,P1,RELEASED_W2_MANUAL,MANUAL_APPROVAL_OVERRIDE_WITHOUT_REAL_W1_PERFORMANCE_ATTESTATION,INDEX
35,/รับซื้อ-dell-latitude-7440-โคราช,MODEL,/รับซื้อโน๊ตบุ๊ค-dell-latitude-โคราช,NOTEBOOK,P1,RELEASED_W2_MANUAL,MANUAL_APPROVAL_OVERRIDE_WITHOUT_REAL_W1_PERFORMANCE_ATTESTATION,INDEX
36,/รับซื้อ-dell-latitude-7430-โคราช,MODEL,/รับซื้อโน๊ตบุ๊ค-dell-latitude-โคราช,NOTEBOOK,P1,RELEASED_W2_MANUAL,MANUAL_APPROVAL_OVERRIDE_WITHOUT_REAL_W1_PERFORMANCE_ATTESTATION,INDEX
37,/รับซื้อ-lenovo-thinkpad-t14-โคราช,MODEL,/รับซื้อโน๊ตบุ๊ค-lenovo-thinkpad-โคราช,NOTEBOOK,P1,RELEASED_W2_MANUAL,MANUAL_APPROVAL_OVERRIDE_WITHOUT_REAL_W1_PERFORMANCE_ATTESTATION,INDEX
38,/รับซื้อ-lenovo-x1-carbon-โคราช,MODEL,/รับซื้อโน๊ตบุ๊ค-lenovo-thinkpad-โคราช,NOTEBOOK,P1,RELEASED_W2_MANUAL,MANUAL_APPROVAL_OVERRIDE_WITHOUT_REAL_W1_PERFORMANCE_ATTESTATION,INDEX
39,/รับซื้อ-lenovo-legion-5-โคราช,MODEL,/รับซื้อโน๊ตบุ๊ค-lenovo-legion-โคราช,NOTEBOOK,P1,RELEASED_W2_MANUAL,MANUAL_APPROVAL_OVERRIDE_WITHOUT_REAL_W1_PERFORMANCE_ATTESTATION,INDEX
40,/รับซื้อ-lenovo-loq-15-โคราช,MODEL,/รับซื้อโน๊ตบุ๊ค-lenovo-loq-โคราช,NOTEBOOK,P1,RELEASED_W2_MANUAL,MANUAL_APPROVAL_OVERRIDE_WITHOUT_REAL_W1_PERFORMANCE_ATTESTATION,INDEX
41,/รับซื้อ-hp-victus-15-โคราช,MODEL,/รับซื้อโน๊ตบุ๊ค-hp-victus-โคราช,NOTEBOOK,P1,RELEASED_W2_MANUAL,MANUAL_APPROVAL_OVERRIDE_WITHOUT_REAL_W1_PERFORMANCE_ATTESTATION,INDEX
42,/รับซื้อ-hp-omen-16-โคราช,MODEL,/รับซื้อโน๊ตบุ๊ค-hp-omen-โคราช,NOTEBOOK,P1,RELEASED_W2_MANUAL,MANUAL_APPROVAL_OVERRIDE_WITHOUT_REAL_W1_PERFORMANCE_ATTESTATION,INDEX
43,/รับซื้อ-acer-nitro-v-15-โคราช,MODEL,/รับซื้อโน๊ตบุ๊ค-acer-nitro-โคราช,NOTEBOOK,P1,RELEASED_W2_MANUAL,MANUAL_APPROVAL_OVERRIDE_WITHOUT_REAL_W1_PERFORMANCE_ATTESTATION,INDEX
44,/รับซื้อ-acer-predator-helios-neo-16-โคราช,MODEL,/รับซื้อโน๊ตบุ๊ค-acer-predator-โคราช,NOTEBOOK,P1,RELEASED_W2_MANUAL,MANUAL_APPROVAL_OVERRIDE_WITHOUT_REAL_W1_PERFORMANCE_ATTESTATION,INDEX
45,/รับซื้อ-iphone-13-โคราช,MODEL,/รับซื้อ-iphone-โคราช,APPLE,P1,RELEASED_W2_MANUAL,MANUAL_APPROVAL_OVERRIDE_WITHOUT_REAL_W1_PERFORMANCE_ATTESTATION,INDEX
46,/รับซื้อ-iphone-14-pro-โคราช,MODEL,/รับซื้อ-iphone-โคราช,APPLE,P1,RELEASED_W2_MANUAL,MANUAL_APPROVAL_OVERRIDE_WITHOUT_REAL_W1_PERFORMANCE_ATTESTATION,INDEX
47,/รับซื้อ-iphone-15-โคราช,MODEL,/รับซื้อ-iphone-โคราช,APPLE,P1,RELEASED_W2_MANUAL,MANUAL_APPROVAL_OVERRIDE_WITHOUT_REAL_W1_PERFORMANCE_ATTESTATION,INDEX
48,/รับซื้อ-iphone-16-pro-โคราช,MODEL,/รับซื้อ-iphone-โคราช,APPLE,P1,RELEASED_W2_MANUAL,MANUAL_APPROVAL_OVERRIDE_WITHOUT_REAL_W1_PERFORMANCE_ATTESTATION,INDEX
49,/รับซื้อ-macbook-air-m2-โคราช,MODEL,/รับซื้อ-macbook-โคราช,APPLE,P1,RELEASED_W2_MANUAL,MANUAL_APPROVAL_OVERRIDE_WITHOUT_REAL_W1_PERFORMANCE_ATTESTATION,INDEX
50,/รับซื้อ-macbook-air-m3-โคราช,MODEL,/รับซื้อ-macbook-โคราช,APPLE,P1,RELEASED_W2_MANUAL,MANUAL_APPROVAL_OVERRIDE_WITHOUT_REAL_W1_PERFORMANCE_ATTESTATION,INDEX
