group,nodeType,url,parent,cluster,intent,priority,releaseState,indexPolicy,evidenceGate,minimumDiscoveryPaths,contentMinimum
A_BRAND,BRAND,/รับซื้อโน๊ตบุ๊ค-acer-โคราช,/รับซื้อโน๊ตบุ๊ค-โคราช,NOTEBOOK,รับซื้อโน๊ตบุ๊ค Acer โคราช,P1,RELEASED_W1,INDEX,CONTENT_AND_OWNERSHIP_REVIEW,2,UNIQUE_INTENT + MODEL/SERIES FACTS + CONDITION/VALUATION FACTORS + FAQ + INTERNAL LINKS
A_BRAND,BRAND,/รับซื้อโน๊ตบุ๊ค-lenovo-โคราช,/รับซื้อโน๊ตบุ๊ค-โคราช,NOTEBOOK,รับซื้อโน๊ตบุ๊ค Lenovo โคราช,P1,RELEASED_W1,INDEX,CONTENT_AND_OWNERSHIP_REVIEW,2,UNIQUE_INTENT + MODEL/SERIES FACTS + CONDITION/VALUATION FACTORS + FAQ + INTERNAL LINKS
A_BRAND,BRAND,/รับซื้อโน๊ตบุ๊ค-hp-โคราช,/รับซื้อโน๊ตบุ๊ค-โคราช,NOTEBOOK,รับซื้อโน๊ตบุ๊ค HP โคราช,P1,RELEASED_W1,INDEX,CONTENT_AND_OWNERSHIP_REVIEW,2,UNIQUE_INTENT + MODEL/SERIES FACTS + CONDITION/VALUATION FACTORS + FAQ + INTERNAL LINKS
A_BRAND,BRAND,/รับซื้อโน๊ตบุ๊ค-msi-โคราช,/รับซื้อโน๊ตบุ๊ค-โคราช,NOTEBOOK,รับซื้อโน๊ตบุ๊ค MSI โคราช,P1,RELEASED_W1,INDEX,CONTENT_AND_OWNERSHIP_REVIEW,2,UNIQUE_INTENT + MODEL/SERIES FACTS + CONDITION/VALUATION FACTORS + FAQ + INTERNAL LINKS
A_BRAND,BRAND,/รับซื้อโน๊ตบุ๊ค-gigabyte-โคราช,/รับซื้อโน๊ตบุ๊ค-โคราช,NOTEBOOK,รับซื้อโน๊ตบุ๊ค Gigabyte โคราช,P1,RELEASED_W1,INDEX,CONTENT_AND_OWNERSHIP_REVIEW,2,UNIQUE_INTENT + MODEL/SERIES FACTS + CONDITION/VALUATION FACTORS + FAQ + INTERNAL LINKS
A_BRAND,BRAND,/รับซื้อ-microsoft-surface-โคราช,/รับซื้อโน๊ตบุ๊ค-โคราช,NOTEBOOK,รับซื้อ Microsoft Surface โคราช,P1,RELEASED_W1,INDEX,CONTENT_AND_OWNERSHIP_REVIEW,2,UNIQUE_INTENT + MODEL/SERIES FACTS + CONDITION/VALUATION FACTORS + FAQ + INTERNAL LINKS
A_BRAND,BRAND,/รับซื้อโน๊ตบุ๊ค-huawei-โคราช,/รับซื้อโน๊ตบุ๊ค-โคราช,NOTEBOOK,รับซื้อโน๊ตบุ๊ค Huawei โคราช,P1,RELEASED_W1,INDEX,CONTENT_AND_OWNERSHIP_REVIEW,2,UNIQUE_INTENT + MODEL/SERIES FACTS + CONDITION/VALUATION FACTORS + FAQ + INTERNAL LINKS
A_BRAND,BRAND,/รับซื้อ-samsung-galaxy-book-โคราช,/รับซื้อโน๊ตบุ๊ค-โคราช,NOTEBOOK,รับซื้อ Samsung Galaxy Book โคราช,P1,RELEASED_W1,INDEX,CONTENT_AND_OWNERSHIP_REVIEW,2,UNIQUE_INTENT + MODEL/SERIES FACTS + CONDITION/VALUATION FACTORS + FAQ + INTERNAL LINKS
A_BRAND,BRAND,/รับซื้อโทรศัพท์-realme-โคราช,/รับซื้อโทรศัพท์-android-โคราช,MOBILE,รับซื้อโทรศัพท์ realme โคราช,P1,RELEASED_W1,INDEX,CONTENT_AND_OWNERSHIP_REVIEW,2,UNIQUE_INTENT + MODEL/SERIES FACTS + CONDITION/VALUATION FACTORS + FAQ + INTERNAL LINKS
A_BRAND,BRAND,/รับซื้อโทรศัพท์-honor-โคราช,/รับซื้อโทรศัพท์-android-โคราช,MOBILE,รับซื้อโทรศัพท์ HONOR โคราช,P1,RELEASED_W1,INDEX,CONTENT_AND_OWNERSHIP_REVIEW,2,UNIQUE_INTENT + MODEL/SERIES FACTS + CONDITION/VALUATION FACTORS + FAQ + INTERNAL LINKS
A_BRAND,BRAND,/รับซื้อโทรศัพท์-huawei-โคราช,/รับซื้อโทรศัพท์-android-โคราช,MOBILE,รับซื้อโทรศัพท์ Huawei โคราช,P1,RELEASED_W1,INDEX,CONTENT_AND_OWNERSHIP_REVIEW,2,UNIQUE_INTENT + MODEL/SERIES FACTS + CONDITION/VALUATION FACTORS + FAQ + INTERNAL LINKS
A_BRAND,BRAND,/รับซื้อโทรศัพท์-motorola-โคราช,/รับซื้อโทรศัพท์-android-โคราช,MOBILE,รับซื้อโทรศัพท์ Motorola โคราช,P1,RELEASED_W1,INDEX,CONTENT_AND_OWNERSHIP_REVIEW,2,UNIQUE_INTENT + MODEL/SERIES FACTS + CONDITION/VALUATION FACTORS + FAQ + INTERNAL LINKS
A_BRAND,BRAND,/รับซื้อโทรศัพท์-nothing-โคราช,/รับซื้อโทรศัพท์-android-โคราช,MOBILE,รับซื้อโทรศัพท์ Nothing โคราช,P1,RELEASED_W1,INDEX,CONTENT_AND_OWNERSHIP_REVIEW,2,UNIQUE_INTENT + MODEL/SERIES FACTS + CONDITION/VALUATION FACTORS + FAQ + INTERNAL LINKS
A_BRAND,BRAND,/รับซื้อกล้อง-sony-โคราช,/รับซื้อกล้อง-โคราช,CAMERA,รับซื้อกล้อง Sony โคราช,P1,RELEASED_W1,INDEX,CONTENT_AND_OWNERSHIP_REVIEW,2,UNIQUE_INTENT + MODEL/SERIES FACTS + CONDITION/VALUATION FACTORS + FAQ + INTERNAL LINKS
A_BRAND,BRAND,/รับซื้อกล้อง-canon-โคราช,/รับซื้อกล้อง-โคราช,CAMERA,รับซื้อกล้อง Canon โคราช,P1,RELEASED_W1,INDEX,CONTENT_AND_OWNERSHIP_REVIEW,2,UNIQUE_INTENT + MODEL/SERIES FACTS + CONDITION/VALUATION FACTORS + FAQ + INTERNAL LINKS
A_BRAND,BRAND,/รับซื้อกล้อง-fujifilm-โคราช,/รับซื้อกล้อง-โคราช,CAMERA,รับซื้อกล้อง Fujifilm โคราช,P1,RELEASED_W1,INDEX,CONTENT_AND_OWNERSHIP_REVIEW,2,UNIQUE_INTENT + MODEL/SERIES FACTS + CONDITION/VALUATION FACTORS + FAQ + INTERNAL LINKS
A_BRAND,BRAND,/รับซื้อกล้อง-nikon-โคราช,/รับซื้อกล้อง-โคราช,CAMERA,รับซื้อกล้อง Nikon โคราช,P1,RELEASED_W1,INDEX,CONTENT_AND_OWNERSHIP_REVIEW,2,UNIQUE_INTENT + MODEL/SERIES FACTS + CONDITION/VALUATION FACTORS + FAQ + INTERNAL LINKS
A_BRAND,BRAND,/รับซื้อกล้อง-panasonic-lumix-โคราช,/รับซื้อกล้อง-โคราช,CAMERA,รับซื้อกล้อง Panasonic Lumix โคราช,P1,RELEASED_W1,INDEX,CONTENT_AND_OWNERSHIP_REVIEW,2,UNIQUE_INTENT + MODEL/SERIES FACTS + CONDITION/VALUATION FACTORS + FAQ + INTERNAL LINKS
A_BRAND,BRAND,/รับซื้อกล้อง-om-system-olympus-โคราช,/รับซื้อกล้อง-โคราช,CAMERA,รับซื้อกล้อง OM System Olympus โคราช,P1,RELEASED_W1,INDEX,CONTENT_AND_OWNERSHIP_REVIEW,2,UNIQUE_INTENT + MODEL/SERIES FACTS + CONDITION/VALUATION FACTORS + FAQ + INTERNAL LINKS
A_BRAND,BRAND,/รับซื้อจอมอนิเตอร์-lg-โคราช,/รับซื้อจอมอนิเตอร์-โคราช,COMPUTER,รับซื้อจอมอนิเตอร์ LG โคราช,P1,RELEASED_W1,INDEX,CONTENT_AND_OWNERSHIP_REVIEW,2,UNIQUE_INTENT + MODEL/SERIES FACTS + CONDITION/VALUATION FACTORS + FAQ + INTERNAL LINKS
A_BRAND,BRAND,/รับซื้อจอมอนิเตอร์-samsung-โคราช,/รับซื้อจอมอนิเตอร์-โคราช,COMPUTER,รับซื้อจอมอนิเตอร์ Samsung โคราช,P1,RELEASED_W1,INDEX,CONTENT_AND_OWNERSHIP_REVIEW,2,UNIQUE_INTENT + MODEL/SERIES FACTS + CONDITION/VALUATION FACTORS + FAQ + INTERNAL LINKS
A_BRAND,BRAND,/รับซื้อจอมอนิเตอร์-dell-โคราช,/รับซื้อจอมอนิเตอร์-โคราช,COMPUTER,รับซื้อจอมอนิเตอร์ Dell โคราช,P1,RELEASED_W1,INDEX,CONTENT_AND_OWNERSHIP_REVIEW,2,UNIQUE_INTENT + MODEL/SERIES FACTS + CONDITION/VALUATION FACTORS + FAQ + INTERNAL LINKS
A_BRAND,BRAND,/รับซื้ออุปกรณ์-logitech-โคราช,/รับซื้ออุปกรณ์คอมพิวเตอร์-โคราช,COMPUTER,รับซื้ออุปกรณ์ Logitech โคราช,P1,RELEASED_W1,INDEX,CONTENT_AND_OWNERSHIP_REVIEW,2,UNIQUE_INTENT + MODEL/SERIES FACTS + CONDITION/VALUATION FACTORS + FAQ + INTERNAL LINKS
A_BRAND,BRAND,/รับซื้ออุปกรณ์-razer-โคราช,/รับซื้ออุปกรณ์คอมพิวเตอร์-โคราช,COMPUTER,รับซื้ออุปกรณ์ Razer โคราช,P1,RELEASED_W1,INDEX,CONTENT_AND_OWNERSHIP_REVIEW,2,UNIQUE_INTENT + MODEL/SERIES FACTS + CONDITION/VALUATION FACTORS + FAQ + INTERNAL LINKS
B_SERIES,SERIES,/รับซื้อโน๊ตบุ๊ค-acer-aspire-โคราช,/รับซื้อโน๊ตบุ๊ค-acer-โคราช,NOTEBOOK,รับซื้อ Acer Aspire โคราช,P1,RELEASED_W1,INDEX,CONTENT_AND_OWNERSHIP_REVIEW,2,UNIQUE_INTENT + MODEL/SERIES FACTS + CONDITION/VALUATION FACTORS + FAQ + INTERNAL LINKS
B_SERIES,SERIES,/รับซื้อโน๊ตบุ๊ค-acer-nitro-โคราช,/รับซื้อโน๊ตบุ๊ค-acer-โคราช,NOTEBOOK,รับซื้อ Acer Nitro โคราช,P1,RELEASED_W1,INDEX,CONTENT_AND_OWNERSHIP_REVIEW,2,UNIQUE_INTENT + MODEL/SERIES FACTS + CONDITION/VALUATION FACTORS + FAQ + INTERNAL LINKS
B_SERIES,SERIES,/รับซื้อโน๊ตบุ๊ค-acer-predator-โคราช,/รับซื้อโน๊ตบุ๊ค-acer-โคราช,NOTEBOOK,รับซื้อ Acer Predator โคราช,P1,RELEASED_W1,INDEX,CONTENT_AND_OWNERSHIP_REVIEW,2,UNIQUE_INTENT + MODEL/SERIES FACTS + CONDITION/VALUATION FACTORS + FAQ + INTERNAL LINKS
B_SERIES,SERIES,/รับซื้อโน๊ตบุ๊ค-acer-swift-โคราช,/รับซื้อโน๊ตบุ๊ค-acer-โคราช,NOTEBOOK,รับซื้อ Acer Swift โคราช,P1,RELEASED_W1,INDEX,CONTENT_AND_OWNERSHIP_REVIEW,2,UNIQUE_INTENT + MODEL/SERIES FACTS + CONDITION/VALUATION FACTORS + FAQ + INTERNAL LINKS
B_SERIES,SERIES,/รับซื้อโน๊ตบุ๊ค-lenovo-ideapad-โคราช,/รับซื้อโน๊ตบุ๊ค-lenovo-โคราช,NOTEBOOK,รับซื้อ Lenovo IdeaPad โคราช,P1,RELEASED_W1,INDEX,CONTENT_AND_OWNERSHIP_REVIEW,2,UNIQUE_INTENT + MODEL/SERIES FACTS + CONDITION/VALUATION FACTORS + FAQ + INTERNAL LINKS
B_SERIES,SERIES,/รับซื้อโน๊ตบุ๊ค-lenovo-thinkpad-โคราช,/รับซื้อโน๊ตบุ๊ค-lenovo-โคราช,NOTEBOOK,รับซื้อ Lenovo ThinkPad โคราช,P1,RELEASED_W1,INDEX,CONTENT_AND_OWNERSHIP_REVIEW,2,UNIQUE_INTENT + MODEL/SERIES FACTS + CONDITION/VALUATION FACTORS + FAQ + INTERNAL LINKS
B_SERIES,SERIES,/รับซื้อโน๊ตบุ๊ค-lenovo-legion-โคราช,/รับซื้อโน๊ตบุ๊ค-lenovo-โคราช,NOTEBOOK,รับซื้อ Lenovo Legion โคราช,P1,RELEASED_W1,INDEX,CONTENT_AND_OWNERSHIP_REVIEW,2,UNIQUE_INTENT + MODEL/SERIES FACTS + CONDITION/VALUATION FACTORS + FAQ + INTERNAL LINKS
B_SERIES,SERIES,/รับซื้อโน๊ตบุ๊ค-lenovo-loq-โคราช,/รับซื้อโน๊ตบุ๊ค-lenovo-โคราช,NOTEBOOK,รับซื้อ Lenovo LOQ โคราช,P1,RELEASED_W1,INDEX,CONTENT_AND_OWNERSHIP_REVIEW,2,UNIQUE_INTENT + MODEL/SERIES FACTS + CONDITION/VALUATION FACTORS + FAQ + INTERNAL LINKS
B_SERIES,SERIES,/รับซื้อโน๊ตบุ๊ค-lenovo-yoga-โคราช,/รับซื้อโน๊ตบุ๊ค-lenovo-โคราช,NOTEBOOK,รับซื้อ Lenovo Yoga โคราช,P1,RELEASED_W2_MANUAL,INDEX,CONTENT_AND_OWNERSHIP_REVIEW,2,UNIQUE_INTENT + MODEL/SERIES FACTS + CONDITION/VALUATION FACTORS + FAQ + INTERNAL LINKS
B_SERIES,SERIES,/รับซื้อโน๊ตบุ๊ค-hp-pavilion-โคราช,/รับซื้อโน๊ตบุ๊ค-hp-โคราช,NOTEBOOK,รับซื้อ HP Pavilion โคราช,P1,RELEASED_W2_MANUAL,INDEX,CONTENT_AND_OWNERSHIP_REVIEW,2,UNIQUE_INTENT + MODEL/SERIES FACTS + CONDITION/VALUATION FACTORS + FAQ + INTERNAL LINKS
B_SERIES,SERIES,/รับซื้อโน๊ตบุ๊ค-hp-victus-โคราช,/รับซื้อโน๊ตบุ๊ค-hp-โคราช,NOTEBOOK,รับซื้อ HP Victus โคราช,P1,RELEASED_W1,INDEX,CONTENT_AND_OWNERSHIP_REVIEW,2,UNIQUE_INTENT + MODEL/SERIES FACTS + CONDITION/VALUATION FACTORS + FAQ + INTERNAL LINKS
B_SERIES,SERIES,/รับซื้อโน๊ตบุ๊ค-hp-omen-โคราช,/รับซื้อโน๊ตบุ๊ค-hp-โคราช,NOTEBOOK,รับซื้อ HP OMEN โคราช,P1,RELEASED_W1,INDEX,CONTENT_AND_OWNERSHIP_REVIEW,2,UNIQUE_INTENT + MODEL/SERIES FACTS + CONDITION/VALUATION FACTORS + FAQ + INTERNAL LINKS
B_SERIES,SERIES,/รับซื้อโน๊ตบุ๊ค-hp-probook-โคราช,/รับซื้อโน๊ตบุ๊ค-hp-โคราช,NOTEBOOK,รับซื้อ HP ProBook โคราช,P1,RELEASED_W2_MANUAL,INDEX,CONTENT_AND_OWNERSHIP_REVIEW,2,UNIQUE_INTENT + MODEL/SERIES FACTS + CONDITION/VALUATION FACTORS + FAQ + INTERNAL LINKS
B_SERIES,SERIES,/รับซื้อโน๊ตบุ๊ค-hp-elitebook-โคราช,/รับซื้อโน๊ตบุ๊ค-hp-โคราช,NOTEBOOK,รับซื้อ HP EliteBook โคราช,P1,RELEASED_W2_MANUAL,INDEX,CONTENT_AND_OWNERSHIP_REVIEW,2,UNIQUE_INTENT + MODEL/SERIES FACTS + CONDITION/VALUATION FACTORS + FAQ + INTERNAL LINKS
B_SERIES,SERIES,/รับซื้อโน๊ตบุ๊ค-msi-katana-โคราช,/รับซื้อโน๊ตบุ๊ค-msi-โคราช,NOTEBOOK,รับซื้อ MSI Katana โคราช,P1,RELEASED_W2_MANUAL,INDEX,CONTENT_AND_OWNERSHIP_REVIEW,2,UNIQUE_INTENT + MODEL/SERIES FACTS + CONDITION/VALUATION FACTORS + FAQ + INTERNAL LINKS
B_SERIES,SERIES,/รับซื้อโน๊ตบุ๊ค-msi-cyborg-โคราช,/รับซื้อโน๊ตบุ๊ค-msi-โคราช,NOTEBOOK,รับซื้อ MSI Cyborg โคราช,P1,RELEASED_W2_MANUAL,INDEX,CONTENT_AND_OWNERSHIP_REVIEW,2,UNIQUE_INTENT + MODEL/SERIES FACTS + CONDITION/VALUATION FACTORS + FAQ + INTERNAL LINKS
B_SERIES,SERIES,/รับซื้อโน๊ตบุ๊ค-msi-stealth-โคราช,/รับซื้อโน๊ตบุ๊ค-msi-โคราช,NOTEBOOK,รับซื้อ MSI Stealth โคราช,P1,RELEASED_W2_MANUAL,INDEX,CONTENT_AND_OWNERSHIP_REVIEW,2,UNIQUE_INTENT + MODEL/SERIES FACTS + CONDITION/VALUATION FACTORS + FAQ + INTERNAL LINKS
B_SERIES,SERIES,/รับซื้อโน๊ตบุ๊ค-msi-raider-โคราช,/รับซื้อโน๊ตบุ๊ค-msi-โคราช,NOTEBOOK,รับซื้อ MSI Raider โคราช,P1,RELEASED_W2_MANUAL,INDEX,CONTENT_AND_OWNERSHIP_REVIEW,2,UNIQUE_INTENT + MODEL/SERIES FACTS + CONDITION/VALUATION FACTORS + FAQ + INTERNAL LINKS
B_SERIES,SERIES,/รับซื้อโน๊ตบุ๊ค-msi-modern-โคราช,/รับซื้อโน๊ตบุ๊ค-msi-โคราช,NOTEBOOK,รับซื้อ MSI Modern โคราช,P1,RELEASED_W2_MANUAL,INDEX,CONTENT_AND_OWNERSHIP_REVIEW,2,UNIQUE_INTENT + MODEL/SERIES FACTS + CONDITION/VALUATION FACTORS + FAQ + INTERNAL LINKS
B_SERIES,SERIES,/รับซื้อโน๊ตบุ๊ค-msi-prestige-โคราช,/รับซื้อโน๊ตบุ๊ค-msi-โคราช,NOTEBOOK,รับซื้อ MSI Prestige โคราช,P1,RELEASED_W2_MANUAL,INDEX,CONTENT_AND_OWNERSHIP_REVIEW,2,UNIQUE_INTENT + MODEL/SERIES FACTS + CONDITION/VALUATION FACTORS + FAQ + INTERNAL LINKS
B_SERIES,SERIES,/รับซื้อโน๊ตบุ๊ค-gigabyte-g5-โคราช,/รับซื้อโน๊ตบุ๊ค-gigabyte-โคราช,NOTEBOOK,รับซื้อ Gigabyte G5 โคราช,P1,RELEASED_W2_MANUAL,INDEX,CONTENT_AND_OWNERSHIP_REVIEW,2,UNIQUE_INTENT + MODEL/SERIES FACTS + CONDITION/VALUATION FACTORS + FAQ + INTERNAL LINKS
B_SERIES,SERIES,/รับซื้อโน๊ตบุ๊ค-gigabyte-aorus-โคราช,/รับซื้อโน๊ตบุ๊ค-gigabyte-โคราช,NOTEBOOK,รับซื้อ Gigabyte AORUS โคราช,P1,RELEASED_W2_MANUAL,INDEX,CONTENT_AND_OWNERSHIP_REVIEW,2,UNIQUE_INTENT + MODEL/SERIES FACTS + CONDITION/VALUATION FACTORS + FAQ + INTERNAL LINKS
B_SERIES,SERIES,/รับซื้อโน๊ตบุ๊ค-gigabyte-aero-โคราช,/รับซื้อโน๊ตบุ๊ค-gigabyte-โคราช,NOTEBOOK,รับซื้อ Gigabyte AERO โคราช,P1,RELEASED_W2_MANUAL,INDEX,CONTENT_AND_OWNERSHIP_REVIEW,2,UNIQUE_INTENT + MODEL/SERIES FACTS + CONDITION/VALUATION FACTORS + FAQ + INTERNAL LINKS
B_SERIES,SERIES,/รับซื้อโน๊ตบุ๊ค-surface-laptop-โคราช,/รับซื้อ-microsoft-surface-โคราช,NOTEBOOK,รับซื้อ Surface Laptop โคราช,P1,RELEASED_W2_MANUAL,INDEX,CONTENT_AND_OWNERSHIP_REVIEW,2,UNIQUE_INTENT + MODEL/SERIES FACTS + CONDITION/VALUATION FACTORS + FAQ + INTERNAL LINKS
B_SERIES,SERIES,/รับซื้อโน๊ตบุ๊ค-surface-pro-โคราช,/รับซื้อ-microsoft-surface-โคราช,NOTEBOOK,รับซื้อ Surface Pro โคราช,P1,RELEASED_W2_MANUAL,INDEX,CONTENT_AND_OWNERSHIP_REVIEW,2,UNIQUE_INTENT + MODEL/SERIES FACTS + CONDITION/VALUATION FACTORS + FAQ + INTERNAL LINKS
B_SERIES,SERIES,/รับซื้อโน๊ตบุ๊ค-huawei-matebook-d-โคราช,/รับซื้อโน๊ตบุ๊ค-huawei-โคราช,NOTEBOOK,รับซื้อ Huawei MateBook D โคราช,P1,RELEASED_W2_MANUAL,INDEX,CONTENT_AND_OWNERSHIP_REVIEW,2,UNIQUE_INTENT + MODEL/SERIES FACTS + CONDITION/VALUATION FACTORS + FAQ + INTERNAL LINKS
B_SERIES,SERIES,/รับซื้อโน๊ตบุ๊ค-huawei-matebook-x-โคราช,/รับซื้อโน๊ตบุ๊ค-huawei-โคราช,NOTEBOOK,รับซื้อ Huawei MateBook X โคราช,P1,RELEASED_W2_MANUAL,INDEX,CONTENT_AND_OWNERSHIP_REVIEW,2,UNIQUE_INTENT + MODEL/SERIES FACTS + CONDITION/VALUATION FACTORS + FAQ + INTERNAL LINKS
B_SERIES,SERIES,/รับซื้อโน๊ตบุ๊ค-samsung-galaxy-book-series-โคราช,/รับซื้อ-samsung-galaxy-book-โคราช,NOTEBOOK,รับซื้อ Samsung Galaxy Book โคราช,P1,RELEASED_W2_MANUAL,INDEX,CONTENT_AND_OWNERSHIP_REVIEW,2,UNIQUE_INTENT + MODEL/SERIES FACTS + CONDITION/VALUATION FACTORS + FAQ + INTERNAL LINKS
B_SERIES,SERIES,/รับซื้อโน๊ตบุ๊ค-asus-tuf-gaming-โคราช,/รับซื้อโน๊ตบุ๊ค-asus-โคราช,NOTEBOOK,รับซื้อ ASUS TUF Gaming โคราช,P1,RELEASED_W1,INDEX,CONTENT_AND_OWNERSHIP_REVIEW,2,UNIQUE_INTENT + MODEL/SERIES FACTS + CONDITION/VALUATION FACTORS + FAQ + INTERNAL LINKS
B_SERIES,SERIES,/รับซื้อโน๊ตบุ๊ค-asus-vivobook-โคราช,/รับซื้อโน๊ตบุ๊ค-asus-โคราช,NOTEBOOK,รับซื้อ ASUS Vivobook โคราช,P1,RELEASED_W1,INDEX,CONTENT_AND_OWNERSHIP_REVIEW,2,UNIQUE_INTENT + MODEL/SERIES FACTS + CONDITION/VALUATION FACTORS + FAQ + INTERNAL LINKS
B_SERIES,SERIES,/รับซื้อโน๊ตบุ๊ค-asus-zenbook-โคราช,/รับซื้อโน๊ตบุ๊ค-asus-โคราช,NOTEBOOK,รับซื้อ ASUS Zenbook โคราช,P1,RELEASED_W1,INDEX,CONTENT_AND_OWNERSHIP_REVIEW,2,UNIQUE_INTENT + MODEL/SERIES FACTS + CONDITION/VALUATION FACTORS + FAQ + INTERNAL LINKS
B_SERIES,SERIES,/รับซื้อโน๊ตบุ๊ค-dell-inspiron-โคราช,/รับซื้อโน๊ตบุ๊ค-dell-โคราช,NOTEBOOK,รับซื้อ Dell Inspiron โคราช,P1,RELEASED_W1,INDEX,CONTENT_AND_OWNERSHIP_REVIEW,2,UNIQUE_INTENT + MODEL/SERIES FACTS + CONDITION/VALUATION FACTORS + FAQ + INTERNAL LINKS
B_SERIES,SERIES,/รับซื้อโน๊ตบุ๊ค-dell-xps-โคราช,/รับซื้อโน๊ตบุ๊ค-dell-โคราช,NOTEBOOK,รับซื้อ Dell XPS โคราช,P1,RELEASED_W1,INDEX,CONTENT_AND_OWNERSHIP_REVIEW,2,UNIQUE_INTENT + MODEL/SERIES FACTS + CONDITION/VALUATION FACTORS + FAQ + INTERNAL LINKS
B_SERIES,SERIES,/รับซื้อโน๊ตบุ๊ค-dell-alienware-โคราช,/รับซื้อโน๊ตบุ๊ค-dell-โคราช,NOTEBOOK,รับซื้อ Dell Alienware โคราช,P1,RELEASED_W1,INDEX,CONTENT_AND_OWNERSHIP_REVIEW,2,UNIQUE_INTENT + MODEL/SERIES FACTS + CONDITION/VALUATION FACTORS + FAQ + INTERNAL LINKS
B_SERIES,SERIES,/รับซื้อ-samsung-galaxy-s-โคราช,/รับซื้อโทรศัพท์-samsung-โคราช,MOBILE,รับซื้อ Samsung Galaxy S โคราช,P1,RELEASED_W2_MANUAL,INDEX,CONTENT_AND_OWNERSHIP_REVIEW,2,UNIQUE_INTENT + MODEL/SERIES FACTS + CONDITION/VALUATION FACTORS + FAQ + INTERNAL LINKS
B_SERIES,SERIES,/รับซื้อ-samsung-galaxy-a-โคราช,/รับซื้อโทรศัพท์-samsung-โคราช,MOBILE,รับซื้อ Samsung Galaxy A โคราช,P1,RELEASED_W2_MANUAL,INDEX,CONTENT_AND_OWNERSHIP_REVIEW,2,UNIQUE_INTENT + MODEL/SERIES FACTS + CONDITION/VALUATION FACTORS + FAQ + INTERNAL LINKS
B_SERIES,SERIES,/รับซื้อ-samsung-galaxy-z-โคราช,/รับซื้อโทรศัพท์-samsung-โคราช,MOBILE,รับซื้อ Samsung Galaxy Z โคราช,P1,RELEASED_W2_MANUAL,INDEX,CONTENT_AND_OWNERSHIP_REVIEW,2,UNIQUE_INTENT + MODEL/SERIES FACTS + CONDITION/VALUATION FACTORS + FAQ + INTERNAL LINKS
B_SERIES,SERIES,/รับซื้อ-oppo-reno-โคราช,/รับซื้อโทรศัพท์-oppo-โคราช,MOBILE,รับซื้อ OPPO Reno โคราช,P1,RELEASED_W2_MANUAL,INDEX,CONTENT_AND_OWNERSHIP_REVIEW,2,UNIQUE_INTENT + MODEL/SERIES FACTS + CONDITION/VALUATION FACTORS + FAQ + INTERNAL LINKS
B_SERIES,SERIES,/รับซื้อ-oppo-a-series-โคราช,/รับซื้อโทรศัพท์-oppo-โคราช,MOBILE,รับซื้อ OPPO A Series โคราช,P1,RELEASED_W4_MANUAL,INDEX_AFTER_QUALITY_GATE,CONTENT_AND_OWNERSHIP_REVIEW,2,UNIQUE_INTENT + MODEL/SERIES FACTS + CONDITION/VALUATION FACTORS + FAQ + INTERNAL LINKS
B_SERIES,SERIES,/รับซื้อ-vivo-v-series-โคราช,/รับซื้อโทรศัพท์-vivo-โคราช,MOBILE,รับซื้อ vivo V Series โคราช,P1,RELEASED_W2_MANUAL,INDEX,CONTENT_AND_OWNERSHIP_REVIEW,2,UNIQUE_INTENT + MODEL/SERIES FACTS + CONDITION/VALUATION FACTORS + FAQ + INTERNAL LINKS
B_SERIES,SERIES,/รับซื้อ-vivo-y-series-โคราช,/รับซื้อโทรศัพท์-vivo-โคราช,MOBILE,รับซื้อ vivo Y Series โคราช,P1,RELEASED_W4_MANUAL,INDEX_AFTER_QUALITY_GATE,CONTENT_AND_OWNERSHIP_REVIEW,2,UNIQUE_INTENT + MODEL/SERIES FACTS + CONDITION/VALUATION FACTORS + FAQ + INTERNAL LINKS
B_SERIES,SERIES,/รับซื้อ-xiaomi-series-โคราช,/รับซื้อโทรศัพท์-xiaomi-redmi-poco-โคราช,MOBILE,รับซื้อ Xiaomi Series โคราช,P1,RELEASED_W2_MANUAL,INDEX,CONTENT_AND_OWNERSHIP_REVIEW,2,UNIQUE_INTENT + MODEL/SERIES FACTS + CONDITION/VALUATION FACTORS + FAQ + INTERNAL LINKS
B_SERIES,SERIES,/รับซื้อ-redmi-note-โคราช,/รับซื้อโทรศัพท์-xiaomi-redmi-poco-โคราช,MOBILE,รับซื้อ Redmi Note โคราช,P1,RELEASED_W2_MANUAL,INDEX,CONTENT_AND_OWNERSHIP_REVIEW,2,UNIQUE_INTENT + MODEL/SERIES FACTS + CONDITION/VALUATION FACTORS + FAQ + INTERNAL LINKS
B_SERIES,SERIES,/รับซื้อ-redmi-number-series-โคราช,/รับซื้อโทรศัพท์-xiaomi-redmi-poco-โคราช,MOBILE,รับซื้อ Redmi Number Series โคราช,P1,RELEASED_W4_MANUAL,INDEX_AFTER_QUALITY_GATE,CONTENT_AND_OWNERSHIP_REVIEW,2,UNIQUE_INTENT + MODEL/SERIES FACTS + CONDITION/VALUATION FACTORS + FAQ + INTERNAL LINKS
B_SERIES,SERIES,/รับซื้อ-poco-f-series-โคราช,/รับซื้อโทรศัพท์-xiaomi-redmi-poco-โคราช,MOBILE,รับซื้อ POCO F โคราช,P1,RELEASED_W2_MANUAL,INDEX,CONTENT_AND_OWNERSHIP_REVIEW,2,UNIQUE_INTENT + MODEL/SERIES FACTS + CONDITION/VALUATION FACTORS + FAQ + INTERNAL LINKS
B_SERIES,SERIES,/รับซื้อ-poco-x-series-โคราช,/รับซื้อโทรศัพท์-xiaomi-redmi-poco-โคราช,MOBILE,รับซื้อ POCO X โคราช,P1,RELEASED_W4_MANUAL,INDEX_AFTER_QUALITY_GATE,CONTENT_AND_OWNERSHIP_REVIEW,2,UNIQUE_INTENT + MODEL/SERIES FACTS + CONDITION/VALUATION FACTORS + FAQ + INTERNAL LINKS
B_SERIES,SERIES,/รับซื้อ-realme-number-series-โคราช,/รับซื้อโทรศัพท์-realme-โคราช,MOBILE,รับซื้อ realme Number Series โคราช,P1,RELEASED_W4_MANUAL,INDEX_AFTER_QUALITY_GATE,CONTENT_AND_OWNERSHIP_REVIEW,2,UNIQUE_INTENT + MODEL/SERIES FACTS + CONDITION/VALUATION FACTORS + FAQ + INTERNAL LINKS
B_SERIES,SERIES,/รับซื้อ-realme-c-series-โคราช,/รับซื้อโทรศัพท์-realme-โคราช,MOBILE,รับซื้อ realme C Series โคราช,P1,RELEASED_W4_MANUAL,INDEX_AFTER_QUALITY_GATE,CONTENT_AND_OWNERSHIP_REVIEW,2,UNIQUE_INTENT + MODEL/SERIES FACTS + CONDITION/VALUATION FACTORS + FAQ + INTERNAL LINKS
B_SERIES,SERIES,/รับซื้อ-realme-gt-โคราช,/รับซื้อโทรศัพท์-realme-โคราช,MOBILE,รับซื้อ realme GT โคราช,P1,RELEASED_W4_MANUAL,INDEX_AFTER_QUALITY_GATE,CONTENT_AND_OWNERSHIP_REVIEW,2,UNIQUE_INTENT + MODEL/SERIES FACTS + CONDITION/VALUATION FACTORS + FAQ + INTERNAL LINKS
B_SERIES,SERIES,/รับซื้อ-honor-magic-โคราช,/รับซื้อโทรศัพท์-honor-โคราช,MOBILE,รับซื้อ HONOR Magic โคราช,P1,RELEASED_W4_MANUAL,INDEX_AFTER_QUALITY_GATE,CONTENT_AND_OWNERSHIP_REVIEW,2,UNIQUE_INTENT + MODEL/SERIES FACTS + CONDITION/VALUATION FACTORS + FAQ + INTERNAL LINKS
B_SERIES,SERIES,/รับซื้อ-honor-x-โคราช,/รับซื้อโทรศัพท์-honor-โคราช,MOBILE,รับซื้อ HONOR X โคราช,P1,RELEASED_W4_MANUAL,INDEX_AFTER_QUALITY_GATE,CONTENT_AND_OWNERSHIP_REVIEW,2,UNIQUE_INTENT + MODEL/SERIES FACTS + CONDITION/VALUATION FACTORS + FAQ + INTERNAL LINKS
B_SERIES,SERIES,/รับซื้อ-huawei-nova-โคราช,/รับซื้อโทรศัพท์-huawei-โคราช,MOBILE,รับซื้อ Huawei nova โคราช,P1,RELEASED_W4_MANUAL,INDEX_AFTER_QUALITY_GATE,CONTENT_AND_OWNERSHIP_REVIEW,2,UNIQUE_INTENT + MODEL/SERIES FACTS + CONDITION/VALUATION FACTORS + FAQ + INTERNAL LINKS
B_SERIES,SERIES,/รับซื้อ-huawei-pura-โคราช,/รับซื้อโทรศัพท์-huawei-โคราช,MOBILE,รับซื้อ Huawei Pura โคราช,P1,RELEASED_W4_MANUAL,INDEX_AFTER_QUALITY_GATE,CONTENT_AND_OWNERSHIP_REVIEW,2,UNIQUE_INTENT + MODEL/SERIES FACTS + CONDITION/VALUATION FACTORS + FAQ + INTERNAL LINKS
B_SERIES,SERIES,/รับซื้อ-motorola-edge-โคราช,/รับซื้อโทรศัพท์-motorola-โคราช,MOBILE,รับซื้อ Motorola Edge โคราช,P1,RELEASED_W4_MANUAL,INDEX_AFTER_QUALITY_GATE,CONTENT_AND_OWNERSHIP_REVIEW,2,UNIQUE_INTENT + MODEL/SERIES FACTS + CONDITION/VALUATION FACTORS + FAQ + INTERNAL LINKS
B_SERIES,SERIES,/รับซื้อ-moto-g-โคราช,/รับซื้อโทรศัพท์-motorola-โคราช,MOBILE,รับซื้อ Moto G โคราช,P1,RELEASED_W4_MANUAL,INDEX_AFTER_QUALITY_GATE,CONTENT_AND_OWNERSHIP_REVIEW,2,UNIQUE_INTENT + MODEL/SERIES FACTS + CONDITION/VALUATION FACTORS + FAQ + INTERNAL LINKS
B_SERIES,SERIES,/รับซื้อ-nothing-phone-โคราช,/รับซื้อโทรศัพท์-nothing-โคราช,MOBILE,รับซื้อ Nothing Phone โคราช,P1,RELEASED_W4_MANUAL,INDEX_AFTER_QUALITY_GATE,CONTENT_AND_OWNERSHIP_REVIEW,2,UNIQUE_INTENT + MODEL/SERIES FACTS + CONDITION/VALUATION FACTORS + FAQ + INTERNAL LINKS
B_SERIES,SERIES,/รับซื้อกล้อง-sony-alpha-a7-โคราช,/รับซื้อกล้อง-sony-โคราช,CAMERA,รับซื้อ Sony Alpha A7 โคราช,P1,RELEASED_W2_MANUAL,INDEX,CONTENT_AND_OWNERSHIP_REVIEW,2,UNIQUE_INTENT + MODEL/SERIES FACTS + CONDITION/VALUATION FACTORS + FAQ + INTERNAL LINKS
B_SERIES,SERIES,/รับซื้อกล้อง-sony-alpha-apsc-โคราช,/รับซื้อกล้อง-sony-โคราช,CAMERA,รับซื้อ Sony Alpha APS-C โคราช,P1,RELEASED_W4_MANUAL,INDEX_AFTER_QUALITY_GATE,CONTENT_AND_OWNERSHIP_REVIEW,2,UNIQUE_INTENT + MODEL/SERIES FACTS + CONDITION/VALUATION FACTORS + FAQ + INTERNAL LINKS
B_SERIES,SERIES,/รับซื้อกล้อง-canon-eos-r-โคราช,/รับซื้อกล้อง-canon-โคราช,CAMERA,รับซื้อ Canon EOS R โคราช,P1,RELEASED_W2_MANUAL,INDEX,CONTENT_AND_OWNERSHIP_REVIEW,2,UNIQUE_INTENT + MODEL/SERIES FACTS + CONDITION/VALUATION FACTORS + FAQ + INTERNAL LINKS
B_SERIES,SERIES,/รับซื้อกล้อง-canon-eos-dslr-โคราช,/รับซื้อกล้อง-canon-โคราช,CAMERA,รับซื้อ Canon EOS DSLR โคราช,P1,RELEASED_W4_MANUAL,INDEX_AFTER_QUALITY_GATE,CONTENT_AND_OWNERSHIP_REVIEW,2,UNIQUE_INTENT + MODEL/SERIES FACTS + CONDITION/VALUATION FACTORS + FAQ + INTERNAL LINKS
B_SERIES,SERIES,/รับซื้อกล้อง-fujifilm-x-series-โคราช,/รับซื้อกล้อง-fujifilm-โคราช,CAMERA,รับซื้อ Fujifilm X Series โคราช,P1,RELEASED_W2_MANUAL,INDEX,CONTENT_AND_OWNERSHIP_REVIEW,2,UNIQUE_INTENT + MODEL/SERIES FACTS + CONDITION/VALUATION FACTORS + FAQ + INTERNAL LINKS
B_SERIES,SERIES,/รับซื้อกล้อง-fujifilm-gfx-โคราช,/รับซื้อกล้อง-fujifilm-โคราช,CAMERA,รับซื้อ Fujifilm GFX โคราช,P1,RELEASED_W4_MANUAL,INDEX_AFTER_QUALITY_GATE,CONTENT_AND_OWNERSHIP_REVIEW,2,UNIQUE_INTENT + MODEL/SERIES FACTS + CONDITION/VALUATION FACTORS + FAQ + INTERNAL LINKS
B_SERIES,SERIES,/รับซื้อกล้อง-nikon-z-โคราช,/รับซื้อกล้อง-nikon-โคราช,CAMERA,รับซื้อ Nikon Z โคราช,P1,RELEASED_W2_MANUAL,INDEX,CONTENT_AND_OWNERSHIP_REVIEW,2,UNIQUE_INTENT + MODEL/SERIES FACTS + CONDITION/VALUATION FACTORS + FAQ + INTERNAL LINKS
B_SERIES,SERIES,/รับซื้อกล้อง-lumix-g-โคราช,/รับซื้อกล้อง-panasonic-lumix-โคราช,CAMERA,รับซื้อ Lumix G โคราช,P1,RELEASED_W4_MANUAL,INDEX_AFTER_QUALITY_GATE,CONTENT_AND_OWNERSHIP_REVIEW,2,UNIQUE_INTENT + MODEL/SERIES FACTS + CONDITION/VALUATION FACTORS + FAQ + INTERNAL LINKS
C_MODEL,MODEL,/รับซื้อ-asus-rog-zephyrus-g14-โคราช,/รับซื้อโน๊ตบุ๊ค-asus-rog-โคราช,NOTEBOOK,รับซื้อ ASUS ROG Zephyrus G14 โคราช,P1,RELEASED_W2_MANUAL,INDEX,MODEL_IDENTITY + USED_MARKET_DEMAND + UNIQUE_CONTENT,2,UNIQUE_INTENT + MODEL/SERIES FACTS + CONDITION/VALUATION FACTORS + FAQ + INTERNAL LINKS
C_MODEL,MODEL,/รับซื้อ-asus-rog-zephyrus-g16-โคราช,/รับซื้อโน๊ตบุ๊ค-asus-rog-โคราช,NOTEBOOK,รับซื้อ ASUS ROG Zephyrus G16 โคราช,P1,RELEASED_W2_MANUAL,INDEX,MODEL_IDENTITY + USED_MARKET_DEMAND + UNIQUE_CONTENT,2,UNIQUE_INTENT + MODEL/SERIES FACTS + CONDITION/VALUATION FACTORS + FAQ + INTERNAL LINKS
C_MODEL,MODEL,/รับซื้อ-asus-rog-strix-g16-โคราช,/รับซื้อโน๊ตบุ๊ค-asus-rog-โคราช,NOTEBOOK,รับซื้อ ASUS ROG Strix G16 โคราช,P1,RELEASED_W2_MANUAL,INDEX,MODEL_IDENTITY + USED_MARKET_DEMAND + UNIQUE_CONTENT,2,UNIQUE_INTENT + MODEL/SERIES FACTS + CONDITION/VALUATION FACTORS + FAQ + INTERNAL LINKS
C_MODEL,MODEL,/รับซื้อ-asus-tuf-a15-โคราช,/รับซื้อโน๊ตบุ๊ค-asus-tuf-gaming-โคราช,NOTEBOOK,รับซื้อ ASUS TUF A15 โคราช,P1,RELEASED_W2_MANUAL,INDEX,MODEL_IDENTITY + USED_MARKET_DEMAND + UNIQUE_CONTENT,2,UNIQUE_INTENT + MODEL/SERIES FACTS + CONDITION/VALUATION FACTORS + FAQ + INTERNAL LINKS
C_MODEL,MODEL,/รับซื้อ-asus-tuf-f15-โคราช,/รับซื้อโน๊ตบุ๊ค-asus-tuf-gaming-โคราช,NOTEBOOK,รับซื้อ ASUS TUF F15 โคราช,P1,RELEASED_W3_MANUAL,INDEX_AFTER_QUALITY_GATE,MODEL_IDENTITY + USED_MARKET_DEMAND + UNIQUE_CONTENT,2,UNIQUE_INTENT + MODEL/SERIES FACTS + CONDITION/VALUATION FACTORS + FAQ + INTERNAL LINKS
C_MODEL,MODEL,/รับซื้อ-asus-vivobook-15-โคราช,/รับซื้อโน๊ตบุ๊ค-asus-vivobook-โคราช,NOTEBOOK,รับซื้อ ASUS Vivobook 15 โคราช,P1,RELEASED_W3_MANUAL,INDEX_AFTER_QUALITY_GATE,MODEL_IDENTITY + USED_MARKET_DEMAND + UNIQUE_CONTENT,2,UNIQUE_INTENT + MODEL/SERIES FACTS + CONDITION/VALUATION FACTORS + FAQ + INTERNAL LINKS
C_MODEL,MODEL,/รับซื้อ-asus-zenbook-14-โคราช,/รับซื้อโน๊ตบุ๊ค-asus-zenbook-โคราช,NOTEBOOK,รับซื้อ ASUS Zenbook 14 โคราช,P1,RELEASED_W3_MANUAL,INDEX_AFTER_QUALITY_GATE,MODEL_IDENTITY + USED_MARKET_DEMAND + UNIQUE_CONTENT,2,UNIQUE_INTENT + MODEL/SERIES FACTS + CONDITION/VALUATION FACTORS + FAQ + INTERNAL LINKS
C_MODEL,MODEL,/รับซื้อ-dell-latitude-7440-โคราช,/รับซื้อโน๊ตบุ๊ค-dell-latitude-โคราช,NOTEBOOK,รับซื้อ Dell Latitude 7440 โคราช,P1,RELEASED_W2_MANUAL,INDEX,MODEL_IDENTITY + USED_MARKET_DEMAND + UNIQUE_CONTENT,2,UNIQUE_INTENT + MODEL/SERIES FACTS + CONDITION/VALUATION FACTORS + FAQ + INTERNAL LINKS
C_MODEL,MODEL,/รับซื้อ-dell-latitude-7430-โคราช,/รับซื้อโน๊ตบุ๊ค-dell-latitude-โคราช,NOTEBOOK,รับซื้อ Dell Latitude 7430 โคราช,P1,RELEASED_W2_MANUAL,INDEX,MODEL_IDENTITY + USED_MARKET_DEMAND + UNIQUE_CONTENT,2,UNIQUE_INTENT + MODEL/SERIES FACTS + CONDITION/VALUATION FACTORS + FAQ + INTERNAL LINKS
C_MODEL,MODEL,/รับซื้อ-dell-latitude-5420-โคราช,/รับซื้อโน๊ตบุ๊ค-dell-latitude-โคราช,NOTEBOOK,รับซื้อ Dell Latitude 5420 โคราช,P1,RELEASED_W4_MANUAL,INDEX_AFTER_QUALITY_GATE,MODEL_IDENTITY + USED_MARKET_DEMAND + UNIQUE_CONTENT,2,UNIQUE_INTENT + MODEL/SERIES FACTS + CONDITION/VALUATION FACTORS + FAQ + INTERNAL LINKS
C_MODEL,MODEL,/รับซื้อ-dell-inspiron-15-โคราช,/รับซื้อโน๊ตบุ๊ค-dell-inspiron-โคราช,NOTEBOOK,รับซื้อ Dell Inspiron 15 โคราช,P1,RELEASED_W3_MANUAL,INDEX_AFTER_QUALITY_GATE,MODEL_IDENTITY + USED_MARKET_DEMAND + UNIQUE_CONTENT,2,UNIQUE_INTENT + MODEL/SERIES FACTS + CONDITION/VALUATION FACTORS + FAQ + INTERNAL LINKS
C_MODEL,MODEL,/รับซื้อ-dell-xps-13-โคราช,/รับซื้อโน๊ตบุ๊ค-dell-xps-โคราช,NOTEBOOK,รับซื้อ Dell XPS 13 โคราช,P1,RELEASED_W3_MANUAL,INDEX_AFTER_QUALITY_GATE,MODEL_IDENTITY + USED_MARKET_DEMAND + UNIQUE_CONTENT,2,UNIQUE_INTENT + MODEL/SERIES FACTS + CONDITION/VALUATION FACTORS + FAQ + INTERNAL LINKS
C_MODEL,MODEL,/รับซื้อ-alienware-m16-โคราช,/รับซื้อโน๊ตบุ๊ค-dell-alienware-โคราช,NOTEBOOK,รับซื้อ Alienware m16 โคราช,P1,RELEASED_W3_MANUAL,INDEX_AFTER_QUALITY_GATE,MODEL_IDENTITY + USED_MARKET_DEMAND + UNIQUE_CONTENT,2,UNIQUE_INTENT + MODEL/SERIES FACTS + CONDITION/VALUATION FACTORS + FAQ + INTERNAL LINKS
C_MODEL,MODEL,/รับซื้อ-lenovo-thinkpad-t14-โคราช,/รับซื้อโน๊ตบุ๊ค-lenovo-thinkpad-โคราช,NOTEBOOK,รับซื้อ Lenovo ThinkPad T14 โคราช,P1,RELEASED_W2_MANUAL,INDEX,MODEL_IDENTITY + USED_MARKET_DEMAND + UNIQUE_CONTENT,2,UNIQUE_INTENT + MODEL/SERIES FACTS + CONDITION/VALUATION FACTORS + FAQ + INTERNAL LINKS
C_MODEL,MODEL,/รับซื้อ-lenovo-x1-carbon-โคราช,/รับซื้อโน๊ตบุ๊ค-lenovo-thinkpad-โคราช,NOTEBOOK,รับซื้อ Lenovo X1 Carbon โคราช,P1,RELEASED_W2_MANUAL,INDEX,MODEL_IDENTITY + USED_MARKET_DEMAND + UNIQUE_CONTENT,2,UNIQUE_INTENT + MODEL/SERIES FACTS + CONDITION/VALUATION FACTORS + FAQ + INTERNAL LINKS
C_MODEL,MODEL,/รับซื้อ-lenovo-ideapad-slim-3-โคราช,/รับซื้อโน๊ตบุ๊ค-lenovo-ideapad-โคราช,NOTEBOOK,รับซื้อ Lenovo IdeaPad Slim 3 โคราช,P1,RELEASED_W3_MANUAL,INDEX_AFTER_QUALITY_GATE,MODEL_IDENTITY + USED_MARKET_DEMAND + UNIQUE_CONTENT,2,UNIQUE_INTENT + MODEL/SERIES FACTS + CONDITION/VALUATION FACTORS + FAQ + INTERNAL LINKS
C_MODEL,MODEL,/รับซื้อ-lenovo-legion-5-โคราช,/รับซื้อโน๊ตบุ๊ค-lenovo-legion-โคราช,NOTEBOOK,รับซื้อ Lenovo Legion 5 โคราช,P1,RELEASED_W2_MANUAL,INDEX,MODEL_IDENTITY + USED_MARKET_DEMAND + UNIQUE_CONTENT,2,UNIQUE_INTENT + MODEL/SERIES FACTS + CONDITION/VALUATION FACTORS + FAQ + INTERNAL LINKS
C_MODEL,MODEL,/รับซื้อ-lenovo-loq-15-โคราช,/รับซื้อโน๊ตบุ๊ค-lenovo-loq-โคราช,NOTEBOOK,รับซื้อ Lenovo LOQ 15 โคราช,P1,RELEASED_W2_MANUAL,INDEX,MODEL_IDENTITY + USED_MARKET_DEMAND + UNIQUE_CONTENT,2,UNIQUE_INTENT + MODEL/SERIES FACTS + CONDITION/VALUATION FACTORS + FAQ + INTERNAL LINKS
C_MODEL,MODEL,/รับซื้อ-lenovo-yoga-slim-7-โคราช,/รับซื้อโน๊ตบุ๊ค-lenovo-yoga-โคราช,NOTEBOOK,รับซื้อ Lenovo Yoga Slim 7 โคราช,P1,RELEASED_W3_MANUAL,INDEX_AFTER_QUALITY_GATE,MODEL_IDENTITY + USED_MARKET_DEMAND + UNIQUE_CONTENT,2,UNIQUE_INTENT + MODEL/SERIES FACTS + CONDITION/VALUATION FACTORS + FAQ + INTERNAL LINKS
C_MODEL,MODEL,/รับซื้อ-hp-victus-15-โคราช,/รับซื้อโน๊ตบุ๊ค-hp-victus-โคราช,NOTEBOOK,รับซื้อ HP Victus 15 โคราช,P1,RELEASED_W2_MANUAL,INDEX,MODEL_IDENTITY + USED_MARKET_DEMAND + UNIQUE_CONTENT,2,UNIQUE_INTENT + MODEL/SERIES FACTS + CONDITION/VALUATION FACTORS + FAQ + INTERNAL LINKS
C_MODEL,MODEL,/รับซื้อ-hp-omen-16-โคราช,/รับซื้อโน๊ตบุ๊ค-hp-omen-โคราช,NOTEBOOK,รับซื้อ HP OMEN 16 โคราช,P1,RELEASED_W2_MANUAL,INDEX,MODEL_IDENTITY + USED_MARKET_DEMAND + UNIQUE_CONTENT,2,UNIQUE_INTENT + MODEL/SERIES FACTS + CONDITION/VALUATION FACTORS + FAQ + INTERNAL LINKS
C_MODEL,MODEL,/รับซื้อ-hp-elitebook-840-โคราช,/รับซื้อโน๊ตบุ๊ค-hp-elitebook-โคราช,NOTEBOOK,รับซื้อ HP EliteBook 840 โคราช,P1,RELEASED_W3_MANUAL,INDEX_AFTER_QUALITY_GATE,MODEL_IDENTITY + USED_MARKET_DEMAND + UNIQUE_CONTENT,2,UNIQUE_INTENT + MODEL/SERIES FACTS + CONDITION/VALUATION FACTORS + FAQ + INTERNAL LINKS
C_MODEL,MODEL,/รับซื้อ-hp-probook-440-โคราช,/รับซื้อโน๊ตบุ๊ค-hp-probook-โคราช,NOTEBOOK,รับซื้อ HP ProBook 440 โคราช,P1,RELEASED_W3_MANUAL,INDEX_AFTER_QUALITY_GATE,MODEL_IDENTITY + USED_MARKET_DEMAND + UNIQUE_CONTENT,2,UNIQUE_INTENT + MODEL/SERIES FACTS + CONDITION/VALUATION FACTORS + FAQ + INTERNAL LINKS
C_MODEL,MODEL,/รับซื้อ-hp-pavilion-15-โคราช,/รับซื้อโน๊ตบุ๊ค-hp-pavilion-โคราช,NOTEBOOK,รับซื้อ HP Pavilion 15 โคราช,P1,RELEASED_W3_MANUAL,INDEX_AFTER_QUALITY_GATE,MODEL_IDENTITY + USED_MARKET_DEMAND + UNIQUE_CONTENT,2,UNIQUE_INTENT + MODEL/SERIES FACTS + CONDITION/VALUATION FACTORS + FAQ + INTERNAL LINKS
C_MODEL,MODEL,/รับซื้อ-acer-nitro-v-15-โคราช,/รับซื้อโน๊ตบุ๊ค-acer-nitro-โคราช,NOTEBOOK,รับซื้อ Acer Nitro V 15 โคราช,P1,RELEASED_W2_MANUAL,INDEX,MODEL_IDENTITY + USED_MARKET_DEMAND + UNIQUE_CONTENT,2,UNIQUE_INTENT + MODEL/SERIES FACTS + CONDITION/VALUATION FACTORS + FAQ + INTERNAL LINKS
C_MODEL,MODEL,/รับซื้อ-acer-nitro-5-โคราช,/รับซื้อโน๊ตบุ๊ค-acer-nitro-โคราช,NOTEBOOK,รับซื้อ Acer Nitro 5 โคราช,P1,RELEASED_W4_MANUAL,INDEX_AFTER_QUALITY_GATE,MODEL_IDENTITY + USED_MARKET_DEMAND + UNIQUE_CONTENT,2,UNIQUE_INTENT + MODEL/SERIES FACTS + CONDITION/VALUATION FACTORS + FAQ + INTERNAL LINKS
C_MODEL,MODEL,/รับซื้อ-acer-aspire-5-โคราช,/รับซื้อโน๊ตบุ๊ค-acer-aspire-โคราช,NOTEBOOK,รับซื้อ Acer Aspire 5 โคราช,P1,RELEASED_W3_MANUAL,INDEX_AFTER_QUALITY_GATE,MODEL_IDENTITY + USED_MARKET_DEMAND + UNIQUE_CONTENT,2,UNIQUE_INTENT + MODEL/SERIES FACTS + CONDITION/VALUATION FACTORS + FAQ + INTERNAL LINKS
C_MODEL,MODEL,/รับซื้อ-acer-predator-helios-neo-16-โคราช,/รับซื้อโน๊ตบุ๊ค-acer-predator-โคราช,NOTEBOOK,รับซื้อ Predator Helios Neo 16 โคราช,P1,RELEASED_W2_MANUAL,INDEX,MODEL_IDENTITY + USED_MARKET_DEMAND + UNIQUE_CONTENT,2,UNIQUE_INTENT + MODEL/SERIES FACTS + CONDITION/VALUATION FACTORS + FAQ + INTERNAL LINKS
C_MODEL,MODEL,/รับซื้อ-msi-katana-15-โคราช,/รับซื้อโน๊ตบุ๊ค-msi-katana-โคราช,NOTEBOOK,รับซื้อ MSI Katana 15 โคราช,P1,RELEASED_W3_MANUAL,INDEX_AFTER_QUALITY_GATE,MODEL_IDENTITY + USED_MARKET_DEMAND + UNIQUE_CONTENT,2,UNIQUE_INTENT + MODEL/SERIES FACTS + CONDITION/VALUATION FACTORS + FAQ + INTERNAL LINKS
C_MODEL,MODEL,/รับซื้อ-msi-cyborg-15-โคราช,/รับซื้อโน๊ตบุ๊ค-msi-cyborg-โคราช,NOTEBOOK,รับซื้อ MSI Cyborg 15 โคราช,P1,RELEASED_W3_MANUAL,INDEX_AFTER_QUALITY_GATE,MODEL_IDENTITY + USED_MARKET_DEMAND + UNIQUE_CONTENT,2,UNIQUE_INTENT + MODEL/SERIES FACTS + CONDITION/VALUATION FACTORS + FAQ + INTERNAL LINKS
C_MODEL,MODEL,/รับซื้อ-iphone-11-โคราช,/รับซื้อ-iphone-โคราช,APPLE,รับซื้อ iPhone 11 โคราช,P1,RELEASED_W4_MANUAL,INDEX_AFTER_QUALITY_GATE,MODEL_IDENTITY + USED_MARKET_DEMAND + UNIQUE_CONTENT,2,UNIQUE_INTENT + MODEL/SERIES FACTS + CONDITION/VALUATION FACTORS + FAQ + INTERNAL LINKS
C_MODEL,MODEL,/รับซื้อ-iphone-12-โคราช,/รับซื้อ-iphone-โคราช,APPLE,รับซื้อ iPhone 12 โคราช,P1,RELEASED_W4_MANUAL,INDEX_AFTER_QUALITY_GATE,MODEL_IDENTITY + USED_MARKET_DEMAND + UNIQUE_CONTENT,2,UNIQUE_INTENT + MODEL/SERIES FACTS + CONDITION/VALUATION FACTORS + FAQ + INTERNAL LINKS
C_MODEL,MODEL,/รับซื้อ-iphone-13-โคราช,/รับซื้อ-iphone-โคราช,APPLE,รับซื้อ iPhone 13 โคราช,P1,RELEASED_W2_MANUAL,INDEX,MODEL_IDENTITY + USED_MARKET_DEMAND + UNIQUE_CONTENT,2,UNIQUE_INTENT + MODEL/SERIES FACTS + CONDITION/VALUATION FACTORS + FAQ + INTERNAL LINKS
C_MODEL,MODEL,/รับซื้อ-iphone-13-pro-โคราช,/รับซื้อ-iphone-โคราช,APPLE,รับซื้อ iPhone 13 Pro โคราช,P1,RELEASED_W3_MANUAL,INDEX_AFTER_QUALITY_GATE,MODEL_IDENTITY + USED_MARKET_DEMAND + UNIQUE_CONTENT,2,UNIQUE_INTENT + MODEL/SERIES FACTS + CONDITION/VALUATION FACTORS + FAQ + INTERNAL LINKS
C_MODEL,MODEL,/รับซื้อ-iphone-14-โคราช,/รับซื้อ-iphone-โคราช,APPLE,รับซื้อ iPhone 14 โคราช,P1,RELEASED_W3_MANUAL,INDEX_AFTER_QUALITY_GATE,MODEL_IDENTITY + USED_MARKET_DEMAND + UNIQUE_CONTENT,2,UNIQUE_INTENT + MODEL/SERIES FACTS + CONDITION/VALUATION FACTORS + FAQ + INTERNAL LINKS
C_MODEL,MODEL,/รับซื้อ-iphone-14-pro-โคราช,/รับซื้อ-iphone-โคราช,APPLE,รับซื้อ iPhone 14 Pro โคราช,P1,RELEASED_W2_MANUAL,INDEX,MODEL_IDENTITY + USED_MARKET_DEMAND + UNIQUE_CONTENT,2,UNIQUE_INTENT + MODEL/SERIES FACTS + CONDITION/VALUATION FACTORS + FAQ + INTERNAL LINKS
C_MODEL,MODEL,/รับซื้อ-iphone-15-โคราช,/รับซื้อ-iphone-โคราช,APPLE,รับซื้อ iPhone 15 โคราช,P1,RELEASED_W2_MANUAL,INDEX,MODEL_IDENTITY + USED_MARKET_DEMAND + UNIQUE_CONTENT,2,UNIQUE_INTENT + MODEL/SERIES FACTS + CONDITION/VALUATION FACTORS + FAQ + INTERNAL LINKS
C_MODEL,MODEL,/รับซื้อ-iphone-15-pro-โคราช,/รับซื้อ-iphone-โคราช,APPLE,รับซื้อ iPhone 15 Pro โคราช,P1,RELEASED_W3_MANUAL,INDEX_AFTER_QUALITY_GATE,MODEL_IDENTITY + USED_MARKET_DEMAND + UNIQUE_CONTENT,2,UNIQUE_INTENT + MODEL/SERIES FACTS + CONDITION/VALUATION FACTORS + FAQ + INTERNAL LINKS
C_MODEL,MODEL,/รับซื้อ-iphone-16-โคราช,/รับซื้อ-iphone-โคราช,APPLE,รับซื้อ iPhone 16 โคราช,P1,RELEASED_W3_MANUAL,INDEX_AFTER_QUALITY_GATE,MODEL_IDENTITY + USED_MARKET_DEMAND + UNIQUE_CONTENT,2,UNIQUE_INTENT + MODEL/SERIES FACTS + CONDITION/VALUATION FACTORS + FAQ + INTERNAL LINKS
C_MODEL,MODEL,/รับซื้อ-iphone-16-pro-โคราช,/รับซื้อ-iphone-โคราช,APPLE,รับซื้อ iPhone 16 Pro โคราช,P1,RELEASED_W2_MANUAL,INDEX,MODEL_IDENTITY + USED_MARKET_DEMAND + UNIQUE_CONTENT,2,UNIQUE_INTENT + MODEL/SERIES FACTS + CONDITION/VALUATION FACTORS + FAQ + INTERNAL LINKS
C_MODEL,MODEL,/รับซื้อ-macbook-air-m1-โคราช,/รับซื้อ-macbook-โคราช,APPLE,รับซื้อ MacBook Air M1 โคราช,P1,RELEASED_W3_MANUAL,INDEX_AFTER_QUALITY_GATE,MODEL_IDENTITY + USED_MARKET_DEMAND + UNIQUE_CONTENT,2,UNIQUE_INTENT + MODEL/SERIES FACTS + CONDITION/VALUATION FACTORS + FAQ + INTERNAL LINKS
C_MODEL,MODEL,/รับซื้อ-macbook-air-m2-โคราช,/รับซื้อ-macbook-โคราช,APPLE,รับซื้อ MacBook Air M2 โคราช,P1,RELEASED_W2_MANUAL,INDEX,MODEL_IDENTITY + USED_MARKET_DEMAND + UNIQUE_CONTENT,2,UNIQUE_INTENT + MODEL/SERIES FACTS + CONDITION/VALUATION FACTORS + FAQ + INTERNAL LINKS
C_MODEL,MODEL,/รับซื้อ-macbook-air-m3-โคราช,/รับซื้อ-macbook-โคราช,APPLE,รับซื้อ MacBook Air M3 โคราช,P1,RELEASED_W2_MANUAL,INDEX,MODEL_IDENTITY + USED_MARKET_DEMAND + UNIQUE_CONTENT,2,UNIQUE_INTENT + MODEL/SERIES FACTS + CONDITION/VALUATION FACTORS + FAQ + INTERNAL LINKS
C_MODEL,MODEL,/รับซื้อ-macbook-air-m4-โคราช,/รับซื้อ-macbook-โคราช,APPLE,รับซื้อ MacBook Air M4 โคราช,P1,RELEASED_W3_MANUAL,INDEX_AFTER_QUALITY_GATE,MODEL_IDENTITY + USED_MARKET_DEMAND + UNIQUE_CONTENT,2,UNIQUE_INTENT + MODEL/SERIES FACTS + CONDITION/VALUATION FACTORS + FAQ + INTERNAL LINKS
C_MODEL,MODEL,/รับซื้อ-macbook-pro-m1-โคราช,/รับซื้อ-macbook-โคราช,APPLE,รับซื้อ MacBook Pro M1 โคราช,P1,RELEASED_W3_MANUAL,INDEX_AFTER_QUALITY_GATE,MODEL_IDENTITY + USED_MARKET_DEMAND + UNIQUE_CONTENT,2,UNIQUE_INTENT + MODEL/SERIES FACTS + CONDITION/VALUATION FACTORS + FAQ + INTERNAL LINKS
C_MODEL,MODEL,/รับซื้อ-macbook-pro-m3-โคราช,/รับซื้อ-macbook-โคราช,APPLE,รับซื้อ MacBook Pro M3 โคราช,P1,RELEASED_W3_MANUAL,INDEX_AFTER_QUALITY_GATE,MODEL_IDENTITY + USED_MARKET_DEMAND + UNIQUE_CONTENT,2,UNIQUE_INTENT + MODEL/SERIES FACTS + CONDITION/VALUATION FACTORS + FAQ + INTERNAL LINKS
C_MODEL,MODEL,/รับซื้อ-ipad-gen-10-โคราช,/รับซื้อ-ipad-โคราช,APPLE,รับซื้อ iPad Gen 10 โคราช,P1,RELEASED_W3_MANUAL,INDEX_AFTER_QUALITY_GATE,MODEL_IDENTITY + USED_MARKET_DEMAND + UNIQUE_CONTENT,2,UNIQUE_INTENT + MODEL/SERIES FACTS + CONDITION/VALUATION FACTORS + FAQ + INTERNAL LINKS
C_MODEL,MODEL,/รับซื้อ-ipad-gen-11-a16-โคราช,/รับซื้อ-ipad-โคราช,APPLE,รับซื้อ iPad Gen 11 A16 โคราช,P1,RELEASED_W3_MANUAL,INDEX_AFTER_QUALITY_GATE,MODEL_IDENTITY + USED_MARKET_DEMAND + UNIQUE_CONTENT,2,UNIQUE_INTENT + MODEL/SERIES FACTS + CONDITION/VALUATION FACTORS + FAQ + INTERNAL LINKS
C_MODEL,MODEL,/รับซื้อ-samsung-galaxy-s23-โคราช,/รับซื้อ-samsung-galaxy-s-โคราช,MOBILE,รับซื้อ Samsung Galaxy S23 โคราช,P1,RELEASED_W3_MANUAL,INDEX_AFTER_QUALITY_GATE,MODEL_IDENTITY + USED_MARKET_DEMAND + UNIQUE_CONTENT,2,UNIQUE_INTENT + MODEL/SERIES FACTS + CONDITION/VALUATION FACTORS + FAQ + INTERNAL LINKS
C_MODEL,MODEL,/รับซื้อ-samsung-galaxy-s24-โคราช,/รับซื้อ-samsung-galaxy-s-โคราช,MOBILE,รับซื้อ Samsung Galaxy S24 โคราช,P1,RELEASED_W3_MANUAL,INDEX_AFTER_QUALITY_GATE,MODEL_IDENTITY + USED_MARKET_DEMAND + UNIQUE_CONTENT,2,UNIQUE_INTENT + MODEL/SERIES FACTS + CONDITION/VALUATION FACTORS + FAQ + INTERNAL LINKS
C_MODEL,MODEL,/รับซื้อ-samsung-galaxy-s25-โคราช,/รับซื้อ-samsung-galaxy-s-โคราช,MOBILE,รับซื้อ Samsung Galaxy S25 โคราช,P1,RELEASED_W3_MANUAL,INDEX_AFTER_QUALITY_GATE,MODEL_IDENTITY + USED_MARKET_DEMAND + UNIQUE_CONTENT,2,UNIQUE_INTENT + MODEL/SERIES FACTS + CONDITION/VALUATION FACTORS + FAQ + INTERNAL LINKS
C_MODEL,MODEL,/รับซื้อ-samsung-galaxy-a55-โคราช,/รับซื้อ-samsung-galaxy-a-โคราช,MOBILE,รับซื้อ Samsung Galaxy A55 โคราช,P1,RELEASED_W3_MANUAL,INDEX_AFTER_QUALITY_GATE,MODEL_IDENTITY + USED_MARKET_DEMAND + UNIQUE_CONTENT,2,UNIQUE_INTENT + MODEL/SERIES FACTS + CONDITION/VALUATION FACTORS + FAQ + INTERNAL LINKS
C_MODEL,MODEL,/รับซื้อ-samsung-galaxy-a56-โคราช,/รับซื้อ-samsung-galaxy-a-โคราช,MOBILE,รับซื้อ Samsung Galaxy A56 โคราช,P1,RELEASED_W3_MANUAL,INDEX_AFTER_QUALITY_GATE,MODEL_IDENTITY + USED_MARKET_DEMAND + UNIQUE_CONTENT,2,UNIQUE_INTENT + MODEL/SERIES FACTS + CONDITION/VALUATION FACTORS + FAQ + INTERNAL LINKS
C_MODEL,MODEL,/รับซื้อ-samsung-galaxy-z-fold6-โคราช,/รับซื้อ-samsung-galaxy-z-โคราช,MOBILE,รับซื้อ Samsung Galaxy Z Fold6 โคราช,P1,RELEASED_W3_MANUAL,INDEX_AFTER_QUALITY_GATE,MODEL_IDENTITY + USED_MARKET_DEMAND + UNIQUE_CONTENT,2,UNIQUE_INTENT + MODEL/SERIES FACTS + CONDITION/VALUATION FACTORS + FAQ + INTERNAL LINKS
C_MODEL,MODEL,/รับซื้อ-samsung-galaxy-z-flip6-โคราช,/รับซื้อ-samsung-galaxy-z-โคราช,MOBILE,รับซื้อ Samsung Galaxy Z Flip6 โคราช,P1,RELEASED_W3_MANUAL,INDEX_AFTER_QUALITY_GATE,MODEL_IDENTITY + USED_MARKET_DEMAND + UNIQUE_CONTENT,2,UNIQUE_INTENT + MODEL/SERIES FACTS + CONDITION/VALUATION FACTORS + FAQ + INTERNAL LINKS
C_MODEL,MODEL,/รับซื้อ-oppo-reno12-โคราช,/รับซื้อ-oppo-reno-โคราช,MOBILE,รับซื้อ OPPO Reno12 โคราช,P1,RELEASED_W4_MANUAL,INDEX_AFTER_QUALITY_GATE,MODEL_IDENTITY + USED_MARKET_DEMAND + UNIQUE_CONTENT,2,UNIQUE_INTENT + MODEL/SERIES FACTS + CONDITION/VALUATION FACTORS + FAQ + INTERNAL LINKS
C_MODEL,MODEL,/รับซื้อ-oppo-reno13-โคราช,/รับซื้อ-oppo-reno-โคราช,MOBILE,รับซื้อ OPPO Reno13 โคราช,P1,RELEASED_W3_MANUAL,INDEX_AFTER_QUALITY_GATE,MODEL_IDENTITY + USED_MARKET_DEMAND + UNIQUE_CONTENT,2,UNIQUE_INTENT + MODEL/SERIES FACTS + CONDITION/VALUATION FACTORS + FAQ + INTERNAL LINKS
C_MODEL,MODEL,/รับซื้อ-vivo-v40-โคราช,/รับซื้อ-vivo-v-series-โคราช,MOBILE,รับซื้อ vivo V40 โคราช,P1,RELEASED_W3_MANUAL,INDEX_AFTER_QUALITY_GATE,MODEL_IDENTITY + USED_MARKET_DEMAND + UNIQUE_CONTENT,2,UNIQUE_INTENT + MODEL/SERIES FACTS + CONDITION/VALUATION FACTORS + FAQ + INTERNAL LINKS
C_MODEL,MODEL,/รับซื้อ-vivo-v50-โคราช,/รับซื้อ-vivo-v-series-โคราช,MOBILE,รับซื้อ vivo V50 โคราช,P1,RELEASED_W3_MANUAL,INDEX_AFTER_QUALITY_GATE,MODEL_IDENTITY + USED_MARKET_DEMAND + UNIQUE_CONTENT,2,UNIQUE_INTENT + MODEL/SERIES FACTS + CONDITION/VALUATION FACTORS + FAQ + INTERNAL LINKS
C_MODEL,MODEL,/รับซื้อ-xiaomi-14-โคราช,/รับซื้อ-xiaomi-series-โคราช,MOBILE,รับซื้อ Xiaomi 14 โคราช,P1,RELEASED_W3_MANUAL,INDEX_AFTER_QUALITY_GATE,MODEL_IDENTITY + USED_MARKET_DEMAND + UNIQUE_CONTENT,2,UNIQUE_INTENT + MODEL/SERIES FACTS + CONDITION/VALUATION FACTORS + FAQ + INTERNAL LINKS
C_MODEL,MODEL,/รับซื้อ-xiaomi-15-โคราช,/รับซื้อ-xiaomi-series-โคราช,MOBILE,รับซื้อ Xiaomi 15 โคราช,P1,RELEASED_W3_MANUAL,INDEX_AFTER_QUALITY_GATE,MODEL_IDENTITY + USED_MARKET_DEMAND + UNIQUE_CONTENT,2,UNIQUE_INTENT + MODEL/SERIES FACTS + CONDITION/VALUATION FACTORS + FAQ + INTERNAL LINKS
C_MODEL,MODEL,/รับซื้อ-redmi-note-14-โคราช,/รับซื้อ-redmi-note-โคราช,MOBILE,รับซื้อ Redmi Note 14 โคราช,P1,RELEASED_W3_MANUAL,INDEX_AFTER_QUALITY_GATE,MODEL_IDENTITY + USED_MARKET_DEMAND + UNIQUE_CONTENT,2,UNIQUE_INTENT + MODEL/SERIES FACTS + CONDITION/VALUATION FACTORS + FAQ + INTERNAL LINKS
C_MODEL,MODEL,/รับซื้อ-poco-f6-โคราช,/รับซื้อ-poco-f-series-โคราช,MOBILE,รับซื้อ POCO F6 โคราช,P1,RELEASED_W3_MANUAL,INDEX_AFTER_QUALITY_GATE,MODEL_IDENTITY + USED_MARKET_DEMAND + UNIQUE_CONTENT,2,UNIQUE_INTENT + MODEL/SERIES FACTS + CONDITION/VALUATION FACTORS + FAQ + INTERNAL LINKS
C_MODEL,MODEL,/รับซื้อ-sony-a6000-โคราช,/รับซื้อกล้อง-sony-alpha-apsc-โคราช,CAMERA,รับซื้อ Sony A6000 โคราช,P1,RELEASED_W4_MANUAL,INDEX_AFTER_QUALITY_GATE,MODEL_IDENTITY + USED_MARKET_DEMAND + UNIQUE_CONTENT,2,UNIQUE_INTENT + MODEL/SERIES FACTS + CONDITION/VALUATION FACTORS + FAQ + INTERNAL LINKS
C_MODEL,MODEL,/รับซื้อ-sony-a6400-โคราช,/รับซื้อกล้อง-sony-alpha-apsc-โคราช,CAMERA,รับซื้อ Sony A6400 โคราช,P1,RELEASED_W4_MANUAL,INDEX_AFTER_QUALITY_GATE,MODEL_IDENTITY + USED_MARKET_DEMAND + UNIQUE_CONTENT,2,UNIQUE_INTENT + MODEL/SERIES FACTS + CONDITION/VALUATION FACTORS + FAQ + INTERNAL LINKS
C_MODEL,MODEL,/รับซื้อ-sony-a7iii-โคราช,/รับซื้อกล้อง-sony-alpha-a7-โคราช,CAMERA,รับซื้อ Sony A7 III โคราช,P1,RELEASED_W3_MANUAL,INDEX_AFTER_QUALITY_GATE,MODEL_IDENTITY + USED_MARKET_DEMAND + UNIQUE_CONTENT,2,UNIQUE_INTENT + MODEL/SERIES FACTS + CONDITION/VALUATION FACTORS + FAQ + INTERNAL LINKS
C_MODEL,MODEL,/รับซื้อ-canon-eos-r-โคราช,/รับซื้อกล้อง-canon-eos-r-โคราช,CAMERA,รับซื้อ Canon EOS R โคราช,P1,HOLD_PLANNED,INDEX_AFTER_QUALITY_GATE,MODEL_IDENTITY + USED_MARKET_DEMAND + UNIQUE_CONTENT,2,UNIQUE_INTENT + MODEL/SERIES FACTS + CONDITION/VALUATION FACTORS + FAQ + INTERNAL LINKS
C_MODEL,MODEL,/รับซื้อ-canon-r6-mark-ii-โคราช,/รับซื้อกล้อง-canon-eos-r-โคราช,CAMERA,รับซื้อ Canon R6 Mark II โคราช,P1,RELEASED_W3_MANUAL,INDEX_AFTER_QUALITY_GATE,MODEL_IDENTITY + USED_MARKET_DEMAND + UNIQUE_CONTENT,2,UNIQUE_INTENT + MODEL/SERIES FACTS + CONDITION/VALUATION FACTORS + FAQ + INTERNAL LINKS
C_MODEL,MODEL,/รับซื้อ-fujifilm-x-t5-โคราช,/รับซื้อกล้อง-fujifilm-x-series-โคราช,CAMERA,รับซื้อ Fujifilm X-T5 โคราช,P1,RELEASED_W3_MANUAL,INDEX_AFTER_QUALITY_GATE,MODEL_IDENTITY + USED_MARKET_DEMAND + UNIQUE_CONTENT,2,UNIQUE_INTENT + MODEL/SERIES FACTS + CONDITION/VALUATION FACTORS + FAQ + INTERNAL LINKS
C_MODEL,MODEL,/รับซื้อ-fujifilm-x-s20-โคราช,/รับซื้อกล้อง-fujifilm-x-series-โคราช,CAMERA,รับซื้อ Fujifilm X-S20 โคราช,P1,RELEASED_W3_MANUAL,INDEX_AFTER_QUALITY_GATE,MODEL_IDENTITY + USED_MARKET_DEMAND + UNIQUE_CONTENT,2,UNIQUE_INTENT + MODEL/SERIES FACTS + CONDITION/VALUATION FACTORS + FAQ + INTERNAL LINKS
C_MODEL,MODEL,/รับซื้อ-nikon-z6-ii-โคราช,/รับซื้อกล้อง-nikon-z-โคราช,CAMERA,รับซื้อ Nikon Z6 II โคราช,P1,RELEASED_W3_MANUAL,INDEX_AFTER_QUALITY_GATE,MODEL_IDENTITY + USED_MARKET_DEMAND + UNIQUE_CONTENT,2,UNIQUE_INTENT + MODEL/SERIES FACTS + CONDITION/VALUATION FACTORS + FAQ + INTERNAL LINKS
C_MODEL,MODEL,/รับซื้อ-ps5-slim-โคราช,/รับซื้อ-playstation-โคราช,GAMING,รับซื้อ PlayStation 5 Slim โคราช,P1,RELEASED_W3_MANUAL,INDEX_AFTER_QUALITY_GATE,MODEL_IDENTITY + USED_MARKET_DEMAND + UNIQUE_CONTENT,2,UNIQUE_INTENT + MODEL/SERIES FACTS + CONDITION/VALUATION FACTORS + FAQ + INTERNAL LINKS
C_MODEL,MODEL,/รับซื้อ-ps5-pro-โคราช,/รับซื้อ-playstation-โคราช,GAMING,รับซื้อ PlayStation 5 Pro โคราช,P1,RELEASED_W3_MANUAL,INDEX_AFTER_QUALITY_GATE,MODEL_IDENTITY + USED_MARKET_DEMAND + UNIQUE_CONTENT,2,UNIQUE_INTENT + MODEL/SERIES FACTS + CONDITION/VALUATION FACTORS + FAQ + INTERNAL LINKS
C_MODEL,MODEL,/รับซื้อ-ps4-pro-โคราช,/รับซื้อ-playstation-โคราช,GAMING,รับซื้อ PlayStation 4 Pro โคราช,P1,RELEASED_W3_MANUAL,INDEX_AFTER_QUALITY_GATE,MODEL_IDENTITY + USED_MARKET_DEMAND + UNIQUE_CONTENT,2,UNIQUE_INTENT + MODEL/SERIES FACTS + CONDITION/VALUATION FACTORS + FAQ + INTERNAL LINKS
C_MODEL,MODEL,/รับซื้อ-nintendo-switch-oled-โคราช,/รับซื้อ-nintendo-switch-โคราช,GAMING,รับซื้อ Nintendo Switch OLED โคราช,P1,RELEASED_W3_MANUAL,INDEX_AFTER_QUALITY_GATE,MODEL_IDENTITY + USED_MARKET_DEMAND + UNIQUE_CONTENT,2,UNIQUE_INTENT + MODEL/SERIES FACTS + CONDITION/VALUATION FACTORS + FAQ + INTERNAL LINKS
C_MODEL,MODEL,/รับซื้อ-nintendo-switch-lite-โคราช,/รับซื้อ-nintendo-switch-โคราช,GAMING,รับซื้อ Nintendo Switch Lite โคราช,P1,RELEASED_W3_MANUAL,INDEX_AFTER_QUALITY_GATE,MODEL_IDENTITY + USED_MARKET_DEMAND + UNIQUE_CONTENT,2,UNIQUE_INTENT + MODEL/SERIES FACTS + CONDITION/VALUATION FACTORS + FAQ + INTERNAL LINKS
C_MODEL,MODEL,/รับซื้อ-nintendo-switch-2-โคราช,/รับซื้อ-nintendo-switch-โคราช,GAMING,รับซื้อ Nintendo Switch 2 โคราช,P1,RELEASED_W3_MANUAL,INDEX_AFTER_QUALITY_GATE,MODEL_IDENTITY + USED_MARKET_DEMAND + UNIQUE_CONTENT,2,UNIQUE_INTENT + MODEL/SERIES FACTS + CONDITION/VALUATION FACTORS + FAQ + INTERNAL LINKS
C_MODEL,MODEL,/รับซื้อ-steam-deck-oled-โคราช,/รับซื้อเครื่องเกม-โคราช,GAMING,รับซื้อ Steam Deck OLED โคราช,P1,RELEASED_W3_MANUAL,INDEX_AFTER_QUALITY_GATE,MODEL_IDENTITY + USED_MARKET_DEMAND + UNIQUE_CONTENT,2,UNIQUE_INTENT + MODEL/SERIES FACTS + CONDITION/VALUATION FACTORS + FAQ + INTERNAL LINKS
D_CONDITION,CONDITION,/รับซื้อโน๊ตบุ๊คแบตเสื่อม-โคราช,/รับซื้อโน๊ตบุ๊ค-โคราช,NOTEBOOK,ขายโน๊ตบุ๊คแบตเสื่อม,P1,RELEASED_W4_MANUAL,INDEX_AFTER_QUALITY_GATE,DISTINCT_PROBLEM_INTENT + CONTENT_DIFFERENTIATION,2,UNIQUE_INTENT + MODEL/SERIES FACTS + CONDITION/VALUATION FACTORS + FAQ + INTERNAL LINKS
D_CONDITION,CONDITION,/รับซื้อโน๊ตบุ๊คคีย์บอร์ดเสีย-โคราช,/รับซื้อโน๊ตบุ๊ค-โคราช,NOTEBOOK,ขายโน๊ตบุ๊คคีย์บอร์ดเสีย,P1,RELEASED_W4_MANUAL,INDEX_AFTER_QUALITY_GATE,DISTINCT_PROBLEM_INTENT + CONTENT_DIFFERENTIATION,2,UNIQUE_INTENT + MODEL/SERIES FACTS + CONDITION/VALUATION FACTORS + FAQ + INTERNAL LINKS
D_CONDITION,CONDITION,/รับซื้อโน๊ตบุ๊คบานพับแตก-โคราช,/รับซื้อโน๊ตบุ๊ค-โคราช,NOTEBOOK,ขายโน๊ตบุ๊คบานพับแตก,P1,RELEASED_W4_MANUAL,INDEX_AFTER_QUALITY_GATE,DISTINCT_PROBLEM_INTENT + CONTENT_DIFFERENTIATION,2,UNIQUE_INTENT + MODEL/SERIES FACTS + CONDITION/VALUATION FACTORS + FAQ + INTERNAL LINKS
D_CONDITION,CONDITION,/รับซื้อโน๊ตบุ๊คไม่มีที่ชาร์จ-โคราช,/รับซื้อโน๊ตบุ๊ค-โคราช,NOTEBOOK,ขายโน๊ตบุ๊คไม่มีที่ชาร์จ,P1,RELEASED_W4_MANUAL,INDEX_AFTER_QUALITY_GATE,DISTINCT_PROBLEM_INTENT + CONTENT_DIFFERENTIATION,2,UNIQUE_INTENT + MODEL/SERIES FACTS + CONDITION/VALUATION FACTORS + FAQ + INTERNAL LINKS
D_CONDITION,CONDITION,/รับซื้อโน๊ตบุ๊คโดนน้ำ-โคราช,/รับซื้อโน๊ตบุ๊คเสีย-โคราช,NOTEBOOK,ขายโน๊ตบุ๊คโดนน้ำ,P1,RELEASED_W4_MANUAL,INDEX_AFTER_QUALITY_GATE,DISTINCT_PROBLEM_INTENT + CONTENT_DIFFERENTIATION,2,UNIQUE_INTENT + MODEL/SERIES FACTS + CONDITION/VALUATION FACTORS + FAQ + INTERNAL LINKS
D_CONDITION,CONDITION,/รับซื้อโน๊ตบุ๊คติดรหัส-bios-โคราช,/รับซื้อโน๊ตบุ๊คเสีย-โคราช,NOTEBOOK,ขายโน๊ตบุ๊คติดรหัส BIOS,P1,RELEASED_W4_MANUAL,INDEX_AFTER_QUALITY_GATE,DISTINCT_PROBLEM_INTENT + CONTENT_DIFFERENTIATION,2,UNIQUE_INTENT + MODEL/SERIES FACTS + CONDITION/VALUATION FACTORS + FAQ + INTERNAL LINKS
D_CONDITION,CONDITION,/รับซื้อโน๊ตบุ๊คพอร์ตเสีย-โคราช,/รับซื้อโน๊ตบุ๊คเสีย-โคราช,NOTEBOOK,ขายโน๊ตบุ๊คพอร์ตเสีย,P1,RELEASED_W4_MANUAL,INDEX_AFTER_QUALITY_GATE,DISTINCT_PROBLEM_INTENT + CONTENT_DIFFERENTIATION,2,UNIQUE_INTENT + MODEL/SERIES FACTS + CONDITION/VALUATION FACTORS + FAQ + INTERNAL LINKS
D_CONDITION,CONDITION,/รับซื้อโน๊ตบุ๊คสภาพภายนอกหนัก-โคราช,/รับซื้อโน๊ตบุ๊ค-โคราช,NOTEBOOK,ขายโน๊ตบุ๊คสภาพภายนอกมีตำหนิหนัก,P1,RELEASED_W5_MANUAL,INDEX,DISTINCT_PROBLEM_INTENT + CONTENT_DIFFERENTIATION,2,UNIQUE_INTENT + MODEL/SERIES FACTS + CONDITION/VALUATION FACTORS + FAQ + INTERNAL LINKS
D_CONDITION,CONDITION,/รับซื้อโทรศัพท์ฝาหลังแตก-โคราช,/รับซื้อโทรศัพท์มือถือ-โคราช,MOBILE,ขายโทรศัพท์ฝาหลังแตก,P1,RELEASED_W4_MANUAL,INDEX_AFTER_QUALITY_GATE,DISTINCT_PROBLEM_INTENT + CONTENT_DIFFERENTIATION,2,UNIQUE_INTENT + MODEL/SERIES FACTS + CONDITION/VALUATION FACTORS + FAQ + INTERNAL LINKS
D_CONDITION,CONDITION,/รับซื้อโทรศัพท์แบตเสื่อม-โคราช,/รับซื้อโทรศัพท์มือถือ-โคราช,MOBILE,ขายโทรศัพท์แบตเสื่อม,P1,RELEASED_W4_MANUAL,INDEX_AFTER_QUALITY_GATE,DISTINCT_PROBLEM_INTENT + CONTENT_DIFFERENTIATION,2,UNIQUE_INTENT + MODEL/SERIES FACTS + CONDITION/VALUATION FACTORS + FAQ + INTERNAL LINKS
D_CONDITION,CONDITION,/รับซื้อโทรศัพท์กล้องเสีย-โคราช,/รับซื้อโทรศัพท์มือถือ-โคราช,MOBILE,ขายโทรศัพท์กล้องเสีย,P1,RELEASED_W4_MANUAL,INDEX_AFTER_QUALITY_GATE,DISTINCT_PROBLEM_INTENT + CONTENT_DIFFERENTIATION,2,UNIQUE_INTENT + MODEL/SERIES FACTS + CONDITION/VALUATION FACTORS + FAQ + INTERNAL LINKS
D_CONDITION,CONDITION,/รับซื้อ-iphone-face-id-เสีย-โคราช,/รับซื้อ-iphone-โคราช,APPLE,ขาย iPhone Face ID เสีย,P1,RELEASED_W4_MANUAL,INDEX_AFTER_QUALITY_GATE,DISTINCT_PROBLEM_INTENT + CONTENT_DIFFERENTIATION,2,UNIQUE_INTENT + MODEL/SERIES FACTS + CONDITION/VALUATION FACTORS + FAQ + INTERNAL LINKS
D_CONDITION,CONDITION,/รับซื้อโทรศัพท์ไม่มีกล่อง-โคราช,/รับซื้อโทรศัพท์มือถือ-โคราช,MOBILE,ขายโทรศัพท์ไม่มีกล่อง,P1,RELEASED_W5_MANUAL,INDEX,DISTINCT_PROBLEM_INTENT + CONTENT_DIFFERENTIATION,2,UNIQUE_INTENT + MODEL/SERIES FACTS + CONDITION/VALUATION FACTORS + FAQ + INTERNAL LINKS
D_CONDITION,CONDITION,/รับซื้อโทรศัพท์โดนน้ำ-โคราช,/รับซื้อโทรศัพท์มือถือ-โคราช,MOBILE,ขายโทรศัพท์โดนน้ำ,P1,RELEASED_W4_MANUAL,INDEX_AFTER_QUALITY_GATE,DISTINCT_PROBLEM_INTENT + CONTENT_DIFFERENTIATION,2,UNIQUE_INTENT + MODEL/SERIES FACTS + CONDITION/VALUATION FACTORS + FAQ + INTERNAL LINKS
D_CONDITION,CONDITION,/รับซื้อโทรศัพท์พอร์ตชาร์จเสีย-โคราช,/รับซื้อโทรศัพท์มือถือ-โคราช,MOBILE,ขายโทรศัพท์พอร์ตชาร์จเสีย,P1,RELEASED_W4_MANUAL,INDEX_AFTER_QUALITY_GATE,DISTINCT_PROBLEM_INTENT + CONTENT_DIFFERENTIATION,2,UNIQUE_INTENT + MODEL/SERIES FACTS + CONDITION/VALUATION FACTORS + FAQ + INTERNAL LINKS
D_CONDITION,CONDITION,/รับซื้อโทรศัพท์สแกนนิ้วเสีย-โคราช,/รับซื้อโทรศัพท์-android-โคราช,MOBILE,ขายโทรศัพท์สแกนนิ้วเสีย,P1,RELEASED_W5_MANUAL,INDEX,DISTINCT_PROBLEM_INTENT + CONTENT_DIFFERENTIATION,2,UNIQUE_INTENT + MODEL/SERIES FACTS + CONDITION/VALUATION FACTORS + FAQ + INTERNAL LINKS
D_CONDITION,CONDITION,/รับซื้อการ์ดจอภาพแตก-artifact-โคราช,/รับซื้อการ์ดจอ-โคราช,COMPUTER,ขายการ์ดจอมี artifact,P1,RELEASED_W4_MANUAL,INDEX_AFTER_QUALITY_GATE,DISTINCT_PROBLEM_INTENT + CONTENT_DIFFERENTIATION,2,UNIQUE_INTENT + MODEL/SERIES FACTS + CONDITION/VALUATION FACTORS + FAQ + INTERNAL LINKS
D_CONDITION,CONDITION,/รับซื้อ-ssd-health-ต่ำ-โคราช,/รับซื้อ-ssd-hdd-โคราช,COMPUTER,ขาย SSD health ต่ำ,P1,RELEASED_W4_MANUAL,INDEX_AFTER_QUALITY_GATE,DISTINCT_PROBLEM_INTENT + CONTENT_DIFFERENTIATION,2,UNIQUE_INTENT + MODEL/SERIES FACTS + CONDITION/VALUATION FACTORS + FAQ + INTERNAL LINKS
D_CONDITION,CONDITION,/รับซื้อ-hdd-bad-sector-โคราช,/รับซื้อ-ssd-hdd-โคราช,COMPUTER,ขาย HDD bad sector,P1,RELEASED_W4_MANUAL,INDEX_AFTER_QUALITY_GATE,DISTINCT_PROBLEM_INTENT + CONTENT_DIFFERENTIATION,2,UNIQUE_INTENT + MODEL/SERIES FACTS + CONDITION/VALUATION FACTORS + FAQ + INTERNAL LINKS
D_CONDITION,CONDITION,/รับซื้อแรมมี-error-โคราช,/รับซื้อแรม-โคราช,COMPUTER,ขาย RAM มี error,P1,RELEASED_W4_MANUAL,INDEX_AFTER_QUALITY_GATE,DISTINCT_PROBLEM_INTENT + CONTENT_DIFFERENTIATION,2,UNIQUE_INTENT + MODEL/SERIES FACTS + CONDITION/VALUATION FACTORS + FAQ + INTERNAL LINKS
D_CONDITION,CONDITION,/รับซื้อเมนบอร์ดไม่ติด-โคราช,/รับซื้อเมนบอร์ด-โคราช,COMPUTER,ขายเมนบอร์ดไม่ติด,P1,RELEASED_W4_MANUAL,INDEX_AFTER_QUALITY_GATE,DISTINCT_PROBLEM_INTENT + CONTENT_DIFFERENTIATION,2,UNIQUE_INTENT + MODEL/SERIES FACTS + CONDITION/VALUATION FACTORS + FAQ + INTERNAL LINKS
D_CONDITION,CONDITION,/รับซื้อจอมอนิเตอร์มี-dead-pixel-โคราช,/รับซื้อจอมอนิเตอร์-โคราช,COMPUTER,ขายจอมี dead pixel,P1,RELEASED_W4_MANUAL,INDEX_AFTER_QUALITY_GATE,DISTINCT_PROBLEM_INTENT + CONTENT_DIFFERENTIATION,2,UNIQUE_INTENT + MODEL/SERIES FACTS + CONDITION/VALUATION FACTORS + FAQ + INTERNAL LINKS
D_CONDITION,CONDITION,/รับซื้อเลนส์มีรา-โคราช,/รับซื้อเลนส์กล้อง-โคราช,CAMERA,ขายเลนส์มีรา,P1,RELEASED_W4_MANUAL,INDEX_AFTER_QUALITY_GATE,DISTINCT_PROBLEM_INTENT + CONTENT_DIFFERENTIATION,2,UNIQUE_INTENT + MODEL/SERIES FACTS + CONDITION/VALUATION FACTORS + FAQ + INTERNAL LINKS
D_CONDITION,CONDITION,/รับซื้อกล้องเซ็นเซอร์มีฝุ่น-โคราช,/รับซื้อกล้อง-โคราช,CAMERA,ขายกล้องเซ็นเซอร์มีฝุ่น,P1,RELEASED_W5_MANUAL,INDEX,DISTINCT_PROBLEM_INTENT + CONTENT_DIFFERENTIATION,2,UNIQUE_INTENT + MODEL/SERIES FACTS + CONDITION/VALUATION FACTORS + FAQ + INTERNAL LINKS
D_CONDITION,CONDITION,/รับซื้อกล้อง-shutter-count-สูง-โคราช,/รับซื้อกล้อง-โคราช,CAMERA,ขายกล้อง shutter count สูง,P1,RELEASED_W4_MANUAL,INDEX_AFTER_QUALITY_GATE,DISTINCT_PROBLEM_INTENT + CONTENT_DIFFERENTIATION,2,UNIQUE_INTENT + MODEL/SERIES FACTS + CONDITION/VALUATION FACTORS + FAQ + INTERNAL LINKS
D_CONDITION,CONDITION,/รับซื้อกล้อง-evf-เสีย-โคราช,/รับซื้อกล้อง-โคราช,CAMERA,ขายกล้อง EVF เสีย,P1,RELEASED_W4_MANUAL,INDEX_AFTER_QUALITY_GATE,DISTINCT_PROBLEM_INTENT + CONTENT_DIFFERENTIATION,2,UNIQUE_INTENT + MODEL/SERIES FACTS + CONDITION/VALUATION FACTORS + FAQ + INTERNAL LINKS
D_CONDITION,CONDITION,/รับซื้อจอย-drift-โคราช,/รับซื้อเครื่องเกม-โคราช,GAMING,ขายจอย drift,P1,RELEASED_W4_MANUAL,INDEX_AFTER_QUALITY_GATE,DISTINCT_PROBLEM_INTENT + CONTENT_DIFFERENTIATION,2,UNIQUE_INTENT + MODEL/SERIES FACTS + CONDITION/VALUATION FACTORS + FAQ + INTERNAL LINKS
D_CONDITION,CONDITION,/รับซื้อเครื่องเกม-hdmi-เสีย-โคราช,/รับซื้อเครื่องเกม-โคราช,GAMING,ขายเครื่องเกม HDMI เสีย,P1,RELEASED_W5_MANUAL,INDEX,DISTINCT_PROBLEM_INTENT + CONTENT_DIFFERENTIATION,2,UNIQUE_INTENT + MODEL/SERIES FACTS + CONDITION/VALUATION FACTORS + FAQ + INTERNAL LINKS
D_CONDITION,CONDITION,/รับซื้อ-playstation-อ่านแผ่นไม่ได้-โคราช,/รับซื้อ-playstation-โคราช,GAMING,ขาย PlayStation อ่านแผ่นไม่ได้,P1,RELEASED_W4_MANUAL,INDEX_AFTER_QUALITY_GATE,DISTINCT_PROBLEM_INTENT + CONTENT_DIFFERENTIATION,2,UNIQUE_INTENT + MODEL/SERIES FACTS + CONDITION/VALUATION FACTORS + FAQ + INTERNAL LINKS
D_CONDITION,CONDITION,/รับซื้อ-nintendo-switch-แบตเสื่อม-โคราช,/รับซื้อ-nintendo-switch-โคราช,GAMING,ขาย Nintendo Switch แบตเสื่อม,P1,RELEASED_W4_MANUAL,INDEX_AFTER_QUALITY_GATE,DISTINCT_PROBLEM_INTENT + CONTENT_DIFFERENTIATION,2,UNIQUE_INTENT + MODEL/SERIES FACTS + CONDITION/VALUATION FACTORS + FAQ + INTERNAL LINKS
E_B2B,B2B,/รับซื้อคอมโรงเรียน-โคราช,/รับซื้อสินค้าไอทียกล็อต,B2B,รับซื้อคอมโรงเรียน,P1,RELEASED_W5_MANUAL,INDEX,DISTINCT_ORGANIZATION_WORKFLOW + UNIQUE_REQUIREMENTS,2,UNIQUE_INTENT + MODEL/SERIES FACTS + CONDITION/VALUATION FACTORS + FAQ + INTERNAL LINKS
E_B2B,B2B,/รับซื้อคอมมหาวิทยาลัย-โคราช,/รับซื้อสินค้าไอทียกล็อต,B2B,รับซื้อคอมมหาวิทยาลัย,P1,RELEASED_W5_MANUAL,INDEX,DISTINCT_ORGANIZATION_WORKFLOW + UNIQUE_REQUIREMENTS,2,UNIQUE_INTENT + MODEL/SERIES FACTS + CONDITION/VALUATION FACTORS + FAQ + INTERNAL LINKS
E_B2B,B2B,/รับซื้อคอมโรงงาน-โคราช,/รับซื้อสินค้าไอทียกล็อต,B2B,รับซื้อคอมโรงงาน,P1,RELEASED_W5_MANUAL,INDEX,DISTINCT_ORGANIZATION_WORKFLOW + UNIQUE_REQUIREMENTS,2,UNIQUE_INTENT + MODEL/SERIES FACTS + CONDITION/VALUATION FACTORS + FAQ + INTERNAL LINKS
E_B2B,B2B,/รับซื้อคอมโรงแรม-โคราช,/รับซื้อสินค้าไอทียกล็อต,B2B,รับซื้อคอมโรงแรม,P1,RELEASED_W5_MANUAL,INDEX,DISTINCT_ORGANIZATION_WORKFLOW + UNIQUE_REQUIREMENTS,2,UNIQUE_INTENT + MODEL/SERIES FACTS + CONDITION/VALUATION FACTORS + FAQ + INTERNAL LINKS
E_B2B,B2B,/รับซื้อคอมคลินิก-โคราช,/รับซื้อสินค้าไอทียกล็อต,B2B,รับซื้อคอมคลินิก,P1,RELEASED_W5_MANUAL,INDEX,DISTINCT_ORGANIZATION_WORKFLOW + UNIQUE_REQUIREMENTS,2,UNIQUE_INTENT + MODEL/SERIES FACTS + CONDITION/VALUATION FACTORS + FAQ + INTERNAL LINKS
E_B2B,B2B,/รับซื้อคอมสำนักงานบัญชี-โคราช,/รับซื้อสินค้าไอทียกล็อต,B2B,รับซื้อคอมสำนักงานบัญชี,P1,RELEASED_W5_MANUAL,INDEX,DISTINCT_ORGANIZATION_WORKFLOW + UNIQUE_REQUIREMENTS,2,UNIQUE_INTENT + MODEL/SERIES FACTS + CONDITION/VALUATION FACTORS + FAQ + INTERNAL LINKS
E_B2B,B2B,/รับซื้อคอมบริษัทก่อสร้าง-โคราช,/รับซื้อสินค้าไอทียกล็อต,B2B,รับซื้อคอมบริษัทก่อสร้าง,P1,RELEASED_W5_MANUAL,INDEX,DISTINCT_ORGANIZATION_WORKFLOW + UNIQUE_REQUIREMENTS,2,UNIQUE_INTENT + MODEL/SERIES FACTS + CONDITION/VALUATION FACTORS + FAQ + INTERNAL LINKS
E_B2B,B2B,/รับซื้อคอมบริษัทขนส่ง-โคราช,/รับซื้อสินค้าไอทียกล็อต,B2B,รับซื้อคอมบริษัทขนส่ง,P1,RELEASED_W5_MANUAL,INDEX,DISTINCT_ORGANIZATION_WORKFLOW + UNIQUE_REQUIREMENTS,2,UNIQUE_INTENT + MODEL/SERIES FACTS + CONDITION/VALUATION FACTORS + FAQ + INTERNAL LINKS
E_B2B,B2B,/รับซื้ออุปกรณ์ไอทีร้านค้าปลีก-โคราช,/รับซื้อสินค้าไอทียกล็อต,B2B,รับซื้อไอทีร้านค้าปลีก,P1,RELEASED_W5_MANUAL,INDEX,DISTINCT_ORGANIZATION_WORKFLOW + UNIQUE_REQUIREMENTS,2,UNIQUE_INTENT + MODEL/SERIES FACTS + CONDITION/VALUATION FACTORS + FAQ + INTERNAL LINKS
E_B2B,B2B,/รับซื้อ-pos-ร้านอาหาร-คาเฟ่-โคราช,/รับซื้อสินค้าไอทียกล็อต,B2B,รับซื้อ POS ร้านอาหารและคาเฟ่,P1,RELEASED_W5_MANUAL,INDEX,DISTINCT_ORGANIZATION_WORKFLOW + UNIQUE_REQUIREMENTS,2,UNIQUE_INTENT + MODEL/SERIES FACTS + CONDITION/VALUATION FACTORS + FAQ + INTERNAL LINKS
E_B2B,B2B,/รับซื้อคอมร้านเกม-โคราช,/รับซื้อสินค้าไอทียกล็อต,B2B,รับซื้อคอมร้านเกม,P1,RELEASED_W5_MANUAL,INDEX,DISTINCT_ORGANIZATION_WORKFLOW + UNIQUE_REQUIREMENTS,2,UNIQUE_INTENT + MODEL/SERIES FACTS + CONDITION/VALUATION FACTORS + FAQ + INTERNAL LINKS
E_B2B,B2B,/รับซื้อคอมอินเทอร์เน็ตคาเฟ่-โคราช,/รับซื้อสินค้าไอทียกล็อต,B2B,รับซื้อคอมอินเทอร์เน็ตคาเฟ่,P1,RELEASED_W5_MANUAL,INDEX,DISTINCT_ORGANIZATION_WORKFLOW + UNIQUE_REQUIREMENTS,2,UNIQUE_INTENT + MODEL/SERIES FACTS + CONDITION/VALUATION FACTORS + FAQ + INTERNAL LINKS
E_B2B,B2B,/รับซื้อไอทีโกดังศูนย์กระจายสินค้า-โคราช,/รับซื้อสินค้าไอทียกล็อต,B2B,รับซื้อไอทีโกดัง,P1,RELEASED_W5_MANUAL,INDEX,DISTINCT_ORGANIZATION_WORKFLOW + UNIQUE_REQUIREMENTS,2,UNIQUE_INTENT + MODEL/SERIES FACTS + CONDITION/VALUATION FACTORS + FAQ + INTERNAL LINKS
E_B2B,B2B,/รับซื้อคอม-call-center-โคราช,/รับซื้อสินค้าไอทียกล็อต,B2B,รับซื้อคอม Call Center,P1,RELEASED_W5_MANUAL,INDEX,DISTINCT_ORGANIZATION_WORKFLOW + UNIQUE_REQUIREMENTS,2,UNIQUE_INTENT + MODEL/SERIES FACTS + CONDITION/VALUATION FACTORS + FAQ + INTERNAL LINKS
E_B2B,B2B,/รับซื้อไอที-coworking-space-โคราช,/รับซื้อสินค้าไอทียกล็อต,B2B,รับซื้อไอที Co-working Space,P1,RELEASED_W5_MANUAL,INDEX,DISTINCT_ORGANIZATION_WORKFLOW + UNIQUE_REQUIREMENTS,2,UNIQUE_INTENT + MODEL/SERIES FACTS + CONDITION/VALUATION FACTORS + FAQ + INTERNAL LINKS
E_B2B,B2B,/รับซื้อคอมบริษัทเปลี่ยนเครื่องพนักงาน-โคราช,/รับซื้อสินค้าไอทียกล็อต,B2B,บริษัทเปลี่ยนเครื่องพนักงาน,P1,RELEASED_W5_MANUAL,INDEX,DISTINCT_ORGANIZATION_WORKFLOW + UNIQUE_REQUIREMENTS,2,UNIQUE_INTENT + MODEL/SERIES FACTS + CONDITION/VALUATION FACTORS + FAQ + INTERNAL LINKS
E_B2B,B2B,/รับซื้อคอมหมดสัญญาเช่า-โคราช,/รับซื้อสินค้าไอทียกล็อต,B2B,คอมหมดสัญญาเช่า,P1,RELEASED_W5_MANUAL,INDEX,DISTINCT_ORGANIZATION_WORKFLOW + UNIQUE_REQUIREMENTS,2,UNIQUE_INTENT + MODEL/SERIES FACTS + CONDITION/VALUATION FACTORS + FAQ + INTERNAL LINKS
E_B2B,B2B,/รับซื้อ-it-asset-disposition-โคราช,/รับซื้อสินค้าไอทียกล็อต,B2B,IT asset disposition,P1,RELEASED_W5_MANUAL,INDEX,DISTINCT_ORGANIZATION_WORKFLOW + UNIQUE_REQUIREMENTS,2,UNIQUE_INTENT + MODEL/SERIES FACTS + CONDITION/VALUATION FACTORS + FAQ + INTERNAL LINKS
E_B2B,B2B,/รับซื้อจอมอนิเตอร์หลายเครื่อง-โคราช,/รับซื้อสินค้าไอทียกล็อต,B2B,ขายจอมอนิเตอร์หลายเครื่อง,P1,RELEASED_W5_MANUAL,INDEX,DISTINCT_ORGANIZATION_WORKFLOW + UNIQUE_REQUIREMENTS,2,UNIQUE_INTENT + MODEL/SERIES FACTS + CONDITION/VALUATION FACTORS + FAQ + INTERNAL LINKS
E_B2B,B2B,/รับซื้อโน๊ตบุ๊คบริษัทหลายเครื่อง-โคราช,/รับซื้อสินค้าไอทียกล็อต,B2B,ขายโน๊ตบุ๊คบริษัทหลายเครื่อง,P1,RELEASED_W5_MANUAL,INDEX,DISTINCT_ORGANIZATION_WORKFLOW + UNIQUE_REQUIREMENTS,2,UNIQUE_INTENT + MODEL/SERIES FACTS + CONDITION/VALUATION FACTORS + FAQ + INTERNAL LINKS
F_LOCAL,LOCATION,/พื้นที่/ครบุรี,/พื้นที่,LOCATION,รับซื้อไอที ครบุรี,P1,RELEASED_W5_MANUAL,INDEX,UNIQUE_AREA_SERVICE_CONTENT + NO_FAKE_BRANCH,2,UNIQUE_INTENT + MODEL/SERIES FACTS + CONDITION/VALUATION FACTORS + FAQ + INTERNAL LINKS
F_LOCAL,LOCATION,/พื้นที่/เสิงสาง,/พื้นที่,LOCATION,รับซื้อไอที เสิงสาง,P1,RELEASED_W5_MANUAL,INDEX,UNIQUE_AREA_SERVICE_CONTENT + NO_FAKE_BRANCH,2,UNIQUE_INTENT + MODEL/SERIES FACTS + CONDITION/VALUATION FACTORS + FAQ + INTERNAL LINKS
F_LOCAL,LOCATION,/พื้นที่/คง,/พื้นที่,LOCATION,รับซื้อไอที คง,P1,RELEASED_W5_MANUAL,INDEX,UNIQUE_AREA_SERVICE_CONTENT + NO_FAKE_BRANCH,2,UNIQUE_INTENT + MODEL/SERIES FACTS + CONDITION/VALUATION FACTORS + FAQ + INTERNAL LINKS
F_LOCAL,LOCATION,/พื้นที่/บ้านเหลื่อม,/พื้นที่,LOCATION,รับซื้อไอที บ้านเหลื่อม,P1,RELEASED_W5_MANUAL,INDEX,UNIQUE_AREA_SERVICE_CONTENT + NO_FAKE_BRANCH,2,UNIQUE_INTENT + MODEL/SERIES FACTS + CONDITION/VALUATION FACTORS + FAQ + INTERNAL LINKS
F_LOCAL,LOCATION,/พื้นที่/จักราช,/พื้นที่,LOCATION,รับซื้อไอที จักราช,P1,RELEASED_W5_MANUAL,INDEX,UNIQUE_AREA_SERVICE_CONTENT + NO_FAKE_BRANCH,2,UNIQUE_INTENT + MODEL/SERIES FACTS + CONDITION/VALUATION FACTORS + FAQ + INTERNAL LINKS
F_LOCAL,LOCATION,/พื้นที่/โนนไทย,/พื้นที่,LOCATION,รับซื้อไอที โนนไทย,P1,RELEASED_W5_MANUAL,INDEX,UNIQUE_AREA_SERVICE_CONTENT + NO_FAKE_BRANCH,2,UNIQUE_INTENT + MODEL/SERIES FACTS + CONDITION/VALUATION FACTORS + FAQ + INTERNAL LINKS
F_LOCAL,LOCATION,/พื้นที่/ขามสะแกแสง,/พื้นที่,LOCATION,รับซื้อไอที ขามสะแกแสง,P1,RELEASED_W5_MANUAL,INDEX,UNIQUE_AREA_SERVICE_CONTENT + NO_FAKE_BRANCH,2,UNIQUE_INTENT + MODEL/SERIES FACTS + CONDITION/VALUATION FACTORS + FAQ + INTERNAL LINKS
F_LOCAL,LOCATION,/พื้นที่/ประทาย,/พื้นที่,LOCATION,รับซื้อไอที ประทาย,P1,RELEASED_W5_MANUAL,INDEX,UNIQUE_AREA_SERVICE_CONTENT + NO_FAKE_BRANCH,2,UNIQUE_INTENT + MODEL/SERIES FACTS + CONDITION/VALUATION FACTORS + FAQ + INTERNAL LINKS
F_LOCAL,LOCATION,/พื้นที่/ห้วยแถลง,/พื้นที่,LOCATION,รับซื้อไอที ห้วยแถลง,P1,RELEASED_W5_MANUAL,INDEX,UNIQUE_AREA_SERVICE_CONTENT + NO_FAKE_BRANCH,2,UNIQUE_INTENT + MODEL/SERIES FACTS + CONDITION/VALUATION FACTORS + FAQ + INTERNAL LINKS
F_LOCAL,LOCATION,/พื้นที่/ชุมพวง,/พื้นที่,LOCATION,รับซื้อไอที ชุมพวง,P1,RELEASED_W5_MANUAL,INDEX,UNIQUE_AREA_SERVICE_CONTENT + NO_FAKE_BRANCH,2,UNIQUE_INTENT + MODEL/SERIES FACTS + CONDITION/VALUATION FACTORS + FAQ + INTERNAL LINKS
F_LOCAL,LOCATION,/พื้นที่/ขามทะเลสอ,/พื้นที่,LOCATION,รับซื้อไอที ขามทะเลสอ,P1,RELEASED_W5_MANUAL,INDEX,UNIQUE_AREA_SERVICE_CONTENT + NO_FAKE_BRANCH,2,UNIQUE_INTENT + MODEL/SERIES FACTS + CONDITION/VALUATION FACTORS + FAQ + INTERNAL LINKS
F_LOCAL,LOCATION,/พื้นที่/หนองบุญมาก,/พื้นที่,LOCATION,รับซื้อไอที หนองบุญมาก,P1,RELEASED_W5_MANUAL,INDEX,UNIQUE_AREA_SERVICE_CONTENT + NO_FAKE_BRANCH,2,UNIQUE_INTENT + MODEL/SERIES FACTS + CONDITION/VALUATION FACTORS + FAQ + INTERNAL LINKS
F_LOCAL,LOCATION,/พื้นที่/แก้งสนามนาง,/พื้นที่,LOCATION,รับซื้อไอที แก้งสนามนาง,P1,RELEASED_W5_MANUAL,INDEX,UNIQUE_AREA_SERVICE_CONTENT + NO_FAKE_BRANCH,2,UNIQUE_INTENT + MODEL/SERIES FACTS + CONDITION/VALUATION FACTORS + FAQ + INTERNAL LINKS
F_LOCAL,LOCATION,/พื้นที่/โนนแดง,/พื้นที่,LOCATION,รับซื้อไอที โนนแดง,P1,RELEASED_W5_MANUAL,INDEX,UNIQUE_AREA_SERVICE_CONTENT + NO_FAKE_BRANCH,2,UNIQUE_INTENT + MODEL/SERIES FACTS + CONDITION/VALUATION FACTORS + FAQ + INTERNAL LINKS
F_LOCAL,LOCATION,/พื้นที่/วังน้ำเขียว,/พื้นที่,LOCATION,รับซื้อไอที วังน้ำเขียว,P1,RELEASED_W5_MANUAL,INDEX,UNIQUE_AREA_SERVICE_CONTENT + NO_FAKE_BRANCH,2,UNIQUE_INTENT + MODEL/SERIES FACTS + CONDITION/VALUATION FACTORS + FAQ + INTERNAL LINKS
F_LOCAL,LOCATION,/พื้นที่/เทพารักษ์,/พื้นที่,LOCATION,รับซื้อไอที เทพารักษ์,P1,RELEASED_W6_MANUAL_SAFE,INDEX_AFTER_QUALITY_GATE,UNIQUE_AREA_SERVICE_CONTENT + NO_FAKE_BRANCH,2,UNIQUE_INTENT + MODEL/SERIES FACTS + CONDITION/VALUATION FACTORS + FAQ + INTERNAL LINKS
F_LOCAL,LOCATION,/พื้นที่/เมืองยาง,/พื้นที่,LOCATION,รับซื้อไอที เมืองยาง,P1,RELEASED_W6_MANUAL_SAFE,INDEX_AFTER_QUALITY_GATE,UNIQUE_AREA_SERVICE_CONTENT + NO_FAKE_BRANCH,2,UNIQUE_INTENT + MODEL/SERIES FACTS + CONDITION/VALUATION FACTORS + FAQ + INTERNAL LINKS
F_LOCAL,LOCATION,/พื้นที่/พระทองคำ,/พื้นที่,LOCATION,รับซื้อไอที พระทองคำ,P1,RELEASED_W6_MANUAL_SAFE,INDEX_AFTER_QUALITY_GATE,UNIQUE_AREA_SERVICE_CONTENT + NO_FAKE_BRANCH,2,UNIQUE_INTENT + MODEL/SERIES FACTS + CONDITION/VALUATION FACTORS + FAQ + INTERNAL LINKS
F_LOCAL,LOCATION,/พื้นที่/ลำทะเมนชัย,/พื้นที่,LOCATION,รับซื้อไอที ลำทะเมนชัย,P1,RELEASED_W6_MANUAL_SAFE,INDEX_AFTER_QUALITY_GATE,UNIQUE_AREA_SERVICE_CONTENT + NO_FAKE_BRANCH,2,UNIQUE_INTENT + MODEL/SERIES FACTS + CONDITION/VALUATION FACTORS + FAQ + INTERNAL LINKS
F_LOCAL,LOCATION,/พื้นที่/บัวลาย,/พื้นที่,LOCATION,รับซื้อไอที บัวลาย,P1,RELEASED_W6_MANUAL_SAFE,INDEX_AFTER_QUALITY_GATE,UNIQUE_AREA_SERVICE_CONTENT + NO_FAKE_BRANCH,2,UNIQUE_INTENT + MODEL/SERIES FACTS + CONDITION/VALUATION FACTORS + FAQ + INTERNAL LINKS
F_LOCAL,LOCATION,/พื้นที่/สีดา,/พื้นที่,LOCATION,รับซื้อไอที สีดา,P1,RELEASED_W6_MANUAL_SAFE,INDEX_AFTER_QUALITY_GATE,UNIQUE_AREA_SERVICE_CONTENT + NO_FAKE_BRANCH,2,UNIQUE_INTENT + MODEL/SERIES FACTS + CONDITION/VALUATION FACTORS + FAQ + INTERNAL LINKS
F_LOCAL,LOCATION,/พื้นที่/เฉลิมพระเกียรติ,/พื้นที่,LOCATION,รับซื้อไอที เฉลิมพระเกียรติ,P1,RELEASED_W6_MANUAL_SAFE,INDEX_AFTER_QUALITY_GATE,UNIQUE_AREA_SERVICE_CONTENT + NO_FAKE_BRANCH,2,UNIQUE_INTENT + MODEL/SERIES FACTS + CONDITION/VALUATION FACTORS + FAQ + INTERNAL LINKS
F_LOCAL,LOCATION,/พื้นที่/จอหอ,/พื้นที่,LOCATION,รับซื้อไอที จอหอ,P1,RELEASED_W6_MANUAL_SAFE,INDEX_AFTER_QUALITY_GATE,UNIQUE_LOCAL_DEMAND + NO_FAKE_BRANCH,2,UNIQUE_INTENT + MODEL/SERIES FACTS + CONDITION/VALUATION FACTORS + FAQ + INTERNAL LINKS
F_LOCAL,LOCATION,/พื้นที่/หัวทะเล,/พื้นที่,LOCATION,รับซื้อไอที หัวทะเล,P1,RELEASED_W6_MANUAL_SAFE,INDEX_AFTER_QUALITY_GATE,UNIQUE_LOCAL_DEMAND + NO_FAKE_BRANCH,2,UNIQUE_INTENT + MODEL/SERIES FACTS + CONDITION/VALUATION FACTORS + FAQ + INTERNAL LINKS
F_LOCAL,LOCATION,/พื้นที่/สุรนารี,/พื้นที่,LOCATION,รับซื้อไอที ตำบลสุรนารี,P1,RELEASED_W6_MANUAL_SAFE,INDEX_AFTER_QUALITY_GATE,UNIQUE_LOCAL_DEMAND + NO_FAKE_BRANCH,2,UNIQUE_INTENT + MODEL/SERIES FACTS + CONDITION/VALUATION FACTORS + FAQ + INTERNAL LINKS
F_LOCAL,LOCATION,/พื้นที่/นิคมอุตสาหกรรมนวนคร-นครราชสีมา,/พื้นที่,LOCATION,รับซื้อไอที นิคมอุตสาหกรรมนวนคร นครราชสีมา,P1,RELEASED_W6_MANUAL_SAFE,INDEX_AFTER_QUALITY_GATE,UNIQUE_LOCAL_DEMAND + NO_FAKE_BRANCH,2,UNIQUE_INTENT + MODEL/SERIES FACTS + CONDITION/VALUATION FACTORS + FAQ + INTERNAL LINKS
F_LOCAL,LOCATION,/พื้นที่/เขตอุตสาหกรรมสุรนารี,/พื้นที่,LOCATION,รับซื้อไอที เขตอุตสาหกรรมสุรนารี,P1,RELEASED_W6_MANUAL_SAFE,INDEX_AFTER_QUALITY_GATE,UNIQUE_LOCAL_DEMAND + NO_FAKE_BRANCH,2,UNIQUE_INTENT + MODEL/SERIES FACTS + CONDITION/VALUATION FACTORS + FAQ + INTERNAL LINKS
F_LOCAL,LOCATION,/พื้นที่/มหาวิทยาลัยราชภัฏนครราชสีมา,/พื้นที่,LOCATION,รับซื้อไอที มหาวิทยาลัยราชภัฏนครราชสีมา,P1,RELEASED_W6_MANUAL_SAFE,INDEX_AFTER_QUALITY_GATE,UNIQUE_LOCAL_DEMAND + NO_FAKE_BRANCH,2,UNIQUE_INTENT + MODEL/SERIES FACTS + CONDITION/VALUATION FACTORS + FAQ + INTERNAL LINKS
G_GUIDE,GUIDE,/บทความ/วิธีดู-serial-number-ก่อนขายสินค้าไอที,/บทความ,CONTENT,วิธีดู Serial Number ก่อนขายสินค้าไอที,P1,RELEASED_W6_MANUAL_SAFE,INDEX_AFTER_QUALITY_GATE,INFORMATIONAL_INTENT + COMMERCIAL_BRIDGE,2,UNIQUE_INTENT + MODEL/SERIES FACTS + CONDITION/VALUATION FACTORS + FAQ + INTERNAL LINKS
G_GUIDE,GUIDE,/บทความ/วิธีดู-service-tag-dell-ก่อนขาย,/บทความ,CONTENT,วิธีดู Service Tag Dell ก่อนขาย,P1,RELEASED_W6_MANUAL_SAFE,INDEX_AFTER_QUALITY_GATE,INFORMATIONAL_INTENT + COMMERCIAL_BRIDGE,2,UNIQUE_INTENT + MODEL/SERIES FACTS + CONDITION/VALUATION FACTORS + FAQ + INTERNAL LINKS
G_GUIDE,GUIDE,/บทความ/วิธีดูรหัสรุ่น-asus-ก่อนขาย,/บทความ,CONTENT,วิธีดูรหัสรุ่น ASUS ก่อนขาย,P1,RELEASED_W6_MANUAL_SAFE,INDEX_AFTER_QUALITY_GATE,INFORMATIONAL_INTENT + COMMERCIAL_BRIDGE,2,UNIQUE_INTENT + MODEL/SERIES FACTS + CONDITION/VALUATION FACTORS + FAQ + INTERNAL LINKS
G_GUIDE,GUIDE,/บทความ/วิธีดูรุ่น-macbook-ก่อนขาย,/บทความ,CONTENT,วิธีดูรุ่น MacBook ก่อนขาย,P1,RELEASED_W6_MANUAL_SAFE,INDEX_AFTER_QUALITY_GATE,INFORMATIONAL_INTENT + COMMERCIAL_BRIDGE,2,UNIQUE_INTENT + MODEL/SERIES FACTS + CONDITION/VALUATION FACTORS + FAQ + INTERNAL LINKS
G_GUIDE,GUIDE,/บทความ/วิธีดูรุ่นการ์ดจอในโน๊ตบุ๊ค,/บทความ,CONTENT,วิธีดูรุ่นการ์ดจอในโน๊ตบุ๊ค,P1,RELEASED_W6_MANUAL_SAFE,INDEX_AFTER_QUALITY_GATE,INFORMATIONAL_INTENT + COMMERCIAL_BRIDGE,2,UNIQUE_INTENT + MODEL/SERIES FACTS + CONDITION/VALUATION FACTORS + FAQ + INTERNAL LINKS
G_GUIDE,GUIDE,/บทความ/วิธีดู-battery-health-iphone-ก่อนขาย,/บทความ,CONTENT,วิธีดู Battery Health iPhone ก่อนขาย,P1,RELEASED_W6_MANUAL_SAFE,INDEX_AFTER_QUALITY_GATE,INFORMATIONAL_INTENT + COMMERCIAL_BRIDGE,2,UNIQUE_INTENT + MODEL/SERIES FACTS + CONDITION/VALUATION FACTORS + FAQ + INTERNAL LINKS
G_GUIDE,GUIDE,/บทความ/วิธีดู-smart-ssd-ก่อนขาย,/บทความ,CONTENT,วิธีดู SMART SSD ก่อนขาย,P1,RELEASED_W6_MANUAL_SAFE,INDEX_AFTER_QUALITY_GATE,INFORMATIONAL_INTENT + COMMERCIAL_BRIDGE,2,UNIQUE_INTENT + MODEL/SERIES FACTS + CONDITION/VALUATION FACTORS + FAQ + INTERNAL LINKS
G_GUIDE,GUIDE,/บทความ/วิธีเช็ก-dead-pixel-ก่อนขายจอ,/บทความ,CONTENT,วิธีเช็ก Dead Pixel ก่อนขายจอ,P1,RELEASED_W6_MANUAL_SAFE,INDEX_AFTER_QUALITY_GATE,INFORMATIONAL_INTENT + COMMERCIAL_BRIDGE,2,UNIQUE_INTENT + MODEL/SERIES FACTS + CONDITION/VALUATION FACTORS + FAQ + INTERNAL LINKS
G_GUIDE,GUIDE,/บทความ/วิธีทดสอบคีย์บอร์ดโน๊ตบุ๊คก่อนขาย,/บทความ,CONTENT,วิธีทดสอบคีย์บอร์ดโน๊ตบุ๊คก่อนขาย,P1,RELEASED_W6_MANUAL_SAFE,INDEX_AFTER_QUALITY_GATE,INFORMATIONAL_INTENT + COMMERCIAL_BRIDGE,2,UNIQUE_INTENT + MODEL/SERIES FACTS + CONDITION/VALUATION FACTORS + FAQ + INTERNAL LINKS
G_GUIDE,GUIDE,/บทความ/วิธีแพ็กจอมอนิเตอร์ก่อนส่งประเมิน,/บทความ,CONTENT,วิธีแพ็กจอมอนิเตอร์,P1,RELEASED_W6_MANUAL_SAFE,INDEX_AFTER_QUALITY_GATE,INFORMATIONAL_INTENT + COMMERCIAL_BRIDGE,2,UNIQUE_INTENT + MODEL/SERIES FACTS + CONDITION/VALUATION FACTORS + FAQ + INTERNAL LINKS
G_GUIDE,GUIDE,/บทความ/วิธีแพ็กคอมตั้งโต๊ะก่อนส่ง,/บทความ,CONTENT,วิธีแพ็กคอมตั้งโต๊ะ,P1,RELEASED_W6_MANUAL_SAFE,INDEX_AFTER_QUALITY_GATE,INFORMATIONAL_INTENT + COMMERCIAL_BRIDGE,2,UNIQUE_INTENT + MODEL/SERIES FACTS + CONDITION/VALUATION FACTORS + FAQ + INTERNAL LINKS
G_GUIDE,GUIDE,/บทความ/วิธีแพ็กกล้องและเลนส์ก่อนส่ง,/บทความ,CONTENT,วิธีแพ็กกล้องและเลนส์,P1,RELEASED_W6_MANUAL_SAFE,INDEX_AFTER_QUALITY_GATE,INFORMATIONAL_INTENT + COMMERCIAL_BRIDGE,2,UNIQUE_INTENT + MODEL/SERIES FACTS + CONDITION/VALUATION FACTORS + FAQ + INTERNAL LINKS
G_GUIDE,GUIDE,/บทความ/วิธีเตรียมคอมบริษัทก่อนขายยกล็อต,/บทความ,CONTENT,วิธีเตรียมคอมบริษัทก่อนขายยกล็อต,P1,RELEASED_W6_MANUAL_SAFE,INDEX_AFTER_QUALITY_GATE,INFORMATIONAL_INTENT + COMMERCIAL_BRIDGE,2,UNIQUE_INTENT + MODEL/SERIES FACTS + CONDITION/VALUATION FACTORS + FAQ + INTERNAL LINKS
G_GUIDE,GUIDE,/บทความ/วิธีทำ-asset-list-ก่อนขายไอทีบริษัท,/บทความ,CONTENT,วิธีทำ Asset List,P1,RELEASED_W6_MANUAL_SAFE,INDEX_AFTER_QUALITY_GATE,INFORMATIONAL_INTENT + COMMERCIAL_BRIDGE,2,UNIQUE_INTENT + MODEL/SERIES FACTS + CONDITION/VALUATION FACTORS + FAQ + INTERNAL LINKS
G_GUIDE,GUIDE,/บทความ/วิธีเช็กราคาคอมหลายเครื่องก่อนขาย,/บทความ,CONTENT,วิธีเช็กราคาคอมหลายเครื่อง,P1,RELEASED_W6_MANUAL_SAFE,INDEX_AFTER_QUALITY_GATE,INFORMATIONAL_INTENT + COMMERCIAL_BRIDGE,2,UNIQUE_INTENT + MODEL/SERIES FACTS + CONDITION/VALUATION FACTORS + FAQ + INTERNAL LINKS
G_GUIDE,GUIDE,/บทความ/ประกันหมดมีผลต่อราคามือสองอย่างไร,/บทความ,CONTENT,ประกันหมดมีผลต่อราคาอย่างไร,P1,RELEASED_W6_MANUAL_SAFE,INDEX_AFTER_QUALITY_GATE,INFORMATIONAL_INTENT + COMMERCIAL_BRIDGE,2,UNIQUE_INTENT + MODEL/SERIES FACTS + CONDITION/VALUATION FACTORS + FAQ + INTERNAL LINKS
G_GUIDE,GUIDE,/บทความ/อุปกรณ์ไม่ครบมีผลต่อราคามือสองอย่างไร,/บทความ,CONTENT,อุปกรณ์ไม่ครบมีผลต่อราคาอย่างไร,P1,RELEASED_W6_MANUAL_SAFE,INDEX_AFTER_QUALITY_GATE,INFORMATIONAL_INTENT + COMMERCIAL_BRIDGE,2,UNIQUE_INTENT + MODEL/SERIES FACTS + CONDITION/VALUATION FACTORS + FAQ + INTERNAL LINKS
G_GUIDE,GUIDE,/บทความ/รอยและตำหนิมีผลต่อราคาสินค้าไอทีอย่างไร,/บทความ,CONTENT,รอยและตำหนิมีผลต่อราคาอย่างไร,P1,RELEASED_W6_MANUAL_SAFE,INDEX_AFTER_QUALITY_GATE,INFORMATIONAL_INTENT + COMMERCIAL_BRIDGE,2,UNIQUE_INTENT + MODEL/SERIES FACTS + CONDITION/VALUATION FACTORS + FAQ + INTERNAL LINKS
