rank,url,group,nodeType,parent,cluster,priority,state,reason
1,/รับซื้อโน๊ตบุ๊คสภาพภายนอกหนัก-โคราช,D_CONDITION,CONDITION,/รับซื้อโน๊ตบุ๊ค-โคราช,NOTEBOOK,P1,PROVISIONAL_ONLY,Provisional W5 candidate only; requires real W4 Observation Gate + manual approval before source release.
2,/รับซื้อโทรศัพท์ไม่มีกล่อง-โคราช,D_CONDITION,CONDITION,/รับซื้อโทรศัพท์มือถือ-โคราช,MOBILE,P1,PROVISIONAL_ONLY,Provisional W5 candidate only; requires real W4 Observation Gate + manual approval before source release.
3,/รับซื้อโทรศัพท์สแกนนิ้วเสีย-โคราช,D_CONDITION,CONDITION,/รับซื้อโทรศัพท์-android-โคราช,MOBILE,P1,PROVISIONAL_ONLY,Provisional W5 candidate only; requires real W4 Observation Gate + manual approval before source release.
4,/รับซื้อกล้องเซ็นเซอร์มีฝุ่น-โคราช,D_CONDITION,CONDITION,/รับซื้อกล้อง-โคราช,CAMERA,P1,PROVISIONAL_ONLY,Provisional W5 candidate only; requires real W4 Observation Gate + manual approval before source release.
5,/รับซื้อเครื่องเกม-hdmi-เสีย-โคราช,D_CONDITION,CONDITION,/รับซื้อเครื่องเกม-โคราช,GAMING,P1,PROVISIONAL_ONLY,Provisional W5 candidate only; requires real W4 Observation Gate + manual approval before source release.
6,/รับซื้อคอมโรงเรียน-โคราช,E_B2B,B2B,/รับซื้อสินค้าไอทียกล็อต,B2B,P1,PROVISIONAL_ONLY,Provisional W5 candidate only; requires real W4 Observation Gate + manual approval before source release.
7,/รับซื้อคอมมหาวิทยาลัย-โคราช,E_B2B,B2B,/รับซื้อสินค้าไอทียกล็อต,B2B,P1,PROVISIONAL_ONLY,Provisional W5 candidate only; requires real W4 Observation Gate + manual approval before source release.
8,/รับซื้อคอมโรงงาน-โคราช,E_B2B,B2B,/รับซื้อสินค้าไอทียกล็อต,B2B,P1,PROVISIONAL_ONLY,Provisional W5 candidate only; requires real W4 Observation Gate + manual approval before source release.
9,/รับซื้อคอมโรงแรม-โคราช,E_B2B,B2B,/รับซื้อสินค้าไอทียกล็อต,B2B,P1,PROVISIONAL_ONLY,Provisional W5 candidate only; requires real W4 Observation Gate + manual approval before source release.
10,/รับซื้อคอมคลินิก-โคราช,E_B2B,B2B,/รับซื้อสินค้าไอทียกล็อต,B2B,P1,PROVISIONAL_ONLY,Provisional W5 candidate only; requires real W4 Observation Gate + manual approval before source release.
11,/รับซื้อคอมสำนักงานบัญชี-โคราช,E_B2B,B2B,/รับซื้อสินค้าไอทียกล็อต,B2B,P1,PROVISIONAL_ONLY,Provisional W5 candidate only; requires real W4 Observation Gate + manual approval before source release.
12,/รับซื้อคอมบริษัทก่อสร้าง-โคราช,E_B2B,B2B,/รับซื้อสินค้าไอทียกล็อต,B2B,P1,PROVISIONAL_ONLY,Provisional W5 candidate only; requires real W4 Observation Gate + manual approval before source release.
13,/รับซื้อคอมบริษัทขนส่ง-โคราช,E_B2B,B2B,/รับซื้อสินค้าไอทียกล็อต,B2B,P1,PROVISIONAL_ONLY,Provisional W5 candidate only; requires real W4 Observation Gate + manual approval before source release.
14,/รับซื้ออุปกรณ์ไอทีร้านค้าปลีก-โคราช,E_B2B,B2B,/รับซื้อสินค้าไอทียกล็อต,B2B,P1,PROVISIONAL_ONLY,Provisional W5 candidate only; requires real W4 Observation Gate + manual approval before source release.
15,/รับซื้อ-pos-ร้านอาหาร-คาเฟ่-โคราช,E_B2B,B2B,/รับซื้อสินค้าไอทียกล็อต,B2B,P1,PROVISIONAL_ONLY,Provisional W5 candidate only; requires real W4 Observation Gate + manual approval before source release.
16,/รับซื้อคอมร้านเกม-โคราช,E_B2B,B2B,/รับซื้อสินค้าไอทียกล็อต,B2B,P1,PROVISIONAL_ONLY,Provisional W5 candidate only; requires real W4 Observation Gate + manual approval before source release.
17,/รับซื้อคอมอินเทอร์เน็ตคาเฟ่-โคราช,E_B2B,B2B,/รับซื้อสินค้าไอทียกล็อต,B2B,P1,PROVISIONAL_ONLY,Provisional W5 candidate only; requires real W4 Observation Gate + manual approval before source release.
18,/รับซื้อไอทีโกดังศูนย์กระจายสินค้า-โคราช,E_B2B,B2B,/รับซื้อสินค้าไอทียกล็อต,B2B,P1,PROVISIONAL_ONLY,Provisional W5 candidate only; requires real W4 Observation Gate + manual approval before source release.
19,/รับซื้อคอม-call-center-โคราช,E_B2B,B2B,/รับซื้อสินค้าไอทียกล็อต,B2B,P1,PROVISIONAL_ONLY,Provisional W5 candidate only; requires real W4 Observation Gate + manual approval before source release.
20,/รับซื้อไอที-coworking-space-โคราช,E_B2B,B2B,/รับซื้อสินค้าไอทียกล็อต,B2B,P1,PROVISIONAL_ONLY,Provisional W5 candidate only; requires real W4 Observation Gate + manual approval before source release.
21,/รับซื้อคอมบริษัทเปลี่ยนเครื่องพนักงาน-โคราช,E_B2B,B2B,/รับซื้อสินค้าไอทียกล็อต,B2B,P1,PROVISIONAL_ONLY,Provisional W5 candidate only; requires real W4 Observation Gate + manual approval before source release.
22,/รับซื้อคอมหมดสัญญาเช่า-โคราช,E_B2B,B2B,/รับซื้อสินค้าไอทียกล็อต,B2B,P1,PROVISIONAL_ONLY,Provisional W5 candidate only; requires real W4 Observation Gate + manual approval before source release.
23,/รับซื้อ-it-asset-disposition-โคราช,E_B2B,B2B,/รับซื้อสินค้าไอทียกล็อต,B2B,P1,PROVISIONAL_ONLY,Provisional W5 candidate only; requires real W4 Observation Gate + manual approval before source release.
24,/รับซื้อจอมอนิเตอร์หลายเครื่อง-โคราช,E_B2B,B2B,/รับซื้อสินค้าไอทียกล็อต,B2B,P1,PROVISIONAL_ONLY,Provisional W5 candidate only; requires real W4 Observation Gate + manual approval before source release.
25,/รับซื้อโน๊ตบุ๊คบริษัทหลายเครื่อง-โคราช,E_B2B,B2B,/รับซื้อสินค้าไอทียกล็อต,B2B,P1,PROVISIONAL_ONLY,Provisional W5 candidate only; requires real W4 Observation Gate + manual approval before source release.
26,/พื้นที่/ครบุรี,F_LOCAL,LOCATION,/พื้นที่,LOCATION,P1,PROVISIONAL_ONLY,Provisional W5 candidate only; requires real W4 Observation Gate + manual approval before source release.
27,/พื้นที่/เสิงสาง,F_LOCAL,LOCATION,/พื้นที่,LOCATION,P1,PROVISIONAL_ONLY,Provisional W5 candidate only; requires real W4 Observation Gate + manual approval before source release.
28,/พื้นที่/คง,F_LOCAL,LOCATION,/พื้นที่,LOCATION,P1,PROVISIONAL_ONLY,Provisional W5 candidate only; requires real W4 Observation Gate + manual approval before source release.
29,/พื้นที่/บ้านเหลื่อม,F_LOCAL,LOCATION,/พื้นที่,LOCATION,P1,PROVISIONAL_ONLY,Provisional W5 candidate only; requires real W4 Observation Gate + manual approval before source release.
30,/พื้นที่/จักราช,F_LOCAL,LOCATION,/พื้นที่,LOCATION,P1,PROVISIONAL_ONLY,Provisional W5 candidate only; requires real W4 Observation Gate + manual approval before source release.
31,/พื้นที่/โนนไทย,F_LOCAL,LOCATION,/พื้นที่,LOCATION,P1,PROVISIONAL_ONLY,Provisional W5 candidate only; requires real W4 Observation Gate + manual approval before source release.
32,/พื้นที่/ขามสะแกแสง,F_LOCAL,LOCATION,/พื้นที่,LOCATION,P1,PROVISIONAL_ONLY,Provisional W5 candidate only; requires real W4 Observation Gate + manual approval before source release.
33,/พื้นที่/ประทาย,F_LOCAL,LOCATION,/พื้นที่,LOCATION,P1,PROVISIONAL_ONLY,Provisional W5 candidate only; requires real W4 Observation Gate + manual approval before source release.
34,/พื้นที่/ห้วยแถลง,F_LOCAL,LOCATION,/พื้นที่,LOCATION,P1,PROVISIONAL_ONLY,Provisional W5 candidate only; requires real W4 Observation Gate + manual approval before source release.
35,/พื้นที่/ชุมพวง,F_LOCAL,LOCATION,/พื้นที่,LOCATION,P1,PROVISIONAL_ONLY,Provisional W5 candidate only; requires real W4 Observation Gate + manual approval before source release.
36,/พื้นที่/ขามทะเลสอ,F_LOCAL,LOCATION,/พื้นที่,LOCATION,P1,PROVISIONAL_ONLY,Provisional W5 candidate only; requires real W4 Observation Gate + manual approval before source release.
37,/พื้นที่/หนองบุญมาก,F_LOCAL,LOCATION,/พื้นที่,LOCATION,P1,PROVISIONAL_ONLY,Provisional W5 candidate only; requires real W4 Observation Gate + manual approval before source release.
38,/พื้นที่/แก้งสนามนาง,F_LOCAL,LOCATION,/พื้นที่,LOCATION,P1,PROVISIONAL_ONLY,Provisional W5 candidate only; requires real W4 Observation Gate + manual approval before source release.
39,/พื้นที่/โนนแดง,F_LOCAL,LOCATION,/พื้นที่,LOCATION,P1,PROVISIONAL_ONLY,Provisional W5 candidate only; requires real W4 Observation Gate + manual approval before source release.
40,/พื้นที่/วังน้ำเขียว,F_LOCAL,LOCATION,/พื้นที่,LOCATION,P1,PROVISIONAL_ONLY,Provisional W5 candidate only; requires real W4 Observation Gate + manual approval before source release.
