url,group,nodeType,parent,cluster,score,eligible,decision,reasons
/รับซื้อคอมคลินิก-โคราช,E_B2B,B2B,/รับซื้อสินค้าไอทียกล็อต,B2B,69,YES,PROVISIONAL_ONLY,P1|PARENT_LIVE|B2B_FIT|PROVISIONAL_PREFERENCE
/รับซื้อคอมบริษัทก่อสร้าง-โคราช,E_B2B,B2B,/รับซื้อสินค้าไอทียกล็อต,B2B,69,YES,PROVISIONAL_ONLY,P1|PARENT_LIVE|B2B_FIT|PROVISIONAL_PREFERENCE
/รับซื้อคอมบริษัทขนส่ง-โคราช,E_B2B,B2B,/รับซื้อสินค้าไอทียกล็อต,B2B,69,YES,PROVISIONAL_ONLY,P1|PARENT_LIVE|B2B_FIT|PROVISIONAL_PREFERENCE
/รับซื้อคอมบริษัทเปลี่ยนเครื่องพนักงาน-โคราช,E_B2B,B2B,/รับซื้อสินค้าไอทียกล็อต,B2B,69,YES,PROVISIONAL_ONLY,P1|PARENT_LIVE|B2B_FIT|PROVISIONAL_PREFERENCE
/รับซื้อคอมมหาวิทยาลัย-โคราช,E_B2B,B2B,/รับซื้อสินค้าไอทียกล็อต,B2B,69,YES,PROVISIONAL_ONLY,P1|PARENT_LIVE|B2B_FIT|PROVISIONAL_PREFERENCE
/รับซื้อคอมร้านเกม-โคราช,E_B2B,B2B,/รับซื้อสินค้าไอทียกล็อต,B2B,69,YES,PROVISIONAL_ONLY,P1|PARENT_LIVE|B2B_FIT|PROVISIONAL_PREFERENCE
/รับซื้อคอมโรงงาน-โคราช,E_B2B,B2B,/รับซื้อสินค้าไอทียกล็อต,B2B,69,YES,PROVISIONAL_ONLY,P1|PARENT_LIVE|B2B_FIT|PROVISIONAL_PREFERENCE
/รับซื้อคอมโรงเรียน-โคราช,E_B2B,B2B,/รับซื้อสินค้าไอทียกล็อต,B2B,69,YES,PROVISIONAL_ONLY,P1|PARENT_LIVE|B2B_FIT|PROVISIONAL_PREFERENCE
/รับซื้อคอมโรงแรม-โคราช,E_B2B,B2B,/รับซื้อสินค้าไอทียกล็อต,B2B,69,YES,PROVISIONAL_ONLY,P1|PARENT_LIVE|B2B_FIT|PROVISIONAL_PREFERENCE
/รับซื้อคอมสำนักงานบัญชี-โคราช,E_B2B,B2B,/รับซื้อสินค้าไอทียกล็อต,B2B,69,YES,PROVISIONAL_ONLY,P1|PARENT_LIVE|B2B_FIT|PROVISIONAL_PREFERENCE
/รับซื้อคอมหมดสัญญาเช่า-โคราช,E_B2B,B2B,/รับซื้อสินค้าไอทียกล็อต,B2B,69,YES,PROVISIONAL_ONLY,P1|PARENT_LIVE|B2B_FIT|PROVISIONAL_PREFERENCE
/รับซื้อคอมอินเทอร์เน็ตคาเฟ่-โคราช,E_B2B,B2B,/รับซื้อสินค้าไอทียกล็อต,B2B,69,YES,PROVISIONAL_ONLY,P1|PARENT_LIVE|B2B_FIT|PROVISIONAL_PREFERENCE
/รับซื้อคอม-call-center-โคราช,E_B2B,B2B,/รับซื้อสินค้าไอทียกล็อต,B2B,69,YES,PROVISIONAL_ONLY,P1|PARENT_LIVE|B2B_FIT|PROVISIONAL_PREFERENCE
/รับซื้อจอมอนิเตอร์หลายเครื่อง-โคราช,E_B2B,B2B,/รับซื้อสินค้าไอทียกล็อต,B2B,69,YES,PROVISIONAL_ONLY,P1|PARENT_LIVE|B2B_FIT|PROVISIONAL_PREFERENCE
/รับซื้อโน๊ตบุ๊คบริษัทหลายเครื่อง-โคราช,E_B2B,B2B,/รับซื้อสินค้าไอทียกล็อต,B2B,69,YES,PROVISIONAL_ONLY,P1|PARENT_LIVE|B2B_FIT|PROVISIONAL_PREFERENCE
/รับซื้ออุปกรณ์ไอทีร้านค้าปลีก-โคราช,E_B2B,B2B,/รับซื้อสินค้าไอทียกล็อต,B2B,69,YES,PROVISIONAL_ONLY,P1|PARENT_LIVE|B2B_FIT|PROVISIONAL_PREFERENCE
/รับซื้อไอทีโกดังศูนย์กระจายสินค้า-โคราช,E_B2B,B2B,/รับซื้อสินค้าไอทียกล็อต,B2B,69,YES,PROVISIONAL_ONLY,P1|PARENT_LIVE|B2B_FIT|PROVISIONAL_PREFERENCE
/รับซื้อไอที-coworking-space-โคราช,E_B2B,B2B,/รับซื้อสินค้าไอทียกล็อต,B2B,69,YES,PROVISIONAL_ONLY,P1|PARENT_LIVE|B2B_FIT|PROVISIONAL_PREFERENCE
/รับซื้อ-it-asset-disposition-โคราช,E_B2B,B2B,/รับซื้อสินค้าไอทียกล็อต,B2B,69,YES,PROVISIONAL_ONLY,P1|PARENT_LIVE|B2B_FIT|PROVISIONAL_PREFERENCE
/รับซื้อ-pos-ร้านอาหาร-คาเฟ่-โคราช,E_B2B,B2B,/รับซื้อสินค้าไอทียกล็อต,B2B,69,YES,PROVISIONAL_ONLY,P1|PARENT_LIVE|B2B_FIT|PROVISIONAL_PREFERENCE
/พื้นที่/แก้งสนามนาง,F_LOCAL,LOCATION,/พื้นที่,LOCATION,67,YES,PROVISIONAL_ONLY,P1|PARENT_LIVE|LOCAL_FIT|PROVISIONAL_PREFERENCE
/พื้นที่/ขามทะเลสอ,F_LOCAL,LOCATION,/พื้นที่,LOCATION,67,YES,PROVISIONAL_ONLY,P1|PARENT_LIVE|LOCAL_FIT|PROVISIONAL_PREFERENCE
/พื้นที่/ขามสะแกแสง,F_LOCAL,LOCATION,/พื้นที่,LOCATION,67,YES,PROVISIONAL_ONLY,P1|PARENT_LIVE|LOCAL_FIT|PROVISIONAL_PREFERENCE
/พื้นที่/คง,F_LOCAL,LOCATION,/พื้นที่,LOCATION,67,YES,PROVISIONAL_ONLY,P1|PARENT_LIVE|LOCAL_FIT|PROVISIONAL_PREFERENCE
/พื้นที่/ครบุรี,F_LOCAL,LOCATION,/พื้นที่,LOCATION,67,YES,PROVISIONAL_ONLY,P1|PARENT_LIVE|LOCAL_FIT|PROVISIONAL_PREFERENCE
/พื้นที่/จักราช,F_LOCAL,LOCATION,/พื้นที่,LOCATION,67,YES,PROVISIONAL_ONLY,P1|PARENT_LIVE|LOCAL_FIT|PROVISIONAL_PREFERENCE
/พื้นที่/ชุมพวง,F_LOCAL,LOCATION,/พื้นที่,LOCATION,67,YES,PROVISIONAL_ONLY,P1|PARENT_LIVE|LOCAL_FIT|PROVISIONAL_PREFERENCE
/พื้นที่/โนนแดง,F_LOCAL,LOCATION,/พื้นที่,LOCATION,67,YES,PROVISIONAL_ONLY,P1|PARENT_LIVE|LOCAL_FIT|PROVISIONAL_PREFERENCE
/พื้นที่/โนนไทย,F_LOCAL,LOCATION,/พื้นที่,LOCATION,67,YES,PROVISIONAL_ONLY,P1|PARENT_LIVE|LOCAL_FIT|PROVISIONAL_PREFERENCE
/พื้นที่/บ้านเหลื่อม,F_LOCAL,LOCATION,/พื้นที่,LOCATION,67,YES,PROVISIONAL_ONLY,P1|PARENT_LIVE|LOCAL_FIT|PROVISIONAL_PREFERENCE
/พื้นที่/ประทาย,F_LOCAL,LOCATION,/พื้นที่,LOCATION,67,YES,PROVISIONAL_ONLY,P1|PARENT_LIVE|LOCAL_FIT|PROVISIONAL_PREFERENCE
/พื้นที่/วังน้ำเขียว,F_LOCAL,LOCATION,/พื้นที่,LOCATION,67,YES,PROVISIONAL_ONLY,P1|PARENT_LIVE|LOCAL_FIT|PROVISIONAL_PREFERENCE
/พื้นที่/เสิงสาง,F_LOCAL,LOCATION,/พื้นที่,LOCATION,67,YES,PROVISIONAL_ONLY,P1|PARENT_LIVE|LOCAL_FIT|PROVISIONAL_PREFERENCE
/พื้นที่/หนองบุญมาก,F_LOCAL,LOCATION,/พื้นที่,LOCATION,67,YES,PROVISIONAL_ONLY,P1|PARENT_LIVE|LOCAL_FIT|PROVISIONAL_PREFERENCE
/พื้นที่/ห้วยแถลง,F_LOCAL,LOCATION,/พื้นที่,LOCATION,67,YES,PROVISIONAL_ONLY,P1|PARENT_LIVE|LOCAL_FIT|PROVISIONAL_PREFERENCE
/รับซื้อกล้องเซ็นเซอร์มีฝุ่น-โคราช,D_CONDITION,CONDITION,/รับซื้อกล้อง-โคราช,CAMERA,65,YES,PROVISIONAL_ONLY,P1|PARENT_LIVE|CONDITION_FIT|PROVISIONAL_PREFERENCE
/รับซื้อเครื่องเกม-hdmi-เสีย-โคราช,D_CONDITION,CONDITION,/รับซื้อเครื่องเกม-โคราช,GAMING,65,YES,PROVISIONAL_ONLY,P1|PARENT_LIVE|CONDITION_FIT|PROVISIONAL_PREFERENCE
/รับซื้อโทรศัพท์ไม่มีกล่อง-โคราช,D_CONDITION,CONDITION,/รับซื้อโทรศัพท์มือถือ-โคราช,MOBILE,65,YES,PROVISIONAL_ONLY,P1|PARENT_LIVE|CONDITION_FIT|PROVISIONAL_PREFERENCE
/รับซื้อโทรศัพท์สแกนนิ้วเสีย-โคราช,D_CONDITION,CONDITION,/รับซื้อโทรศัพท์-android-โคราช,MOBILE,65,YES,PROVISIONAL_ONLY,P1|PARENT_LIVE|CONDITION_FIT|PROVISIONAL_PREFERENCE
/รับซื้อโน๊ตบุ๊คสภาพภายนอกหนัก-โคราช,D_CONDITION,CONDITION,/รับซื้อโน๊ตบุ๊ค-โคราช,NOTEBOOK,65,YES,PROVISIONAL_ONLY,P1|PARENT_LIVE|CONDITION_FIT|PROVISIONAL_PREFERENCE
/พื้นที่/เขตอุตสาหกรรมสุรนารี,F_LOCAL,LOCATION,/พื้นที่,LOCATION,60,YES,PROVISIONAL_ONLY,P1|PARENT_LIVE|LOCAL_FIT
/พื้นที่/จอหอ,F_LOCAL,LOCATION,/พื้นที่,LOCATION,60,YES,PROVISIONAL_ONLY,P1|PARENT_LIVE|LOCAL_FIT
/พื้นที่/เฉลิมพระเกียรติ,F_LOCAL,LOCATION,/พื้นที่,LOCATION,60,YES,PROVISIONAL_ONLY,P1|PARENT_LIVE|LOCAL_FIT
/พื้นที่/เทพารักษ์,F_LOCAL,LOCATION,/พื้นที่,LOCATION,60,YES,PROVISIONAL_ONLY,P1|PARENT_LIVE|LOCAL_FIT
/พื้นที่/นิคมอุตสาหกรรมนวนคร-นครราชสีมา,F_LOCAL,LOCATION,/พื้นที่,LOCATION,60,YES,PROVISIONAL_ONLY,P1|PARENT_LIVE|LOCAL_FIT
/พื้นที่/บัวลาย,F_LOCAL,LOCATION,/พื้นที่,LOCATION,60,YES,PROVISIONAL_ONLY,P1|PARENT_LIVE|LOCAL_FIT
/พื้นที่/พระทองคำ,F_LOCAL,LOCATION,/พื้นที่,LOCATION,60,YES,PROVISIONAL_ONLY,P1|PARENT_LIVE|LOCAL_FIT
/พื้นที่/มหาวิทยาลัยราชภัฏนครราชสีมา,F_LOCAL,LOCATION,/พื้นที่,LOCATION,60,YES,PROVISIONAL_ONLY,P1|PARENT_LIVE|LOCAL_FIT
/พื้นที่/เมืองยาง,F_LOCAL,LOCATION,/พื้นที่,LOCATION,60,YES,PROVISIONAL_ONLY,P1|PARENT_LIVE|LOCAL_FIT
/พื้นที่/ลำทะเมนชัย,F_LOCAL,LOCATION,/พื้นที่,LOCATION,60,YES,PROVISIONAL_ONLY,P1|PARENT_LIVE|LOCAL_FIT
/พื้นที่/สีดา,F_LOCAL,LOCATION,/พื้นที่,LOCATION,60,YES,PROVISIONAL_ONLY,P1|PARENT_LIVE|LOCAL_FIT
/พื้นที่/สุรนารี,F_LOCAL,LOCATION,/พื้นที่,LOCATION,60,YES,PROVISIONAL_ONLY,P1|PARENT_LIVE|LOCAL_FIT
/พื้นที่/หัวทะเล,F_LOCAL,LOCATION,/พื้นที่,LOCATION,60,YES,PROVISIONAL_ONLY,P1|PARENT_LIVE|LOCAL_FIT
