"route","category","title","action","asset","slot","alt"
"/","หน้าแรก","รับซื้อสินค้าไอทีโคราช ประเมินเบื้องต้นผ่าน LINE","แทนภาพวาด","src/assets/images/realistic/general-it-cover.webp","VISUAL-GENERAL-01","โต๊ะจัดวางสินค้าไอทีหลายประเภท เช่น จอ คอมพิวเตอร์ โทรศัพท์ และโน้ตบุ๊ก"
"/404","หน้า 404","ไม่พบหน้านี้","เพิ่มภาพหลัก","src/assets/images/realistic/general-it-cover.webp","VISUAL-GENERAL-01","โต๊ะจัดวางสินค้าไอทีหลายประเภท เช่น จอ คอมพิวเตอร์ โทรศัพท์ และโน้ตบุ๊ก"
"/เกี่ยวกับเรา","ข้อมูลร้าน/นโยบาย","เกี่ยวกับร้านอำพล เทรดดิ้ง","เพิ่มภาพหลัก","src/assets/images/realistic/general-it-cover.webp","VISUAL-GENERAL-01","โต๊ะจัดวางสินค้าไอทีหลายประเภท เช่น จอ คอมพิวเตอร์ โทรศัพท์ และโน้ตบุ๊ก"
"/ข้อกำหนดการใช้บริการ","ข้อมูลร้าน/นโยบาย","ข้อกำหนดการใช้บริการ","เพิ่มภาพหลัก","src/assets/images/realistic/general-it-cover.webp","VISUAL-GENERAL-01","โต๊ะจัดวางสินค้าไอทีหลายประเภท เช่น จอ คอมพิวเตอร์ โทรศัพท์ และโน้ตบุ๊ก"
"/ขายคอมหลายเครื่อง-โคราช","บริการ","ขายคอมหลายเครื่อง โคราช","แทนภาพวาด","src/assets/images/realistic/bulk-office-cover.webp","VISUAL-BULK-01","อุปกรณ์ไอทีจำนวนมากในโกดังหรือพื้นที่คัดแยก เช่น โน้ตบุ๊ก จอ ปริ้นเตอร์ และอุปกรณ์เครือข่าย"
"/ขายอุปกรณ์ไอทียกสำนักงาน-โคราช","บริการ","ขายอุปกรณ์ไอทียกสำนักงาน โคราช","แทนภาพวาด","src/assets/images/realistic/bulk-office-cover.webp","VISUAL-BULK-01","อุปกรณ์ไอทีจำนวนมากในโกดังหรือพื้นที่คัดแยก เช่น โน้ตบุ๊ก จอ ปริ้นเตอร์ และอุปกรณ์เครือข่าย"
"/คำถามที่พบบ่อย","ข้อมูลร้าน/นโยบาย","คำถามที่พบบ่อย","เพิ่มภาพหลัก","src/assets/images/realistic/general-it-cover.webp","VISUAL-GENERAL-01","โต๊ะจัดวางสินค้าไอทีหลายประเภท เช่น จอ คอมพิวเตอร์ โทรศัพท์ และโน้ตบุ๊ก"
"/ติดต่อ","ข้อมูลร้าน/นโยบาย","ติดต่อร้านอำพล เทรดดิ้ง","เพิ่มภาพหลัก","src/assets/images/realistic/general-it-cover.webp","VISUAL-GENERAL-01","โต๊ะจัดวางสินค้าไอทีหลายประเภท เช่น จอ คอมพิวเตอร์ โทรศัพท์ และโน้ตบุ๊ก"
"/นโยบายความเป็นส่วนตัว","ข้อมูลร้าน/นโยบาย","นโยบายความเป็นส่วนตัว","เพิ่มภาพหลัก","src/assets/images/realistic/general-it-cover.webp","VISUAL-GENERAL-01","โต๊ะจัดวางสินค้าไอทีหลายประเภท เช่น จอ คอมพิวเตอร์ โทรศัพท์ และโน้ตบุ๊ก"
"/นโยบายคุกกี้","ข้อมูลร้าน/นโยบาย","นโยบายคุกกี้","เพิ่มภาพหลัก","src/assets/images/realistic/general-it-cover.webp","VISUAL-GENERAL-01","โต๊ะจัดวางสินค้าไอทีหลายประเภท เช่น จอ คอมพิวเตอร์ โทรศัพท์ และโน้ตบุ๊ก"
"/นโยบายรับซื้อสินค้าและการยืนยันเจ้าของ","ข้อมูลร้าน/นโยบาย","นโยบายรับซื้อสินค้าและการยืนยันเจ้าของ","เพิ่มภาพหลัก","src/assets/images/realistic/general-it-cover.webp","VISUAL-GENERAL-01","โต๊ะจัดวางสินค้าไอทีหลายประเภท เช่น จอ คอมพิวเตอร์ โทรศัพท์ และโน้ตบุ๊ก"
"/บทความ","หน้ารวม","บทความแนะนำก่อนขายสินค้าไอที","เพิ่มภาพหลัก","src/assets/images/realistic/general-it-cover.webp","VISUAL-GENERAL-01","โต๊ะจัดวางสินค้าไอทีหลายประเภท เช่น จอ คอมพิวเตอร์ โทรศัพท์ และโน้ตบุ๊ก"
"/บทความ/กล่องและอุปกรณ์มีผลต่อราคามือสองหรือไม่","บทความ","กล่องและอุปกรณ์มีผลต่อราคามือสองหรือไม่","มีภาพหลักอยู่แล้ว","src/assets/images/realistic/general-it-cover.webp","VISUAL-GENERAL-01","โต๊ะจัดวางสินค้าไอทีหลายประเภท เช่น จอ คอมพิวเตอร์ โทรศัพท์ และโน้ตบุ๊ก"
"/บทความ/ข้อควรรู้ก่อนขายกล้องและเลนส์มือสอง","บทความ","ข้อควรรู้ก่อนขายกล้องและเลนส์มือสอง","มีภาพหลักอยู่แล้ว","src/assets/images/realistic/camera-cover.webp","VISUAL-CAMERA-01","กล้องดิจิทัลพร้อมเลนส์และอุปกรณ์ทำความสะอาดบนโต๊ะ"
"/บทความ/ขายคอมหลายเครื่องควรเตรียมรายการอย่างไร","บทความ","ขายคอมหลายเครื่องควรเตรียมรายการอย่างไร","มีภาพหลักอยู่แล้ว","src/assets/images/realistic/bulk-office-cover.webp","VISUAL-BULK-01","อุปกรณ์ไอทีจำนวนมากในโกดังหรือพื้นที่คัดแยก เช่น โน้ตบุ๊ก จอ ปริ้นเตอร์ และอุปกรณ์เครือข่าย"
"/บทความ/ขายอุปกรณ์ไอทีของบริษัทต้องเตรียมเอกสารอะไร","บทความ","ขายอุปกรณ์ไอทีของบริษัทต้องเตรียมเอกสารอะไร","มีภาพหลักอยู่แล้ว","src/assets/images/realistic/bulk-office-cover.webp","VISUAL-BULK-01","อุปกรณ์ไอทีจำนวนมากในโกดังหรือพื้นที่คัดแยก เช่น โน้ตบุ๊ก จอ ปริ้นเตอร์ และอุปกรณ์เครือข่าย"
"/บทความ/เช็กราคาสินค้าไอทีก่อนขายต้องดูอะไรบ้าง","บทความ","เช็กราคาสินค้าไอทีก่อนขายต้องดูอะไรบ้าง","มีภาพหลักอยู่แล้ว","src/assets/images/realistic/general-it-cover.webp","VISUAL-GENERAL-01","โต๊ะจัดวางสินค้าไอทีหลายประเภท เช่น จอ คอมพิวเตอร์ โทรศัพท์ และโน้ตบุ๊ก"
"/บทความ/เตรียมโน๊ตบุ๊คก่อนขายอย่างไร","บทความ","เตรียมโน๊ตบุ๊คก่อนขายอย่างไร","มีภาพหลักอยู่แล้ว","src/assets/images/realistic/notebook-cover.webp","VISUAL-NOTEBOOK-01","โน้ตบุ๊กหลายประเภทวางเรียงบนโต๊ะ เช่น โน้ตบุ๊กบางเบา รุ่นทำงาน และเกมมิ่ง"
"/บทความ/ประกันหมดมีผลต่อราคามือสองอย่างไร","บทความ","ประกันหมดมีผลต่อราคาสินค้าไอทีมือสองอย่างไร","มีภาพหลักอยู่แล้ว","src/assets/images/realistic/general-it-cover.webp","VISUAL-GENERAL-01","โต๊ะจัดวางสินค้าไอทีหลายประเภท เช่น จอ คอมพิวเตอร์ โทรศัพท์ และโน้ตบุ๊ก"
"/บทความ/ปัจจัยที่ทำให้ราคาการ์ดจอมือสองแตกต่างกัน","บทความ","ปัจจัยที่ทำให้ราคาการ์ดจอมือสองแตกต่างกัน","มีภาพหลักอยู่แล้ว","src/assets/images/realistic/component-cover.webp","VISUAL-COMPONENT-01","ชิ้นส่วนคอมพิวเตอร์ เช่น การ์ดจอ เมนบอร์ด CPU RAM SSD และพัดลม"
"/บทความ/รอยและตำหนิมีผลต่อราคาสินค้าไอทีอย่างไร","บทความ","รอยและตำหนิมีผลต่อราคาสินค้าไอทีอย่างไร","มีภาพหลักอยู่แล้ว","src/assets/images/realistic/general-it-cover.webp","VISUAL-GENERAL-01","โต๊ะจัดวางสินค้าไอทีหลายประเภท เช่น จอ คอมพิวเตอร์ โทรศัพท์ และโน้ตบุ๊ก"
"/บทความ/ราคาประเมินจากรูปกับราคาหลังตรวจต่างกันอย่างไร","บทความ","ราคาประเมินจากรูปกับราคาหลังตรวจต่างกันอย่างไร","มีภาพหลักอยู่แล้ว","src/assets/images/realistic/general-it-cover.webp","VISUAL-GENERAL-01","โต๊ะจัดวางสินค้าไอทีหลายประเภท เช่น จอ คอมพิวเตอร์ โทรศัพท์ และโน้ตบุ๊ก"
"/บทความ/วิธีเช็กราคาคอมหลายเครื่องก่อนขาย","บทความ","วิธีเช็กราคาคอมหลายเครื่องก่อนขาย","มีภาพหลักอยู่แล้ว","src/assets/images/realistic/bulk-office-cover.webp","VISUAL-BULK-01","อุปกรณ์ไอทีจำนวนมากในโกดังหรือพื้นที่คัดแยก เช่น โน้ตบุ๊ก จอ ปริ้นเตอร์ และอุปกรณ์เครือข่าย"
"/บทความ/วิธีเช็กสเปกโน๊ตบุ๊คก่อนส่งประเมิน","บทความ","วิธีเช็กสเปกโน๊ตบุ๊คก่อนส่งประเมิน","มีภาพหลักอยู่แล้ว","src/assets/images/realistic/notebook-cover.webp","VISUAL-NOTEBOOK-01","โน้ตบุ๊กหลายประเภทวางเรียงบนโต๊ะ เช่น โน้ตบุ๊กบางเบา รุ่นทำงาน และเกมมิ่ง"
"/บทความ/วิธีเช็กสุขภาพแบตเตอรี่ก่อนขายมือถือและโน้ตบุ๊ก","บทความ","วิธีเช็กสุขภาพแบตเตอรี่ก่อนขายมือถือและโน้ตบุ๊ก","มีภาพหลักอยู่แล้ว","src/assets/images/realistic/mobile-apple-cover.webp","VISUAL-MOBILE-01","สมาร์ทโฟน แท็บเล็ต และสมาร์ตวอทช์วางบนโต๊ะโทนสว่าง"
"/บทความ/วิธีเช็ก-dead-pixel-ก่อนขายจอ","บทความ","วิธีเช็ก Dead Pixel ก่อนขายจอมอนิเตอร์","มีภาพหลักอยู่แล้ว","src/assets/images/realistic/desktop-cover.webp","VISUAL-DESKTOP-01","คอมพิวเตอร์ตั้งโต๊ะพร้อมจอ คีย์บอร์ด เมาส์ และการ์ดจอวางบนโต๊ะ"
"/บทความ/วิธีดูรหัสรุ่น-asus-ก่อนขาย","บทความ","วิธีดูรหัสรุ่น ASUS ก่อนขาย","มีภาพหลักอยู่แล้ว","src/assets/images/realistic/notebook-cover.webp","VISUAL-NOTEBOOK-01","โน้ตบุ๊กหลายประเภทวางเรียงบนโต๊ะ เช่น โน้ตบุ๊กบางเบา รุ่นทำงาน และเกมมิ่ง"
"/บทความ/วิธีดูรุ่นการ์ดจอในโน๊ตบุ๊ค","บทความ","วิธีดูรุ่นการ์ดจอในโน๊ตบุ๊คก่อนขาย","มีภาพหลักอยู่แล้ว","src/assets/images/realistic/component-cover.webp","VISUAL-COMPONENT-01","ชิ้นส่วนคอมพิวเตอร์ เช่น การ์ดจอ เมนบอร์ด CPU RAM SSD และพัดลม"
"/บทความ/วิธีดูรุ่น-macbook-ก่อนขาย","บทความ","วิธีดูรุ่น MacBook ก่อนขาย","มีภาพหลักอยู่แล้ว","src/assets/images/realistic/notebook-cover.webp","VISUAL-NOTEBOOK-01","โน้ตบุ๊กหลายประเภทวางเรียงบนโต๊ะ เช่น โน้ตบุ๊กบางเบา รุ่นทำงาน และเกมมิ่ง"
"/บทความ/วิธีดู-battery-health-iphone-ก่อนขาย","บทความ","วิธีดู Battery Health iPhone ก่อนขาย","มีภาพหลักอยู่แล้ว","src/assets/images/realistic/mobile-apple-cover.webp","VISUAL-MOBILE-01","สมาร์ทโฟน แท็บเล็ต และสมาร์ตวอทช์วางบนโต๊ะโทนสว่าง"
"/บทความ/วิธีดู-serial-number-ก่อนขายสินค้าไอที","บทความ","วิธีดู Serial Number ก่อนขายสินค้าไอที","มีภาพหลักอยู่แล้ว","src/assets/images/realistic/general-it-cover.webp","VISUAL-GENERAL-01","โต๊ะจัดวางสินค้าไอทีหลายประเภท เช่น จอ คอมพิวเตอร์ โทรศัพท์ และโน้ตบุ๊ก"
"/บทความ/วิธีดู-service-tag-dell-ก่อนขาย","บทความ","วิธีดู Service Tag Dell ก่อนขาย","มีภาพหลักอยู่แล้ว","src/assets/images/realistic/notebook-cover.webp","VISUAL-NOTEBOOK-01","โน้ตบุ๊กหลายประเภทวางเรียงบนโต๊ะ เช่น โน้ตบุ๊กบางเบา รุ่นทำงาน และเกมมิ่ง"
"/บทความ/วิธีดู-smart-ssd-ก่อนขาย","บทความ","วิธีดู SMART SSD ก่อนขาย","มีภาพหลักอยู่แล้ว","src/assets/images/realistic/component-cover.webp","VISUAL-COMPONENT-01","ชิ้นส่วนคอมพิวเตอร์ เช่น การ์ดจอ เมนบอร์ด CPU RAM SSD และพัดลม"
"/บทความ/วิธีเตรียมคอมบริษัทก่อนขายยกล็อต","บทความ","วิธีเตรียมคอมบริษัทก่อนขายยกล็อต","มีภาพหลักอยู่แล้ว","src/assets/images/realistic/bulk-office-cover.webp","VISUAL-BULK-01","อุปกรณ์ไอทีจำนวนมากในโกดังหรือพื้นที่คัดแยก เช่น โน้ตบุ๊ก จอ ปริ้นเตอร์ และอุปกรณ์เครือข่าย"
"/บทความ/วิธีถ่ายรูปสินค้าไอทีเพื่อให้ประเมินราคาได้เร็ว","บทความ","วิธีถ่ายรูปสินค้าไอทีเพื่อให้ประเมินราคาได้เร็ว","มีภาพหลักอยู่แล้ว","src/assets/images/realistic/general-it-cover.webp","VISUAL-GENERAL-01","โต๊ะจัดวางสินค้าไอทีหลายประเภท เช่น จอ คอมพิวเตอร์ โทรศัพท์ และโน้ตบุ๊ก"
"/บทความ/วิธีทดสอบคีย์บอร์ดโน๊ตบุ๊คก่อนขาย","บทความ","วิธีทดสอบคีย์บอร์ดโน๊ตบุ๊คก่อนขาย","มีภาพหลักอยู่แล้ว","src/assets/images/realistic/notebook-cover.webp","VISUAL-NOTEBOOK-01","โน้ตบุ๊กหลายประเภทวางเรียงบนโต๊ะ เช่น โน้ตบุ๊กบางเบา รุ่นทำงาน และเกมมิ่ง"
"/บทความ/วิธีทำ-asset-list-ก่อนขายไอทีบริษัท","บทความ","วิธีทำ Asset List ก่อนขายอุปกรณ์ไอทีบริษัท","มีภาพหลักอยู่แล้ว","src/assets/images/realistic/bulk-office-cover.webp","VISUAL-BULK-01","อุปกรณ์ไอทีจำนวนมากในโกดังหรือพื้นที่คัดแยก เช่น โน้ตบุ๊ก จอ ปริ้นเตอร์ และอุปกรณ์เครือข่าย"
"/บทความ/วิธีแพ็กกล้องและเลนส์ก่อนส่ง","บทความ","วิธีแพ็กกล้องและเลนส์ก่อนส่งประเมิน","มีภาพหลักอยู่แล้ว","src/assets/images/realistic/camera-cover.webp","VISUAL-CAMERA-01","กล้องดิจิทัลพร้อมเลนส์และอุปกรณ์ทำความสะอาดบนโต๊ะ"
"/บทความ/วิธีแพ็กคอมตั้งโต๊ะก่อนส่ง","บทความ","วิธีแพ็กคอมตั้งโต๊ะก่อนส่งประเมิน","มีภาพหลักอยู่แล้ว","src/assets/images/realistic/desktop-cover.webp","VISUAL-DESKTOP-01","คอมพิวเตอร์ตั้งโต๊ะพร้อมจอ คีย์บอร์ด เมาส์ และการ์ดจอวางบนโต๊ะ"
"/บทความ/วิธีแพ็กจอมอนิเตอร์ก่อนส่งประเมิน","บทความ","วิธีแพ็กจอมอนิเตอร์ก่อนส่งประเมิน","มีภาพหลักอยู่แล้ว","src/assets/images/realistic/desktop-cover.webp","VISUAL-DESKTOP-01","คอมพิวเตอร์ตั้งโต๊ะพร้อมจอ คีย์บอร์ด เมาส์ และการ์ดจอวางบนโต๊ะ"
"/บทความ/วิธีลบข้อมูลก่อนขายคอมพิวเตอร์","บทความ","วิธีลบข้อมูลก่อนขายคอมพิวเตอร์","มีภาพหลักอยู่แล้ว","src/assets/images/realistic/general-it-cover.webp","VISUAL-GENERAL-01","โต๊ะจัดวางสินค้าไอทีหลายประเภท เช่น จอ คอมพิวเตอร์ โทรศัพท์ และโน้ตบุ๊ก"
"/บทความ/วิธีออกจากบัญชี-google-ก่อนขายโทรศัพท์-android","บทความ","วิธีออกจากบัญชี Google ก่อนขายโทรศัพท์ Android","มีภาพหลักอยู่แล้ว","src/assets/images/realistic/mobile-apple-cover.webp","VISUAL-MOBILE-01","สมาร์ทโฟน แท็บเล็ต และสมาร์ตวอทช์วางบนโต๊ะโทนสว่าง"
"/บทความ/วิธีออกจาก-icloud-ก่อนขาย-iphone-หรือ-ipad","บทความ","วิธีออกจาก iCloud ก่อนขาย iPhone หรือ iPad","มีภาพหลักอยู่แล้ว","src/assets/images/realistic/mobile-apple-cover.webp","VISUAL-MOBILE-01","สมาร์ทโฟน แท็บเล็ต และสมาร์ตวอทช์วางบนโต๊ะโทนสว่าง"
"/บทความ/ส่งโน๊ตบุ๊คหรือโทรศัพท์อย่างไรให้ปลอดภัย","บทความ","ส่งโน๊ตบุ๊คหรือโทรศัพท์อย่างไรให้ปลอดภัย","มีภาพหลักอยู่แล้ว","src/assets/images/realistic/notebook-cover.webp","VISUAL-NOTEBOOK-01","โน้ตบุ๊กหลายประเภทวางเรียงบนโต๊ะ เช่น โน้ตบุ๊กบางเบา รุ่นทำงาน และเกมมิ่ง"
"/บทความ/สินค้าไอทีเปิดไม่ติดยังประเมินราคาได้อย่างไร","บทความ","สินค้าไอทีเปิดไม่ติดยังประเมินราคาได้อย่างไร","มีภาพหลักอยู่แล้ว","src/assets/images/realistic/general-it-cover.webp","VISUAL-GENERAL-01","โต๊ะจัดวางสินค้าไอทีหลายประเภท เช่น จอ คอมพิวเตอร์ โทรศัพท์ และโน้ตบุ๊ก"
"/บทความ/อุปกรณ์ไม่ครบมีผลต่อราคามือสองอย่างไร","บทความ","อุปกรณ์ไม่ครบมีผลต่อราคามือสองอย่างไร","มีภาพหลักอยู่แล้ว","src/assets/images/realistic/general-it-cover.webp","VISUAL-GENERAL-01","โต๊ะจัดวางสินค้าไอทีหลายประเภท เช่น จอ คอมพิวเตอร์ โทรศัพท์ และโน้ตบุ๊ก"
"/บทความ/cycle-count-และ-activation-lock-ก่อนขาย-macbook","บทความ","Cycle Count และ Activation Lock ก่อนขาย MacBook","มีภาพหลักอยู่แล้ว","src/assets/images/realistic/notebook-cover.webp","VISUAL-NOTEBOOK-01","โน้ตบุ๊กหลายประเภทวางเรียงบนโต๊ะ เช่น โน้ตบุ๊กบางเบา รุ่นทำงาน และเกมมิ่ง"
"/บทความ/shutter-count-คืออะไรก่อนขายกล้องดิจิทัล","บทความ","Shutter Count คืออะไรก่อนขายกล้องดิจิทัล","มีภาพหลักอยู่แล้ว","src/assets/images/realistic/camera-cover.webp","VISUAL-CAMERA-01","กล้องดิจิทัลพร้อมเลนส์และอุปกรณ์ทำความสะอาดบนโต๊ะ"
"/บทความ/ssd-และข้อมูลส่วนตัวควรจัดการอย่างไรก่อนขาย","บทความ","SSD และข้อมูลส่วนตัวควรจัดการอย่างไรก่อนขาย","มีภาพหลักอยู่แล้ว","src/assets/images/realistic/component-cover.webp","VISUAL-COMPONENT-01","ชิ้นส่วนคอมพิวเตอร์ เช่น การ์ดจอ เมนบอร์ด CPU RAM SSD และพัดลม"
"/บริการรับซื้อถึงที่โคราช","บริการ","บริการรับซื้อถึงที่ โคราช","แทนภาพวาด","src/assets/images/realistic/local-pickup-cover.webp","VISUAL-AREA-01","ฉากนัดรับอุปกรณ์ไอทีพร้อมกล่องส่งของและอุปกรณ์ตรวจรับหน้างาน"
"/บริษัทปิดกิจการขายอุปกรณ์ไอที","บริการ","บริษัทปิดกิจการขายอุปกรณ์ไอที","แทนภาพวาด","src/assets/images/realistic/bulk-office-cover.webp","VISUAL-BULK-01","อุปกรณ์ไอทีจำนวนมากในโกดังหรือพื้นที่คัดแยก เช่น โน้ตบุ๊ก จอ ปริ้นเตอร์ และอุปกรณ์เครือข่าย"
"/พื้นที่","หน้ารวม","พื้นที่ให้บริการรับซื้อไอทีในโคราช","เพิ่มภาพหลัก","src/assets/images/realistic/local-pickup-cover.webp","VISUAL-AREA-01","ฉากนัดรับอุปกรณ์ไอทีพร้อมกล่องส่งของและอุปกรณ์ตรวจรับหน้างาน"
"/พื้นที่/แก้งสนามนาง","พื้นที่","รับซื้อไอทีอำเภอแก้งสนามนาง จังหวัดนครราชสีมา","เพิ่มภาพหลัก","src/assets/images/realistic/local-pickup-cover.webp","VISUAL-AREA-01","ฉากนัดรับอุปกรณ์ไอทีพร้อมกล่องส่งของและอุปกรณ์ตรวจรับหน้างาน"
"/พื้นที่/ขามทะเลสอ","พื้นที่","รับซื้อไอทีอำเภอขามทะเลสอ จังหวัดนครราชสีมา","เพิ่มภาพหลัก","src/assets/images/realistic/local-pickup-cover.webp","VISUAL-AREA-01","ฉากนัดรับอุปกรณ์ไอทีพร้อมกล่องส่งของและอุปกรณ์ตรวจรับหน้างาน"
"/พื้นที่/ขามสะแกแสง","พื้นที่","รับซื้อไอทีอำเภอขามสะแกแสง จังหวัดนครราชสีมา","เพิ่มภาพหลัก","src/assets/images/realistic/local-pickup-cover.webp","VISUAL-AREA-01","ฉากนัดรับอุปกรณ์ไอทีพร้อมกล่องส่งของและอุปกรณ์ตรวจรับหน้างาน"
"/พื้นที่/เขตอุตสาหกรรมสุรนารี","พื้นที่","รับซื้อไอทีเขตอุตสาหกรรมสุรนารี จังหวัดนครราชสีมา","เพิ่มภาพหลัก","src/assets/images/realistic/local-pickup-cover.webp","VISUAL-AREA-01","ฉากนัดรับอุปกรณ์ไอทีพร้อมกล่องส่งของและอุปกรณ์ตรวจรับหน้างาน"
"/พื้นที่/คง","พื้นที่","รับซื้อไอทีอำเภอคง จังหวัดนครราชสีมา","เพิ่มภาพหลัก","src/assets/images/realistic/local-pickup-cover.webp","VISUAL-AREA-01","ฉากนัดรับอุปกรณ์ไอทีพร้อมกล่องส่งของและอุปกรณ์ตรวจรับหน้างาน"
"/พื้นที่/ครบุรี","พื้นที่","รับซื้อไอทีอำเภอครบุรี จังหวัดนครราชสีมา","เพิ่มภาพหลัก","src/assets/images/realistic/local-pickup-cover.webp","VISUAL-AREA-01","ฉากนัดรับอุปกรณ์ไอทีพร้อมกล่องส่งของและอุปกรณ์ตรวจรับหน้างาน"
"/พื้นที่/จอหอ","พื้นที่","รับซื้อไอทีย่านจอหอ จังหวัดนครราชสีมา","เพิ่มภาพหลัก","src/assets/images/realistic/local-pickup-cover.webp","VISUAL-AREA-01","ฉากนัดรับอุปกรณ์ไอทีพร้อมกล่องส่งของและอุปกรณ์ตรวจรับหน้างาน"
"/พื้นที่/จักราช","พื้นที่","รับซื้อไอทีอำเภอจักราช จังหวัดนครราชสีมา","เพิ่มภาพหลัก","src/assets/images/realistic/local-pickup-cover.webp","VISUAL-AREA-01","ฉากนัดรับอุปกรณ์ไอทีพร้อมกล่องส่งของและอุปกรณ์ตรวจรับหน้างาน"
"/พื้นที่/เฉลิมพระเกียรติ","พื้นที่","รับซื้อไอทีอำเภอเฉลิมพระเกียรติ จังหวัดนครราชสีมา","เพิ่มภาพหลัก","src/assets/images/realistic/local-pickup-cover.webp","VISUAL-AREA-01","ฉากนัดรับอุปกรณ์ไอทีพร้อมกล่องส่งของและอุปกรณ์ตรวจรับหน้างาน"
"/พื้นที่/ชุมพวง","พื้นที่","รับซื้อไอทีอำเภอชุมพวง จังหวัดนครราชสีมา","เพิ่มภาพหลัก","src/assets/images/realistic/local-pickup-cover.webp","VISUAL-AREA-01","ฉากนัดรับอุปกรณ์ไอทีพร้อมกล่องส่งของและอุปกรณ์ตรวจรับหน้างาน"
"/พื้นที่/โชคชัย","พื้นที่","รับซื้อไอทีอำเภอโชคชัย","เพิ่มภาพหลัก","src/assets/images/realistic/local-pickup-cover.webp","VISUAL-AREA-01","ฉากนัดรับอุปกรณ์ไอทีพร้อมกล่องส่งของและอุปกรณ์ตรวจรับหน้างาน"
"/พื้นที่/ด่านขุนทด","พื้นที่","รับซื้อไอทีอำเภอด่านขุนทด","เพิ่มภาพหลัก","src/assets/images/realistic/local-pickup-cover.webp","VISUAL-AREA-01","ฉากนัดรับอุปกรณ์ไอทีพร้อมกล่องส่งของและอุปกรณ์ตรวจรับหน้างาน"
"/พื้นที่/เทพารักษ์","พื้นที่","รับซื้อไอทีอำเภอเทพารักษ์ จังหวัดนครราชสีมา","เพิ่มภาพหลัก","src/assets/images/realistic/local-pickup-cover.webp","VISUAL-AREA-01","ฉากนัดรับอุปกรณ์ไอทีพร้อมกล่องส่งของและอุปกรณ์ตรวจรับหน้างาน"
"/พื้นที่/นิคมอุตสาหกรรมนวนคร-นครราชสีมา","พื้นที่","รับซื้อไอทีพื้นที่นวนคร นครราชสีมา จังหวัดนครราชสีมา","เพิ่มภาพหลัก","src/assets/images/realistic/local-pickup-cover.webp","VISUAL-AREA-01","ฉากนัดรับอุปกรณ์ไอทีพร้อมกล่องส่งของและอุปกรณ์ตรวจรับหน้างาน"
"/พื้นที่/โนนแดง","พื้นที่","รับซื้อไอทีอำเภอโนนแดง จังหวัดนครราชสีมา","เพิ่มภาพหลัก","src/assets/images/realistic/local-pickup-cover.webp","VISUAL-AREA-01","ฉากนัดรับอุปกรณ์ไอทีพร้อมกล่องส่งของและอุปกรณ์ตรวจรับหน้างาน"
"/พื้นที่/โนนไทย","พื้นที่","รับซื้อไอทีอำเภอโนนไทย จังหวัดนครราชสีมา","เพิ่มภาพหลัก","src/assets/images/realistic/local-pickup-cover.webp","VISUAL-AREA-01","ฉากนัดรับอุปกรณ์ไอทีพร้อมกล่องส่งของและอุปกรณ์ตรวจรับหน้างาน"
"/พื้นที่/โนนสูง","พื้นที่","รับซื้อไอทีอำเภอโนนสูง","เพิ่มภาพหลัก","src/assets/images/realistic/local-pickup-cover.webp","VISUAL-AREA-01","ฉากนัดรับอุปกรณ์ไอทีพร้อมกล่องส่งของและอุปกรณ์ตรวจรับหน้างาน"
"/พื้นที่/บัวลาย","พื้นที่","รับซื้อไอทีอำเภอบัวลาย จังหวัดนครราชสีมา","เพิ่มภาพหลัก","src/assets/images/realistic/local-pickup-cover.webp","VISUAL-AREA-01","ฉากนัดรับอุปกรณ์ไอทีพร้อมกล่องส่งของและอุปกรณ์ตรวจรับหน้างาน"
"/พื้นที่/บัวใหญ่","พื้นที่","รับซื้อไอทีอำเภอบัวใหญ่","เพิ่มภาพหลัก","src/assets/images/realistic/local-pickup-cover.webp","VISUAL-AREA-01","ฉากนัดรับอุปกรณ์ไอทีพร้อมกล่องส่งของและอุปกรณ์ตรวจรับหน้างาน"
"/พื้นที่/บ้านเหลื่อม","พื้นที่","รับซื้อไอทีอำเภอบ้านเหลื่อม จังหวัดนครราชสีมา","เพิ่มภาพหลัก","src/assets/images/realistic/local-pickup-cover.webp","VISUAL-AREA-01","ฉากนัดรับอุปกรณ์ไอทีพร้อมกล่องส่งของและอุปกรณ์ตรวจรับหน้างาน"
"/พื้นที่/ประทาย","พื้นที่","รับซื้อไอทีอำเภอประทาย จังหวัดนครราชสีมา","เพิ่มภาพหลัก","src/assets/images/realistic/local-pickup-cover.webp","VISUAL-AREA-01","ฉากนัดรับอุปกรณ์ไอทีพร้อมกล่องส่งของและอุปกรณ์ตรวจรับหน้างาน"
"/พื้นที่/ปักธงชัย","พื้นที่","รับซื้อไอทีอำเภอปักธงชัย","เพิ่มภาพหลัก","src/assets/images/realistic/local-pickup-cover.webp","VISUAL-AREA-01","ฉากนัดรับอุปกรณ์ไอทีพร้อมกล่องส่งของและอุปกรณ์ตรวจรับหน้างาน"
"/พื้นที่/ปากช่อง","พื้นที่","รับซื้อไอทีอำเภอปากช่อง","เพิ่มภาพหลัก","src/assets/images/realistic/local-pickup-cover.webp","VISUAL-AREA-01","ฉากนัดรับอุปกรณ์ไอทีพร้อมกล่องส่งของและอุปกรณ์ตรวจรับหน้างาน"
"/พื้นที่/พระทองคำ","พื้นที่","รับซื้อไอทีอำเภอพระทองคำ จังหวัดนครราชสีมา","เพิ่มภาพหลัก","src/assets/images/realistic/local-pickup-cover.webp","VISUAL-AREA-01","ฉากนัดรับอุปกรณ์ไอทีพร้อมกล่องส่งของและอุปกรณ์ตรวจรับหน้างาน"
"/พื้นที่/พิมาย","พื้นที่","รับซื้อไอทีอำเภอพิมาย","เพิ่มภาพหลัก","src/assets/images/realistic/local-pickup-cover.webp","VISUAL-AREA-01","ฉากนัดรับอุปกรณ์ไอทีพร้อมกล่องส่งของและอุปกรณ์ตรวจรับหน้างาน"
"/พื้นที่/มหาวิทยาลัยเทคโนโลยีสุรนารี","พื้นที่","รับซื้อไอที มทส. มหาวิทยาลัยเทคโนโลยีสุรนารี","เพิ่มภาพหลัก","src/assets/images/realistic/local-pickup-cover.webp","VISUAL-AREA-01","ฉากนัดรับอุปกรณ์ไอทีพร้อมกล่องส่งของและอุปกรณ์ตรวจรับหน้างาน"
"/พื้นที่/มหาวิทยาลัยราชภัฏนครราชสีมา","พื้นที่","รับซื้อไอทีมหาวิทยาลัยราชภัฏนครราชสีมา จังหวัดนครราชสีมา","เพิ่มภาพหลัก","src/assets/images/realistic/local-pickup-cover.webp","VISUAL-AREA-01","ฉากนัดรับอุปกรณ์ไอทีพร้อมกล่องส่งของและอุปกรณ์ตรวจรับหน้างาน"
"/พื้นที่/เมืองนครราชสีมา","พื้นที่","รับซื้อไอทีเขตเมืองนครราชสีมา","เพิ่มภาพหลัก","src/assets/images/realistic/local-pickup-cover.webp","VISUAL-AREA-01","ฉากนัดรับอุปกรณ์ไอทีพร้อมกล่องส่งของและอุปกรณ์ตรวจรับหน้างาน"
"/พื้นที่/เมืองยาง","พื้นที่","รับซื้อไอทีอำเภอเมืองยาง จังหวัดนครราชสีมา","เพิ่มภาพหลัก","src/assets/images/realistic/local-pickup-cover.webp","VISUAL-AREA-01","ฉากนัดรับอุปกรณ์ไอทีพร้อมกล่องส่งของและอุปกรณ์ตรวจรับหน้างาน"
"/พื้นที่/ลำทะเมนชัย","พื้นที่","รับซื้อไอทีอำเภอลำทะเมนชัย จังหวัดนครราชสีมา","เพิ่มภาพหลัก","src/assets/images/realistic/local-pickup-cover.webp","VISUAL-AREA-01","ฉากนัดรับอุปกรณ์ไอทีพร้อมกล่องส่งของและอุปกรณ์ตรวจรับหน้างาน"
"/พื้นที่/วังน้ำเขียว","พื้นที่","รับซื้อไอทีอำเภอวังน้ำเขียว จังหวัดนครราชสีมา","เพิ่มภาพหลัก","src/assets/images/realistic/local-pickup-cover.webp","VISUAL-AREA-01","ฉากนัดรับอุปกรณ์ไอทีพร้อมกล่องส่งของและอุปกรณ์ตรวจรับหน้างาน"
"/พื้นที่/สีคิ้ว","พื้นที่","รับซื้อไอทีอำเภอสีคิ้ว","เพิ่มภาพหลัก","src/assets/images/realistic/local-pickup-cover.webp","VISUAL-AREA-01","ฉากนัดรับอุปกรณ์ไอทีพร้อมกล่องส่งของและอุปกรณ์ตรวจรับหน้างาน"
"/พื้นที่/สีดา","พื้นที่","รับซื้อไอทีอำเภอสีดา จังหวัดนครราชสีมา","เพิ่มภาพหลัก","src/assets/images/realistic/local-pickup-cover.webp","VISUAL-AREA-01","ฉากนัดรับอุปกรณ์ไอทีพร้อมกล่องส่งของและอุปกรณ์ตรวจรับหน้างาน"
"/พื้นที่/สุรนารี","พื้นที่","รับซื้อไอทีโซนสุรนารี จังหวัดนครราชสีมา","เพิ่มภาพหลัก","src/assets/images/realistic/local-pickup-cover.webp","VISUAL-AREA-01","ฉากนัดรับอุปกรณ์ไอทีพร้อมกล่องส่งของและอุปกรณ์ตรวจรับหน้างาน"
"/พื้นที่/สูงเนิน","พื้นที่","รับซื้อไอทีอำเภอสูงเนิน","เพิ่มภาพหลัก","src/assets/images/realistic/local-pickup-cover.webp","VISUAL-AREA-01","ฉากนัดรับอุปกรณ์ไอทีพร้อมกล่องส่งของและอุปกรณ์ตรวจรับหน้างาน"
"/พื้นที่/เสิงสาง","พื้นที่","รับซื้อไอทีอำเภอเสิงสาง จังหวัดนครราชสีมา","เพิ่มภาพหลัก","src/assets/images/realistic/local-pickup-cover.webp","VISUAL-AREA-01","ฉากนัดรับอุปกรณ์ไอทีพร้อมกล่องส่งของและอุปกรณ์ตรวจรับหน้างาน"
"/พื้นที่/หนองบุญมาก","พื้นที่","รับซื้อไอทีอำเภอหนองบุญมาก จังหวัดนครราชสีมา","เพิ่มภาพหลัก","src/assets/images/realistic/local-pickup-cover.webp","VISUAL-AREA-01","ฉากนัดรับอุปกรณ์ไอทีพร้อมกล่องส่งของและอุปกรณ์ตรวจรับหน้างาน"
"/พื้นที่/ห้วยแถลง","พื้นที่","รับซื้อไอทีอำเภอห้วยแถลง จังหวัดนครราชสีมา","เพิ่มภาพหลัก","src/assets/images/realistic/local-pickup-cover.webp","VISUAL-AREA-01","ฉากนัดรับอุปกรณ์ไอทีพร้อมกล่องส่งของและอุปกรณ์ตรวจรับหน้างาน"
"/พื้นที่/หัวทะเล","พื้นที่","รับซื้อไอทีย่านหัวทะเล จังหวัดนครราชสีมา","เพิ่มภาพหลัก","src/assets/images/realistic/local-pickup-cover.webp","VISUAL-AREA-01","ฉากนัดรับอุปกรณ์ไอทีพร้อมกล่องส่งของและอุปกรณ์ตรวจรับหน้างาน"
"/รับซื้อกล้อง-โคราช","บริการ","รับซื้อกล้อง โคราช ประเมินผ่าน LINE นัดรับตามสะดวก","แทนภาพวาด","src/assets/images/realistic/camera-cover.webp","VISUAL-CAMERA-01","กล้องดิจิทัลพร้อมเลนส์และอุปกรณ์ทำความสะอาดบนโต๊ะ"
"/รับซื้อกล้องเซ็นเซอร์มีฝุ่น-โคราช","บริการ","รับซื้อ กล้องเซ็นเซอร์มีฝุ่น โคราช ประเมินจากอาการและสภาพจริง","แทนภาพวาด","src/assets/images/realistic/camera-cover.webp","VISUAL-CAMERA-01","กล้องดิจิทัลพร้อมเลนส์และอุปกรณ์ทำความสะอาดบนโต๊ะ"
"/รับซื้อกล้อง-canon-โคราช","บริการ","รับซื้อ Canon โคราช ประเมินตามรุ่น สเปก และสภาพจริง","แทนภาพวาด","src/assets/images/realistic/camera-cover.webp","VISUAL-CAMERA-01","กล้องดิจิทัลพร้อมเลนส์และอุปกรณ์ทำความสะอาดบนโต๊ะ"
"/รับซื้อกล้อง-canon-eos-dslr-โคราช","บริการ","รับซื้อ Canon EOS DSLR โคราช ประเมินจากข้อมูลและสภาพจริง","แทนภาพวาด","src/assets/images/realistic/camera-cover.webp","VISUAL-CAMERA-01","กล้องดิจิทัลพร้อมเลนส์และอุปกรณ์ทำความสะอาดบนโต๊ะ"
"/รับซื้อกล้อง-canon-eos-r-โคราช","บริการ","รับซื้อ Canon EOS R โคราช ประเมินตามรุ่น สเปก และสภาพจริง","แทนภาพวาด","src/assets/images/realistic/camera-cover.webp","VISUAL-CAMERA-01","กล้องดิจิทัลพร้อมเลนส์และอุปกรณ์ทำความสะอาดบนโต๊ะ"
"/รับซื้อกล้อง-evf-เสีย-โคราช","บริการ","รับซื้อ กล้อง EVF เสีย โคราช ประเมินจากข้อมูลและสภาพจริง","แทนภาพวาด","src/assets/images/realistic/camera-cover.webp","VISUAL-CAMERA-01","กล้องดิจิทัลพร้อมเลนส์และอุปกรณ์ทำความสะอาดบนโต๊ะ"
"/รับซื้อกล้อง-fujifilm-โคราช","บริการ","รับซื้อ Fujifilm โคราช ประเมินตามรุ่น สเปก และสภาพจริง","แทนภาพวาด","src/assets/images/realistic/camera-cover.webp","VISUAL-CAMERA-01","กล้องดิจิทัลพร้อมเลนส์และอุปกรณ์ทำความสะอาดบนโต๊ะ"
"/รับซื้อกล้อง-fujifilm-gfx-โคราช","บริการ","รับซื้อ Fujifilm GFX โคราช ประเมินจากข้อมูลและสภาพจริง","แทนภาพวาด","src/assets/images/realistic/camera-cover.webp","VISUAL-CAMERA-01","กล้องดิจิทัลพร้อมเลนส์และอุปกรณ์ทำความสะอาดบนโต๊ะ"
"/รับซื้อกล้อง-fujifilm-x-series-โคราช","บริการ","รับซื้อ Fujifilm X Series โคราช ประเมินตามรุ่น สเปก และสภาพจริง","แทนภาพวาด","src/assets/images/realistic/camera-cover.webp","VISUAL-CAMERA-01","กล้องดิจิทัลพร้อมเลนส์และอุปกรณ์ทำความสะอาดบนโต๊ะ"
"/รับซื้อกล้อง-lumix-g-โคราช","บริการ","รับซื้อ Lumix G โคราช ประเมินจากข้อมูลและสภาพจริง","แทนภาพวาด","src/assets/images/realistic/camera-cover.webp","VISUAL-CAMERA-01","กล้องดิจิทัลพร้อมเลนส์และอุปกรณ์ทำความสะอาดบนโต๊ะ"
"/รับซื้อกล้อง-nikon-โคราช","บริการ","รับซื้อ Nikon โคราช ประเมินตามรุ่น สเปก และสภาพจริง","แทนภาพวาด","src/assets/images/realistic/camera-cover.webp","VISUAL-CAMERA-01","กล้องดิจิทัลพร้อมเลนส์และอุปกรณ์ทำความสะอาดบนโต๊ะ"
"/รับซื้อกล้อง-nikon-z-โคราช","บริการ","รับซื้อ Nikon Z โคราช ประเมินตามรุ่น สเปก และสภาพจริง","แทนภาพวาด","src/assets/images/realistic/camera-cover.webp","VISUAL-CAMERA-01","กล้องดิจิทัลพร้อมเลนส์และอุปกรณ์ทำความสะอาดบนโต๊ะ"
"/รับซื้อกล้อง-om-system-olympus-โคราช","บริการ","รับซื้อ OM SYSTEM / Olympus โคราช ประเมินตามรุ่น สเปก และสภาพจริง","แทนภาพวาด","src/assets/images/realistic/camera-cover.webp","VISUAL-CAMERA-01","กล้องดิจิทัลพร้อมเลนส์และอุปกรณ์ทำความสะอาดบนโต๊ะ"
"/รับซื้อกล้อง-panasonic-lumix-โคราช","บริการ","รับซื้อ Panasonic Lumix โคราช ประเมินตามรุ่น สเปก และสภาพจริง","แทนภาพวาด","src/assets/images/realistic/camera-cover.webp","VISUAL-CAMERA-01","กล้องดิจิทัลพร้อมเลนส์และอุปกรณ์ทำความสะอาดบนโต๊ะ"
"/รับซื้อกล้อง-shutter-count-สูง-โคราช","บริการ","รับซื้อ กล้อง shutter count สูง โคราช ประเมินจากข้อมูลและสภาพจริง","แทนภาพวาด","src/assets/images/realistic/camera-cover.webp","VISUAL-CAMERA-01","กล้องดิจิทัลพร้อมเลนส์และอุปกรณ์ทำความสะอาดบนโต๊ะ"
"/รับซื้อกล้อง-sony-โคราช","บริการ","รับซื้อ Sony โคราช ประเมินตามรุ่น สเปก และสภาพจริง","แทนภาพวาด","src/assets/images/realistic/camera-cover.webp","VISUAL-CAMERA-01","กล้องดิจิทัลพร้อมเลนส์และอุปกรณ์ทำความสะอาดบนโต๊ะ"
"/รับซื้อกล้อง-sony-alpha-a7-โคราช","บริการ","รับซื้อ Sony Alpha A7 โคราช ประเมินตามรุ่น สเปก และสภาพจริง","แทนภาพวาด","src/assets/images/realistic/camera-cover.webp","VISUAL-CAMERA-01","กล้องดิจิทัลพร้อมเลนส์และอุปกรณ์ทำความสะอาดบนโต๊ะ"
"/รับซื้อกล้อง-sony-alpha-apsc-โคราช","บริการ","รับซื้อ Sony Alpha APS-C โคราช ประเมินจากข้อมูลและสภาพจริง","แทนภาพวาด","src/assets/images/realistic/camera-cover.webp","VISUAL-CAMERA-01","กล้องดิจิทัลพร้อมเลนส์และอุปกรณ์ทำความสะอาดบนโต๊ะ"
"/รับซื้อการ์ดจอ-โคราช","บริการ","รับซื้อการ์ดจอ โคราช","แทนภาพวาด","src/assets/images/realistic/component-cover.webp","VISUAL-COMPONENT-01","ชิ้นส่วนคอมพิวเตอร์ เช่น การ์ดจอ เมนบอร์ด CPU RAM SSD และพัดลม"
"/รับซื้อการ์ดจอภาพแตก-artifact-โคราช","บริการ","รับซื้อ การ์ดจอมี artifact โคราช ประเมินจากข้อมูลและสภาพจริง","แทนภาพวาด","src/assets/images/realistic/component-cover.webp","VISUAL-COMPONENT-01","ชิ้นส่วนคอมพิวเตอร์ เช่น การ์ดจอ เมนบอร์ด CPU RAM SSD และพัดลม"
"/รับซื้อคอมเกมมิ่ง-โคราช","บริการ","รับซื้อคอมเกมมิ่ง โคราช ตรวจการ์ดจอ ประเมินผ่าน LINE","แทนภาพวาด","src/assets/images/realistic/component-cover.webp","VISUAL-COMPONENT-01","ชิ้นส่วนคอมพิวเตอร์ เช่น การ์ดจอ เมนบอร์ด CPU RAM SSD และพัดลม"
"/รับซื้อคอมเก่า-โคราช","บริการ","รับซื้อคอมเก่า โคราช","แทนภาพวาด","src/assets/images/realistic/desktop-cover.webp","VISUAL-DESKTOP-01","คอมพิวเตอร์ตั้งโต๊ะพร้อมจอ คีย์บอร์ด เมาส์ และการ์ดจอวางบนโต๊ะ"
"/รับซื้อคอมคลินิก-โคราช","บริการ","รับซื้อคอมและอุปกรณ์ไอทีจากคลินิก โคราช","แทนภาพวาด","src/assets/images/realistic/bulk-office-cover.webp","VISUAL-BULK-01","อุปกรณ์ไอทีจำนวนมากในโกดังหรือพื้นที่คัดแยก เช่น โน้ตบุ๊ก จอ ปริ้นเตอร์ และอุปกรณ์เครือข่าย"
"/รับซื้อคอมตั้งโต๊ะ-โคราช","บริการ","รับซื้อคอมตั้งโต๊ะ โคราช ประเมินผ่าน LINE","แทนภาพวาด","src/assets/images/realistic/desktop-cover.webp","VISUAL-DESKTOP-01","คอมพิวเตอร์ตั้งโต๊ะพร้อมจอ คีย์บอร์ด เมาส์ และการ์ดจอวางบนโต๊ะ"
"/รับซื้อคอมบริษัทก่อสร้าง-โคราช","บริการ","รับซื้อคอมและอุปกรณ์ไอทีจากบริษัทก่อสร้าง โคราช","แทนภาพวาด","src/assets/images/realistic/bulk-office-cover.webp","VISUAL-BULK-01","อุปกรณ์ไอทีจำนวนมากในโกดังหรือพื้นที่คัดแยก เช่น โน้ตบุ๊ก จอ ปริ้นเตอร์ และอุปกรณ์เครือข่าย"
"/รับซื้อคอมบริษัทขนส่ง-โคราช","บริการ","รับซื้อคอมและอุปกรณ์ไอทีจากบริษัทขนส่ง โคราช","แทนภาพวาด","src/assets/images/realistic/bulk-office-cover.webp","VISUAL-BULK-01","อุปกรณ์ไอทีจำนวนมากในโกดังหรือพื้นที่คัดแยก เช่น โน้ตบุ๊ก จอ ปริ้นเตอร์ และอุปกรณ์เครือข่าย"
"/รับซื้อคอมบริษัท-โคราช","บริการ","รับซื้อคอมบริษัท โคราช","แทนภาพวาด","src/assets/images/realistic/bulk-office-cover.webp","VISUAL-BULK-01","อุปกรณ์ไอทีจำนวนมากในโกดังหรือพื้นที่คัดแยก เช่น โน้ตบุ๊ก จอ ปริ้นเตอร์ และอุปกรณ์เครือข่าย"
"/รับซื้อคอมบริษัทเปลี่ยนเครื่องพนักงาน-โคราช","บริการ","รับซื้อคอมและอุปกรณ์ไอทีจากบริษัทที่เปลี่ยนเครื่องพนักงาน โคราช","แทนภาพวาด","src/assets/images/realistic/bulk-office-cover.webp","VISUAL-BULK-01","อุปกรณ์ไอทีจำนวนมากในโกดังหรือพื้นที่คัดแยก เช่น โน้ตบุ๊ก จอ ปริ้นเตอร์ และอุปกรณ์เครือข่าย"
"/รับซื้อคอมประกอบ-โคราช","บริการ","รับซื้อคอมประกอบ โคราช ตรวจสเปกจริง ประเมินผ่าน LINE","แทนภาพวาด","src/assets/images/realistic/desktop-cover.webp","VISUAL-DESKTOP-01","คอมพิวเตอร์ตั้งโต๊ะพร้อมจอ คีย์บอร์ด เมาส์ และการ์ดจอวางบนโต๊ะ"
"/รับซื้อคอมพิวเตอร์-โคราช","บริการ","รับซื้อคอมพิวเตอร์ โคราช ประเมินผ่าน LINE นัดรับตามสะดวก","แทนภาพวาด","src/assets/images/realistic/desktop-cover.webp","VISUAL-DESKTOP-01","คอมพิวเตอร์ตั้งโต๊ะพร้อมจอ คีย์บอร์ด เมาส์ และการ์ดจอวางบนโต๊ะ"
"/รับซื้อคอมมหาวิทยาลัย-โคราช","บริการ","รับซื้อคอมและอุปกรณ์ไอทีจากมหาวิทยาลัย โคราช","แทนภาพวาด","src/assets/images/realistic/bulk-office-cover.webp","VISUAL-BULK-01","อุปกรณ์ไอทีจำนวนมากในโกดังหรือพื้นที่คัดแยก เช่น โน้ตบุ๊ก จอ ปริ้นเตอร์ และอุปกรณ์เครือข่าย"
"/รับซื้อคอมร้านเกม-โคราช","บริการ","รับซื้อคอมและอุปกรณ์ไอทีจากร้านเกม โคราช","แทนภาพวาด","src/assets/images/realistic/bulk-office-cover.webp","VISUAL-BULK-01","อุปกรณ์ไอทีจำนวนมากในโกดังหรือพื้นที่คัดแยก เช่น โน้ตบุ๊ก จอ ปริ้นเตอร์ และอุปกรณ์เครือข่าย"
"/รับซื้อคอมโรงงาน-โคราช","บริการ","รับซื้อคอมและอุปกรณ์ไอทีจากโรงงาน โคราช","แทนภาพวาด","src/assets/images/realistic/bulk-office-cover.webp","VISUAL-BULK-01","อุปกรณ์ไอทีจำนวนมากในโกดังหรือพื้นที่คัดแยก เช่น โน้ตบุ๊ก จอ ปริ้นเตอร์ และอุปกรณ์เครือข่าย"
"/รับซื้อคอมโรงเรียน-โคราช","บริการ","รับซื้อคอมและอุปกรณ์ไอทีจากโรงเรียน โคราช","แทนภาพวาด","src/assets/images/realistic/bulk-office-cover.webp","VISUAL-BULK-01","อุปกรณ์ไอทีจำนวนมากในโกดังหรือพื้นที่คัดแยก เช่น โน้ตบุ๊ก จอ ปริ้นเตอร์ และอุปกรณ์เครือข่าย"
"/รับซื้อคอมโรงแรม-โคราช","บริการ","รับซื้อคอมและอุปกรณ์ไอทีจากโรงแรม โคราช","แทนภาพวาด","src/assets/images/realistic/bulk-office-cover.webp","VISUAL-BULK-01","อุปกรณ์ไอทีจำนวนมากในโกดังหรือพื้นที่คัดแยก เช่น โน้ตบุ๊ก จอ ปริ้นเตอร์ และอุปกรณ์เครือข่าย"
"/รับซื้อคอมสำนักงานบัญชี-โคราช","บริการ","รับซื้อคอมและอุปกรณ์ไอทีจากสำนักงานบัญชี โคราช","แทนภาพวาด","src/assets/images/realistic/bulk-office-cover.webp","VISUAL-BULK-01","อุปกรณ์ไอทีจำนวนมากในโกดังหรือพื้นที่คัดแยก เช่น โน้ตบุ๊ก จอ ปริ้นเตอร์ และอุปกรณ์เครือข่าย"
"/รับซื้อคอมหมดสัญญาเช่า-โคราช","บริการ","รับซื้อคอมและอุปกรณ์ไอทีจากองค์กรที่มีเครื่องหมดสัญญาเช่า โคราช","แทนภาพวาด","src/assets/images/realistic/bulk-office-cover.webp","VISUAL-BULK-01","อุปกรณ์ไอทีจำนวนมากในโกดังหรือพื้นที่คัดแยก เช่น โน้ตบุ๊ก จอ ปริ้นเตอร์ และอุปกรณ์เครือข่าย"
"/รับซื้อคอมอินเทอร์เน็ตคาเฟ่-โคราช","บริการ","รับซื้อคอมและอุปกรณ์ไอทีจากอินเทอร์เน็ตคาเฟ่ โคราช","แทนภาพวาด","src/assets/images/realistic/bulk-office-cover.webp","VISUAL-BULK-01","อุปกรณ์ไอทีจำนวนมากในโกดังหรือพื้นที่คัดแยก เช่น โน้ตบุ๊ก จอ ปริ้นเตอร์ และอุปกรณ์เครือข่าย"
"/รับซื้อคอม-call-center-โคราช","บริการ","รับซื้อคอมและอุปกรณ์ไอทีจากCall Center โคราช","แทนภาพวาด","src/assets/images/realistic/bulk-office-cover.webp","VISUAL-BULK-01","อุปกรณ์ไอทีจำนวนมากในโกดังหรือพื้นที่คัดแยก เช่น โน้ตบุ๊ก จอ ปริ้นเตอร์ และอุปกรณ์เครือข่าย"
"/รับซื้อเครื่องเกม-โคราช","บริการ","รับซื้อเครื่องเกม โคราช","แทนภาพวาด","src/assets/images/realistic/gaming-cover.webp","VISUAL-GAMING-01","เครื่องเกม คอนโทรลเลอร์ หูฟัง และลำโพงวางบนโต๊ะ"
"/รับซื้อเครื่องเกม-hdmi-เสีย-โคราช","บริการ","รับซื้อ เครื่องเกม HDMI เสีย โคราช ประเมินจากอาการและสภาพจริง","แทนภาพวาด","src/assets/images/realistic/gaming-cover.webp","VISUAL-GAMING-01","เครื่องเกม คอนโทรลเลอร์ หูฟัง และลำโพงวางบนโต๊ะ"
"/รับซื้อเครื่องปริ้น-โคราช","บริการ","รับซื้อเครื่องปริ้น โคราช","แทนภาพวาด","src/assets/images/realistic/bulk-office-cover.webp","VISUAL-BULK-01","อุปกรณ์ไอทีจำนวนมากในโกดังหรือพื้นที่คัดแยก เช่น โน้ตบุ๊ก จอ ปริ้นเตอร์ และอุปกรณ์เครือข่าย"
"/รับซื้อจอมอนิเตอร์-โคราช","บริการ","รับซื้อจอมอนิเตอร์ โคราช","แทนภาพวาด","src/assets/images/realistic/desktop-cover.webp","VISUAL-DESKTOP-01","คอมพิวเตอร์ตั้งโต๊ะพร้อมจอ คีย์บอร์ด เมาส์ และการ์ดจอวางบนโต๊ะ"
"/รับซื้อจอมอนิเตอร์มี-dead-pixel-โคราช","บริการ","รับซื้อ จอมี dead pixel โคราช ประเมินจากข้อมูลและสภาพจริง","แทนภาพวาด","src/assets/images/realistic/desktop-cover.webp","VISUAL-DESKTOP-01","คอมพิวเตอร์ตั้งโต๊ะพร้อมจอ คีย์บอร์ด เมาส์ และการ์ดจอวางบนโต๊ะ"
"/รับซื้อจอมอนิเตอร์หลายเครื่อง-โคราช","บริการ","รับซื้อคอมและอุปกรณ์ไอทีจากองค์กรที่ขายจอมอนิเตอร์หลายเครื่อง โคราช","แทนภาพวาด","src/assets/images/realistic/bulk-office-cover.webp","VISUAL-BULK-01","อุปกรณ์ไอทีจำนวนมากในโกดังหรือพื้นที่คัดแยก เช่น โน้ตบุ๊ก จอ ปริ้นเตอร์ และอุปกรณ์เครือข่าย"
"/รับซื้อจอมอนิเตอร์-dell-โคราช","บริการ","รับซื้อ Dell Monitor โคราช ประเมินตามรุ่น สเปก และสภาพจริง","แทนภาพวาด","src/assets/images/realistic/desktop-cover.webp","VISUAL-DESKTOP-01","คอมพิวเตอร์ตั้งโต๊ะพร้อมจอ คีย์บอร์ด เมาส์ และการ์ดจอวางบนโต๊ะ"
"/รับซื้อจอมอนิเตอร์-lg-โคราช","บริการ","รับซื้อ LG Monitor โคราช ประเมินตามรุ่น สเปก และสภาพจริง","แทนภาพวาด","src/assets/images/realistic/desktop-cover.webp","VISUAL-DESKTOP-01","คอมพิวเตอร์ตั้งโต๊ะพร้อมจอ คีย์บอร์ด เมาส์ และการ์ดจอวางบนโต๊ะ"
"/รับซื้อจอมอนิเตอร์-samsung-โคราช","บริการ","รับซื้อ Samsung Monitor โคราช ประเมินตามรุ่น สเปก และสภาพจริง","แทนภาพวาด","src/assets/images/realistic/desktop-cover.webp","VISUAL-DESKTOP-01","คอมพิวเตอร์ตั้งโต๊ะพร้อมจอ คีย์บอร์ด เมาส์ และการ์ดจอวางบนโต๊ะ"
"/รับซื้อจอย-drift-โคราช","บริการ","รับซื้อ จอย drift โคราช ประเมินจากข้อมูลและสภาพจริง","แทนภาพวาด","src/assets/images/realistic/general-it-cover.webp","VISUAL-GENERAL-01","โต๊ะจัดวางสินค้าไอทีหลายประเภท เช่น จอ คอมพิวเตอร์ โทรศัพท์ และโน้ตบุ๊ก"
"/รับซื้อแท็บเล็ต-โคราช","บริการ","รับซื้อแท็บเล็ต โคราช ประเมินผ่าน LINE นัดรับตามสะดวก","แทนภาพวาด","src/assets/images/realistic/mobile-apple-cover.webp","VISUAL-MOBILE-01","สมาร์ทโฟน แท็บเล็ต และสมาร์ตวอทช์วางบนโต๊ะโทนสว่าง"
"/รับซื้อโทรศัพท์กล้องเสีย-โคราช","บริการ","รับซื้อ โทรศัพท์กล้องเสีย โคราช ประเมินจากข้อมูลและสภาพจริง","แทนภาพวาด","src/assets/images/realistic/camera-cover.webp","VISUAL-CAMERA-01","กล้องดิจิทัลพร้อมเลนส์และอุปกรณ์ทำความสะอาดบนโต๊ะ"
"/รับซื้อโทรศัพท์จอแตก-โคราช","บริการ","รับซื้อโทรศัพท์จอแตก โคราช","แทนภาพวาด","src/assets/images/realistic/mobile-apple-cover.webp","VISUAL-MOBILE-01","สมาร์ทโฟน แท็บเล็ต และสมาร์ตวอทช์วางบนโต๊ะโทนสว่าง"
"/รับซื้อโทรศัพท์โดนน้ำ-โคราช","บริการ","รับซื้อ โทรศัพท์โดนน้ำ โคราช ประเมินจากข้อมูลและสภาพจริง","แทนภาพวาด","src/assets/images/realistic/mobile-apple-cover.webp","VISUAL-MOBILE-01","สมาร์ทโฟน แท็บเล็ต และสมาร์ตวอทช์วางบนโต๊ะโทนสว่าง"
"/รับซื้อโทรศัพท์แบตเสื่อม-โคราช","บริการ","รับซื้อ โทรศัพท์แบตเสื่อม โคราช ประเมินจากข้อมูลและสภาพจริง","แทนภาพวาด","src/assets/images/realistic/mobile-apple-cover.webp","VISUAL-MOBILE-01","สมาร์ทโฟน แท็บเล็ต และสมาร์ตวอทช์วางบนโต๊ะโทนสว่าง"
"/รับซื้อโทรศัพท์ฝาหลังแตก-โคราช","บริการ","รับซื้อ โทรศัพท์ฝาหลังแตก โคราช ประเมินจากข้อมูลและสภาพจริง","แทนภาพวาด","src/assets/images/realistic/mobile-apple-cover.webp","VISUAL-MOBILE-01","สมาร์ทโฟน แท็บเล็ต และสมาร์ตวอทช์วางบนโต๊ะโทนสว่าง"
"/รับซื้อโทรศัพท์พอร์ตชาร์จเสีย-โคราช","บริการ","รับซื้อ โทรศัพท์พอร์ตชาร์จเสีย โคราช ประเมินจากข้อมูลและสภาพจริง","แทนภาพวาด","src/assets/images/realistic/mobile-apple-cover.webp","VISUAL-MOBILE-01","สมาร์ทโฟน แท็บเล็ต และสมาร์ตวอทช์วางบนโต๊ะโทนสว่าง"
"/รับซื้อโทรศัพท์มือถือ-โคราช","บริการ","รับซื้อโทรศัพท์มือถือ โคราช ประเมินผ่าน LINE นัดรับตามสะดวก","แทนภาพวาด","src/assets/images/realistic/mobile-apple-cover.webp","VISUAL-MOBILE-01","สมาร์ทโฟน แท็บเล็ต และสมาร์ตวอทช์วางบนโต๊ะโทนสว่าง"
"/รับซื้อโทรศัพท์ไม่มีกล่อง-โคราช","บริการ","รับซื้อ โทรศัพท์ไม่มีกล่อง โคราช ประเมินจากอาการและสภาพจริง","แทนภาพวาด","src/assets/images/realistic/mobile-apple-cover.webp","VISUAL-MOBILE-01","สมาร์ทโฟน แท็บเล็ต และสมาร์ตวอทช์วางบนโต๊ะโทนสว่าง"
"/รับซื้อโทรศัพท์สแกนนิ้วเสีย-โคราช","บริการ","รับซื้อ โทรศัพท์สแกนนิ้วเสีย โคราช ประเมินจากอาการและสภาพจริง","แทนภาพวาด","src/assets/images/realistic/mobile-apple-cover.webp","VISUAL-MOBILE-01","สมาร์ทโฟน แท็บเล็ต และสมาร์ตวอทช์วางบนโต๊ะโทนสว่าง"
"/รับซื้อโทรศัพท์-android-โคราช","บริการ","รับซื้อโทรศัพท์ Android โคราช ประเมินผ่าน LINE","แทนภาพวาด","src/assets/images/realistic/mobile-apple-cover.webp","VISUAL-MOBILE-01","สมาร์ทโฟน แท็บเล็ต และสมาร์ตวอทช์วางบนโต๊ะโทนสว่าง"
"/รับซื้อโทรศัพท์-honor-โคราช","บริการ","รับซื้อ HONOR โคราช ประเมินตามรุ่น สเปก และสภาพจริง","แทนภาพวาด","src/assets/images/realistic/mobile-apple-cover.webp","VISUAL-MOBILE-01","สมาร์ทโฟน แท็บเล็ต และสมาร์ตวอทช์วางบนโต๊ะโทนสว่าง"
"/รับซื้อโทรศัพท์-huawei-โคราช","บริการ","รับซื้อ Huawei โคราช ประเมินตามรุ่น สเปก และสภาพจริง","แทนภาพวาด","src/assets/images/realistic/mobile-apple-cover.webp","VISUAL-MOBILE-01","สมาร์ทโฟน แท็บเล็ต และสมาร์ตวอทช์วางบนโต๊ะโทนสว่าง"
"/รับซื้อโทรศัพท์-motorola-โคราช","บริการ","รับซื้อ Motorola โคราช ประเมินตามรุ่น สเปก และสภาพจริง","แทนภาพวาด","src/assets/images/realistic/mobile-apple-cover.webp","VISUAL-MOBILE-01","สมาร์ทโฟน แท็บเล็ต และสมาร์ตวอทช์วางบนโต๊ะโทนสว่าง"
"/รับซื้อโทรศัพท์-nothing-โคราช","บริการ","รับซื้อ Nothing Phone โคราช ประเมินตามรุ่น สเปก และสภาพจริง","แทนภาพวาด","src/assets/images/realistic/mobile-apple-cover.webp","VISUAL-MOBILE-01","สมาร์ทโฟน แท็บเล็ต และสมาร์ตวอทช์วางบนโต๊ะโทนสว่าง"
"/รับซื้อโทรศัพท์-oppo-โคราช","บริการ","รับซื้อโทรศัพท์ OPPO โคราช ประเมินผ่าน LINE","แทนภาพวาด","src/assets/images/realistic/mobile-apple-cover.webp","VISUAL-MOBILE-01","สมาร์ทโฟน แท็บเล็ต และสมาร์ตวอทช์วางบนโต๊ะโทนสว่าง"
"/รับซื้อโทรศัพท์-realme-โคราช","บริการ","รับซื้อ realme โคราช ประเมินตามรุ่น สเปก และสภาพจริง","แทนภาพวาด","src/assets/images/realistic/mobile-apple-cover.webp","VISUAL-MOBILE-01","สมาร์ทโฟน แท็บเล็ต และสมาร์ตวอทช์วางบนโต๊ะโทนสว่าง"
"/รับซื้อโทรศัพท์-samsung-โคราช","บริการ","รับซื้อโทรศัพท์ Samsung โคราช ประเมินผ่าน LINE","แทนภาพวาด","src/assets/images/realistic/mobile-apple-cover.webp","VISUAL-MOBILE-01","สมาร์ทโฟน แท็บเล็ต และสมาร์ตวอทช์วางบนโต๊ะโทนสว่าง"
"/รับซื้อโทรศัพท์-vivo-โคราช","บริการ","รับซื้อโทรศัพท์ vivo โคราช ประเมินผ่าน LINE","แทนภาพวาด","src/assets/images/realistic/mobile-apple-cover.webp","VISUAL-MOBILE-01","สมาร์ทโฟน แท็บเล็ต และสมาร์ตวอทช์วางบนโต๊ะโทนสว่าง"
"/รับซื้อโทรศัพท์-xiaomi-redmi-poco-โคราช","บริการ","รับซื้อโทรศัพท์ Xiaomi Redmi POCO โคราช ประเมินผ่าน LINE","แทนภาพวาด","src/assets/images/realistic/mobile-apple-cover.webp","VISUAL-MOBILE-01","สมาร์ทโฟน แท็บเล็ต และสมาร์ตวอทช์วางบนโต๊ะโทนสว่าง"
"/รับซื้อโน๊ตบุ๊คเกมมิ่ง-โคราช","บริการ","รับซื้อโน๊ตบุ๊คเกมมิ่ง โคราช ประเมินผ่าน LINE","แทนภาพวาด","src/assets/images/realistic/notebook-cover.webp","VISUAL-NOTEBOOK-01","โน้ตบุ๊กหลายประเภทวางเรียงบนโต๊ะ เช่น โน้ตบุ๊กบางเบา รุ่นทำงาน และเกมมิ่ง"
"/รับซื้อโน๊ตบุ๊คคีย์บอร์ดเสีย-โคราช","บริการ","รับซื้อ โน๊ตบุ๊คคีย์บอร์ดเสีย โคราช ประเมินจากข้อมูลและสภาพจริง","แทนภาพวาด","src/assets/images/realistic/notebook-cover.webp","VISUAL-NOTEBOOK-01","โน้ตบุ๊กหลายประเภทวางเรียงบนโต๊ะ เช่น โน้ตบุ๊กบางเบา รุ่นทำงาน และเกมมิ่ง"
"/รับซื้อโน๊ตบุ๊ค-โคราช","บริการ","รับซื้อโน๊ตบุ๊ค โคราช ประเมินผ่าน LINE นัดรับตามสะดวก","แทนภาพวาด","src/assets/images/realistic/notebook-cover.webp","VISUAL-NOTEBOOK-01","โน้ตบุ๊กหลายประเภทวางเรียงบนโต๊ะ เช่น โน้ตบุ๊กบางเบา รุ่นทำงาน และเกมมิ่ง"
"/รับซื้อโน๊ตบุ๊คจอแตก-โคราช","บริการ","รับซื้อโน๊ตบุ๊คจอแตก โคราช","แทนภาพวาด","src/assets/images/realistic/notebook-cover.webp","VISUAL-NOTEBOOK-01","โน้ตบุ๊กหลายประเภทวางเรียงบนโต๊ะ เช่น โน้ตบุ๊กบางเบา รุ่นทำงาน และเกมมิ่ง"
"/รับซื้อโน๊ตบุ๊คโดนน้ำ-โคราช","บริการ","รับซื้อ โน๊ตบุ๊คโดนน้ำ โคราช ประเมินจากข้อมูลและสภาพจริง","แทนภาพวาด","src/assets/images/realistic/notebook-cover.webp","VISUAL-NOTEBOOK-01","โน้ตบุ๊กหลายประเภทวางเรียงบนโต๊ะ เช่น โน้ตบุ๊กบางเบา รุ่นทำงาน และเกมมิ่ง"
"/รับซื้อโน๊ตบุ๊คติดรหัส-bios-โคราช","บริการ","รับซื้อ โน๊ตบุ๊คติดรหัส BIOS โคราช ประเมินจากข้อมูลและสภาพจริง","แทนภาพวาด","src/assets/images/realistic/notebook-cover.webp","VISUAL-NOTEBOOK-01","โน้ตบุ๊กหลายประเภทวางเรียงบนโต๊ะ เช่น โน้ตบุ๊กบางเบา รุ่นทำงาน และเกมมิ่ง"
"/รับซื้อโน๊ตบุ๊คบริษัทหลายเครื่อง-โคราช","บริการ","รับซื้อคอมและอุปกรณ์ไอทีจากองค์กรที่ขายโน๊ตบุ๊คหลายเครื่อง โคราช","แทนภาพวาด","src/assets/images/realistic/bulk-office-cover.webp","VISUAL-BULK-01","อุปกรณ์ไอทีจำนวนมากในโกดังหรือพื้นที่คัดแยก เช่น โน้ตบุ๊ก จอ ปริ้นเตอร์ และอุปกรณ์เครือข่าย"
"/รับซื้อโน๊ตบุ๊คบานพับแตก-โคราช","บริการ","รับซื้อ โน๊ตบุ๊คบานพับแตก โคราช ประเมินจากข้อมูลและสภาพจริง","แทนภาพวาด","src/assets/images/realistic/notebook-cover.webp","VISUAL-NOTEBOOK-01","โน้ตบุ๊กหลายประเภทวางเรียงบนโต๊ะ เช่น โน้ตบุ๊กบางเบา รุ่นทำงาน และเกมมิ่ง"
"/รับซื้อโน๊ตบุ๊คแบตเสื่อม-โคราช","บริการ","รับซื้อ โน๊ตบุ๊คแบตเสื่อม โคราช ประเมินจากข้อมูลและสภาพจริง","แทนภาพวาด","src/assets/images/realistic/notebook-cover.webp","VISUAL-NOTEBOOK-01","โน้ตบุ๊กหลายประเภทวางเรียงบนโต๊ะ เช่น โน้ตบุ๊กบางเบา รุ่นทำงาน และเกมมิ่ง"
"/รับซื้อโน๊ตบุ๊คเปิดไม่ติด-โคราช","บริการ","รับซื้อโน๊ตบุ๊คเปิดไม่ติด โคราช","แทนภาพวาด","src/assets/images/realistic/notebook-cover.webp","VISUAL-NOTEBOOK-01","โน้ตบุ๊กหลายประเภทวางเรียงบนโต๊ะ เช่น โน้ตบุ๊กบางเบา รุ่นทำงาน และเกมมิ่ง"
"/รับซื้อโน๊ตบุ๊คพอร์ตเสีย-โคราช","บริการ","รับซื้อ โน๊ตบุ๊คพอร์ตเสีย โคราช ประเมินจากข้อมูลและสภาพจริง","แทนภาพวาด","src/assets/images/realistic/notebook-cover.webp","VISUAL-NOTEBOOK-01","โน้ตบุ๊กหลายประเภทวางเรียงบนโต๊ะ เช่น โน้ตบุ๊กบางเบา รุ่นทำงาน และเกมมิ่ง"
"/รับซื้อโน๊ตบุ๊คไม่มีที่ชาร์จ-โคราช","บริการ","รับซื้อ โน๊ตบุ๊คไม่มีที่ชาร์จ โคราช ประเมินจากข้อมูลและสภาพจริง","แทนภาพวาด","src/assets/images/realistic/notebook-cover.webp","VISUAL-NOTEBOOK-01","โน้ตบุ๊กหลายประเภทวางเรียงบนโต๊ะ เช่น โน้ตบุ๊กบางเบา รุ่นทำงาน และเกมมิ่ง"
"/รับซื้อโน๊ตบุ๊คสภาพภายนอกหนัก-โคราช","บริการ","รับซื้อ โน๊ตบุ๊คสภาพภายนอกมีตำหนิหนัก โคราช ประเมินจากอาการและสภาพจริง","แทนภาพวาด","src/assets/images/realistic/notebook-cover.webp","VISUAL-NOTEBOOK-01","โน้ตบุ๊กหลายประเภทวางเรียงบนโต๊ะ เช่น โน้ตบุ๊กบางเบา รุ่นทำงาน และเกมมิ่ง"
"/รับซื้อโน๊ตบุ๊คเสีย-โคราช","บริการ","รับซื้อโน๊ตบุ๊คเสีย โคราช","แทนภาพวาด","src/assets/images/realistic/notebook-cover.webp","VISUAL-NOTEBOOK-01","โน้ตบุ๊กหลายประเภทวางเรียงบนโต๊ะ เช่น โน้ตบุ๊กบางเบา รุ่นทำงาน และเกมมิ่ง"
"/รับซื้อโน๊ตบุ๊ค-acer-โคราช","บริการ","รับซื้อ Acer โคราช ประเมินตามรุ่น สเปก และสภาพจริง","แทนภาพวาด","src/assets/images/realistic/notebook-cover.webp","VISUAL-NOTEBOOK-01","โน้ตบุ๊กหลายประเภทวางเรียงบนโต๊ะ เช่น โน้ตบุ๊กบางเบา รุ่นทำงาน และเกมมิ่ง"
"/รับซื้อโน๊ตบุ๊ค-acer-aspire-โคราช","บริการ","รับซื้อ Acer Aspire โคราช ประเมินตามสเปกและสภาพจริง","แทนภาพวาด","src/assets/images/realistic/notebook-cover.webp","VISUAL-NOTEBOOK-01","โน้ตบุ๊กหลายประเภทวางเรียงบนโต๊ะ เช่น โน้ตบุ๊กบางเบา รุ่นทำงาน และเกมมิ่ง"
"/รับซื้อโน๊ตบุ๊ค-acer-nitro-โคราช","บริการ","รับซื้อ Acer Nitro โคราช ประเมินตามสเปกและสภาพจริง","แทนภาพวาด","src/assets/images/realistic/notebook-cover.webp","VISUAL-NOTEBOOK-01","โน้ตบุ๊กหลายประเภทวางเรียงบนโต๊ะ เช่น โน้ตบุ๊กบางเบา รุ่นทำงาน และเกมมิ่ง"
"/รับซื้อโน๊ตบุ๊ค-acer-predator-โคราช","บริการ","รับซื้อ Acer Predator โคราช ประเมินตามสเปกและสภาพจริง","แทนภาพวาด","src/assets/images/realistic/notebook-cover.webp","VISUAL-NOTEBOOK-01","โน้ตบุ๊กหลายประเภทวางเรียงบนโต๊ะ เช่น โน้ตบุ๊กบางเบา รุ่นทำงาน และเกมมิ่ง"
"/รับซื้อโน๊ตบุ๊ค-acer-swift-โคราช","บริการ","รับซื้อ Acer Swift โคราช ประเมินตามสเปกและสภาพจริง","แทนภาพวาด","src/assets/images/realistic/notebook-cover.webp","VISUAL-NOTEBOOK-01","โน้ตบุ๊กหลายประเภทวางเรียงบนโต๊ะ เช่น โน้ตบุ๊กบางเบา รุ่นทำงาน และเกมมิ่ง"
"/รับซื้อโน๊ตบุ๊ค-asus-โคราช","บริการ","รับซื้อโน๊ตบุ๊ค ASUS โคราช ประเมินตามรุ่น สเปก และสภาพจริง","แทนภาพวาด","src/assets/images/realistic/notebook-cover.webp","VISUAL-NOTEBOOK-01","โน้ตบุ๊กหลายประเภทวางเรียงบนโต๊ะ เช่น โน้ตบุ๊กบางเบา รุ่นทำงาน และเกมมิ่ง"
"/รับซื้อโน๊ตบุ๊ค-asus-rog-โคราช","บริการ","รับซื้อ ASUS ROG โคราช ประเมิน Zephyrus Strix Flow ตามสเปกจริง","แทนภาพวาด","src/assets/images/realistic/notebook-cover.webp","VISUAL-NOTEBOOK-01","โน้ตบุ๊กหลายประเภทวางเรียงบนโต๊ะ เช่น โน้ตบุ๊กบางเบา รุ่นทำงาน และเกมมิ่ง"
"/รับซื้อโน๊ตบุ๊ค-asus-tuf-gaming-โคราช","บริการ","รับซื้อ ASUS TUF Gaming โคราช ประเมินตามสเปกและสภาพจริง","แทนภาพวาด","src/assets/images/realistic/notebook-cover.webp","VISUAL-NOTEBOOK-01","โน้ตบุ๊กหลายประเภทวางเรียงบนโต๊ะ เช่น โน้ตบุ๊กบางเบา รุ่นทำงาน และเกมมิ่ง"
"/รับซื้อโน๊ตบุ๊ค-asus-vivobook-โคราช","บริการ","รับซื้อ ASUS Vivobook โคราช ประเมินตามสเปกและสภาพจริง","แทนภาพวาด","src/assets/images/realistic/notebook-cover.webp","VISUAL-NOTEBOOK-01","โน้ตบุ๊กหลายประเภทวางเรียงบนโต๊ะ เช่น โน้ตบุ๊กบางเบา รุ่นทำงาน และเกมมิ่ง"
"/รับซื้อโน๊ตบุ๊ค-asus-zenbook-โคราช","บริการ","รับซื้อ ASUS Zenbook โคราช ประเมินตามสเปกและสภาพจริง","แทนภาพวาด","src/assets/images/realistic/notebook-cover.webp","VISUAL-NOTEBOOK-01","โน้ตบุ๊กหลายประเภทวางเรียงบนโต๊ะ เช่น โน้ตบุ๊กบางเบา รุ่นทำงาน และเกมมิ่ง"
"/รับซื้อโน๊ตบุ๊ค-dell-โคราช","บริการ","รับซื้อโน๊ตบุ๊ค Dell โคราช ประเมินตามรุ่น สเปก และสภาพจริง","แทนภาพวาด","src/assets/images/realistic/notebook-cover.webp","VISUAL-NOTEBOOK-01","โน้ตบุ๊กหลายประเภทวางเรียงบนโต๊ะ เช่น โน้ตบุ๊กบางเบา รุ่นทำงาน และเกมมิ่ง"
"/รับซื้อโน๊ตบุ๊ค-dell-alienware-โคราช","บริการ","รับซื้อ Dell Alienware โคราช ประเมินตามสเปกและสภาพจริง","แทนภาพวาด","src/assets/images/realistic/notebook-cover.webp","VISUAL-NOTEBOOK-01","โน้ตบุ๊กหลายประเภทวางเรียงบนโต๊ะ เช่น โน้ตบุ๊กบางเบา รุ่นทำงาน และเกมมิ่ง"
"/รับซื้อโน๊ตบุ๊ค-dell-inspiron-โคราช","บริการ","รับซื้อ Dell Inspiron โคราช ประเมินตามสเปกและสภาพจริง","แทนภาพวาด","src/assets/images/realistic/notebook-cover.webp","VISUAL-NOTEBOOK-01","โน้ตบุ๊กหลายประเภทวางเรียงบนโต๊ะ เช่น โน้ตบุ๊กบางเบา รุ่นทำงาน และเกมมิ่ง"
"/รับซื้อโน๊ตบุ๊ค-dell-latitude-โคราช","บริการ","รับซื้อ Dell Latitude โคราช ประเมินโน๊ตบุ๊คธุรกิจตามสเปกและสภาพจริง","แทนภาพวาด","src/assets/images/realistic/notebook-cover.webp","VISUAL-NOTEBOOK-01","โน้ตบุ๊กหลายประเภทวางเรียงบนโต๊ะ เช่น โน้ตบุ๊กบางเบา รุ่นทำงาน และเกมมิ่ง"
"/รับซื้อโน๊ตบุ๊ค-dell-xps-โคราช","บริการ","รับซื้อ Dell XPS โคราช ประเมินตามสเปกและสภาพจริง","แทนภาพวาด","src/assets/images/realistic/notebook-cover.webp","VISUAL-NOTEBOOK-01","โน้ตบุ๊กหลายประเภทวางเรียงบนโต๊ะ เช่น โน้ตบุ๊กบางเบา รุ่นทำงาน และเกมมิ่ง"
"/รับซื้อโน๊ตบุ๊ค-gigabyte-โคราช","บริการ","รับซื้อ Gigabyte โคราช ประเมินตามรุ่น สเปก และสภาพจริง","แทนภาพวาด","src/assets/images/realistic/notebook-cover.webp","VISUAL-NOTEBOOK-01","โน้ตบุ๊กหลายประเภทวางเรียงบนโต๊ะ เช่น โน้ตบุ๊กบางเบา รุ่นทำงาน และเกมมิ่ง"
"/รับซื้อโน๊ตบุ๊ค-gigabyte-aero-โคราช","บริการ","รับซื้อ Gigabyte AERO โคราช ประเมินตามรุ่น สเปก และสภาพจริง","แทนภาพวาด","src/assets/images/realistic/notebook-cover.webp","VISUAL-NOTEBOOK-01","โน้ตบุ๊กหลายประเภทวางเรียงบนโต๊ะ เช่น โน้ตบุ๊กบางเบา รุ่นทำงาน และเกมมิ่ง"
"/รับซื้อโน๊ตบุ๊ค-gigabyte-aorus-โคราช","บริการ","รับซื้อ Gigabyte AORUS โคราช ประเมินตามรุ่น สเปก และสภาพจริง","แทนภาพวาด","src/assets/images/realistic/notebook-cover.webp","VISUAL-NOTEBOOK-01","โน้ตบุ๊กหลายประเภทวางเรียงบนโต๊ะ เช่น โน้ตบุ๊กบางเบา รุ่นทำงาน และเกมมิ่ง"
"/รับซื้อโน๊ตบุ๊ค-gigabyte-g5-โคราช","บริการ","รับซื้อ Gigabyte G5 โคราช ประเมินตามรุ่น สเปก และสภาพจริง","แทนภาพวาด","src/assets/images/realistic/notebook-cover.webp","VISUAL-NOTEBOOK-01","โน้ตบุ๊กหลายประเภทวางเรียงบนโต๊ะ เช่น โน้ตบุ๊กบางเบา รุ่นทำงาน และเกมมิ่ง"
"/รับซื้อโน๊ตบุ๊ค-hp-โคราช","บริการ","รับซื้อ HP โคราช ประเมินตามรุ่น สเปก และสภาพจริง","แทนภาพวาด","src/assets/images/realistic/notebook-cover.webp","VISUAL-NOTEBOOK-01","โน้ตบุ๊กหลายประเภทวางเรียงบนโต๊ะ เช่น โน้ตบุ๊กบางเบา รุ่นทำงาน และเกมมิ่ง"
"/รับซื้อโน๊ตบุ๊ค-hp-elitebook-โคราช","บริการ","รับซื้อ HP EliteBook โคราช ประเมินตามรุ่น สเปก และสภาพจริง","แทนภาพวาด","src/assets/images/realistic/notebook-cover.webp","VISUAL-NOTEBOOK-01","โน้ตบุ๊กหลายประเภทวางเรียงบนโต๊ะ เช่น โน้ตบุ๊กบางเบา รุ่นทำงาน และเกมมิ่ง"
"/รับซื้อโน๊ตบุ๊ค-hp-omen-โคราช","บริการ","รับซื้อ HP OMEN โคราช ประเมินตามสเปกและสภาพจริง","แทนภาพวาด","src/assets/images/realistic/notebook-cover.webp","VISUAL-NOTEBOOK-01","โน้ตบุ๊กหลายประเภทวางเรียงบนโต๊ะ เช่น โน้ตบุ๊กบางเบา รุ่นทำงาน และเกมมิ่ง"
"/รับซื้อโน๊ตบุ๊ค-hp-pavilion-โคราช","บริการ","รับซื้อ HP Pavilion โคราช ประเมินตามรุ่น สเปก และสภาพจริง","แทนภาพวาด","src/assets/images/realistic/notebook-cover.webp","VISUAL-NOTEBOOK-01","โน้ตบุ๊กหลายประเภทวางเรียงบนโต๊ะ เช่น โน้ตบุ๊กบางเบา รุ่นทำงาน และเกมมิ่ง"
"/รับซื้อโน๊ตบุ๊ค-hp-probook-โคราช","บริการ","รับซื้อ HP ProBook โคราช ประเมินตามรุ่น สเปก และสภาพจริง","แทนภาพวาด","src/assets/images/realistic/notebook-cover.webp","VISUAL-NOTEBOOK-01","โน้ตบุ๊กหลายประเภทวางเรียงบนโต๊ะ เช่น โน้ตบุ๊กบางเบา รุ่นทำงาน และเกมมิ่ง"
"/รับซื้อโน๊ตบุ๊ค-hp-victus-โคราช","บริการ","รับซื้อ HP Victus โคราช ประเมินตามสเปกและสภาพจริง","แทนภาพวาด","src/assets/images/realistic/notebook-cover.webp","VISUAL-NOTEBOOK-01","โน้ตบุ๊กหลายประเภทวางเรียงบนโต๊ะ เช่น โน้ตบุ๊กบางเบา รุ่นทำงาน และเกมมิ่ง"
"/รับซื้อโน๊ตบุ๊ค-huawei-โคราช","บริการ","รับซื้อ Huawei MateBook โคราช ประเมินตามรุ่น สเปก และสภาพจริง","แทนภาพวาด","src/assets/images/realistic/notebook-cover.webp","VISUAL-NOTEBOOK-01","โน้ตบุ๊กหลายประเภทวางเรียงบนโต๊ะ เช่น โน้ตบุ๊กบางเบา รุ่นทำงาน และเกมมิ่ง"
"/รับซื้อโน๊ตบุ๊ค-huawei-matebook-d-โคราช","บริการ","รับซื้อ Huawei MateBook D โคราช ประเมินตามรุ่น สเปก และสภาพจริง","แทนภาพวาด","src/assets/images/realistic/notebook-cover.webp","VISUAL-NOTEBOOK-01","โน้ตบุ๊กหลายประเภทวางเรียงบนโต๊ะ เช่น โน้ตบุ๊กบางเบา รุ่นทำงาน และเกมมิ่ง"
"/รับซื้อโน๊ตบุ๊ค-huawei-matebook-x-โคราช","บริการ","รับซื้อ Huawei MateBook X โคราช ประเมินตามรุ่น สเปก และสภาพจริง","แทนภาพวาด","src/assets/images/realistic/notebook-cover.webp","VISUAL-NOTEBOOK-01","โน้ตบุ๊กหลายประเภทวางเรียงบนโต๊ะ เช่น โน้ตบุ๊กบางเบา รุ่นทำงาน และเกมมิ่ง"
"/รับซื้อโน๊ตบุ๊ค-lenovo-โคราช","บริการ","รับซื้อ Lenovo โคราช ประเมินตามรุ่น สเปก และสภาพจริง","แทนภาพวาด","src/assets/images/realistic/notebook-cover.webp","VISUAL-NOTEBOOK-01","โน้ตบุ๊กหลายประเภทวางเรียงบนโต๊ะ เช่น โน้ตบุ๊กบางเบา รุ่นทำงาน และเกมมิ่ง"
"/รับซื้อโน๊ตบุ๊ค-lenovo-ideapad-โคราช","บริการ","รับซื้อ Lenovo IdeaPad โคราช ประเมินตามสเปกและสภาพจริง","แทนภาพวาด","src/assets/images/realistic/notebook-cover.webp","VISUAL-NOTEBOOK-01","โน้ตบุ๊กหลายประเภทวางเรียงบนโต๊ะ เช่น โน้ตบุ๊กบางเบา รุ่นทำงาน และเกมมิ่ง"
"/รับซื้อโน๊ตบุ๊ค-lenovo-legion-โคราช","บริการ","รับซื้อ Lenovo Legion โคราช ประเมินตามสเปกและสภาพจริง","แทนภาพวาด","src/assets/images/realistic/notebook-cover.webp","VISUAL-NOTEBOOK-01","โน้ตบุ๊กหลายประเภทวางเรียงบนโต๊ะ เช่น โน้ตบุ๊กบางเบา รุ่นทำงาน และเกมมิ่ง"
"/รับซื้อโน๊ตบุ๊ค-lenovo-loq-โคราช","บริการ","รับซื้อ Lenovo LOQ โคราช ประเมินตามสเปกและสภาพจริง","แทนภาพวาด","src/assets/images/realistic/notebook-cover.webp","VISUAL-NOTEBOOK-01","โน้ตบุ๊กหลายประเภทวางเรียงบนโต๊ะ เช่น โน้ตบุ๊กบางเบา รุ่นทำงาน และเกมมิ่ง"
"/รับซื้อโน๊ตบุ๊ค-lenovo-thinkpad-โคราช","บริการ","รับซื้อ Lenovo ThinkPad โคราช ประเมินตามสเปกและสภาพจริง","แทนภาพวาด","src/assets/images/realistic/notebook-cover.webp","VISUAL-NOTEBOOK-01","โน้ตบุ๊กหลายประเภทวางเรียงบนโต๊ะ เช่น โน้ตบุ๊กบางเบา รุ่นทำงาน และเกมมิ่ง"
"/รับซื้อโน๊ตบุ๊ค-lenovo-yoga-โคราช","บริการ","รับซื้อ Lenovo Yoga โคราช ประเมินตามรุ่น สเปก และสภาพจริง","แทนภาพวาด","src/assets/images/realistic/notebook-cover.webp","VISUAL-NOTEBOOK-01","โน้ตบุ๊กหลายประเภทวางเรียงบนโต๊ะ เช่น โน้ตบุ๊กบางเบา รุ่นทำงาน และเกมมิ่ง"
"/รับซื้อโน๊ตบุ๊ค-msi-โคราช","บริการ","รับซื้อ MSI โคราช ประเมินตามรุ่น สเปก และสภาพจริง","แทนภาพวาด","src/assets/images/realistic/notebook-cover.webp","VISUAL-NOTEBOOK-01","โน้ตบุ๊กหลายประเภทวางเรียงบนโต๊ะ เช่น โน้ตบุ๊กบางเบา รุ่นทำงาน และเกมมิ่ง"
"/รับซื้อโน๊ตบุ๊ค-msi-cyborg-โคราช","บริการ","รับซื้อ MSI Cyborg โคราช ประเมินตามรุ่น สเปก และสภาพจริง","แทนภาพวาด","src/assets/images/realistic/notebook-cover.webp","VISUAL-NOTEBOOK-01","โน้ตบุ๊กหลายประเภทวางเรียงบนโต๊ะ เช่น โน้ตบุ๊กบางเบา รุ่นทำงาน และเกมมิ่ง"
"/รับซื้อโน๊ตบุ๊ค-msi-katana-โคราช","บริการ","รับซื้อ MSI Katana โคราช ประเมินตามรุ่น สเปก และสภาพจริง","แทนภาพวาด","src/assets/images/realistic/notebook-cover.webp","VISUAL-NOTEBOOK-01","โน้ตบุ๊กหลายประเภทวางเรียงบนโต๊ะ เช่น โน้ตบุ๊กบางเบา รุ่นทำงาน และเกมมิ่ง"
"/รับซื้อโน๊ตบุ๊ค-msi-modern-โคราช","บริการ","รับซื้อ MSI Modern โคราช ประเมินตามรุ่น สเปก และสภาพจริง","แทนภาพวาด","src/assets/images/realistic/notebook-cover.webp","VISUAL-NOTEBOOK-01","โน้ตบุ๊กหลายประเภทวางเรียงบนโต๊ะ เช่น โน้ตบุ๊กบางเบา รุ่นทำงาน และเกมมิ่ง"
"/รับซื้อโน๊ตบุ๊ค-msi-prestige-โคราช","บริการ","รับซื้อ MSI Prestige โคราช ประเมินตามรุ่น สเปก และสภาพจริง","แทนภาพวาด","src/assets/images/realistic/notebook-cover.webp","VISUAL-NOTEBOOK-01","โน้ตบุ๊กหลายประเภทวางเรียงบนโต๊ะ เช่น โน้ตบุ๊กบางเบา รุ่นทำงาน และเกมมิ่ง"
"/รับซื้อโน๊ตบุ๊ค-msi-raider-โคราช","บริการ","รับซื้อ MSI Raider โคราช ประเมินตามรุ่น สเปก และสภาพจริง","แทนภาพวาด","src/assets/images/realistic/notebook-cover.webp","VISUAL-NOTEBOOK-01","โน้ตบุ๊กหลายประเภทวางเรียงบนโต๊ะ เช่น โน้ตบุ๊กบางเบา รุ่นทำงาน และเกมมิ่ง"
"/รับซื้อโน๊ตบุ๊ค-msi-stealth-โคราช","บริการ","รับซื้อ MSI Stealth โคราช ประเมินตามรุ่น สเปก และสภาพจริง","แทนภาพวาด","src/assets/images/realistic/notebook-cover.webp","VISUAL-NOTEBOOK-01","โน้ตบุ๊กหลายประเภทวางเรียงบนโต๊ะ เช่น โน้ตบุ๊กบางเบา รุ่นทำงาน และเกมมิ่ง"
"/รับซื้อโน๊ตบุ๊ค-samsung-galaxy-book-series-โคราช","บริการ","รับซื้อ Samsung Galaxy Book โคราช ประเมินตามรุ่น สเปก และสภาพจริง","แทนภาพวาด","src/assets/images/realistic/notebook-cover.webp","VISUAL-NOTEBOOK-01","โน้ตบุ๊กหลายประเภทวางเรียงบนโต๊ะ เช่น โน้ตบุ๊กบางเบา รุ่นทำงาน และเกมมิ่ง"
"/รับซื้อโน๊ตบุ๊ค-surface-laptop-โคราช","บริการ","รับซื้อ Surface Laptop โคราช ประเมินตามรุ่น สเปก และสภาพจริง","แทนภาพวาด","src/assets/images/realistic/notebook-cover.webp","VISUAL-NOTEBOOK-01","โน้ตบุ๊กหลายประเภทวางเรียงบนโต๊ะ เช่น โน้ตบุ๊กบางเบา รุ่นทำงาน และเกมมิ่ง"
"/รับซื้อโน๊ตบุ๊ค-surface-pro-โคราช","บริการ","รับซื้อ Surface Pro โคราช ประเมินตามรุ่น สเปก และสภาพจริง","แทนภาพวาด","src/assets/images/realistic/notebook-cover.webp","VISUAL-NOTEBOOK-01","โน้ตบุ๊กหลายประเภทวางเรียงบนโต๊ะ เช่น โน้ตบุ๊กบางเบา รุ่นทำงาน และเกมมิ่ง"
"/รับซื้อเมนบอร์ด-โคราช","บริการ","รับซื้อเมนบอร์ด โคราช","แทนภาพวาด","src/assets/images/realistic/component-cover.webp","VISUAL-COMPONENT-01","ชิ้นส่วนคอมพิวเตอร์ เช่น การ์ดจอ เมนบอร์ด CPU RAM SSD และพัดลม"
"/รับซื้อเมนบอร์ดไม่ติด-โคราช","บริการ","รับซื้อ เมนบอร์ดไม่ติด โคราช ประเมินจากข้อมูลและสภาพจริง","แทนภาพวาด","src/assets/images/realistic/component-cover.webp","VISUAL-COMPONENT-01","ชิ้นส่วนคอมพิวเตอร์ เช่น การ์ดจอ เมนบอร์ด CPU RAM SSD และพัดลม"
"/รับซื้อแรม-โคราช","บริการ","รับซื้อแรม โคราช","แทนภาพวาด","src/assets/images/realistic/component-cover.webp","VISUAL-COMPONENT-01","ชิ้นส่วนคอมพิวเตอร์ เช่น การ์ดจอ เมนบอร์ด CPU RAM SSD และพัดลม"
"/รับซื้อแรมมี-error-โคราช","บริการ","รับซื้อ RAM มี error โคราช ประเมินจากข้อมูลและสภาพจริง","แทนภาพวาด","src/assets/images/realistic/component-cover.webp","VISUAL-COMPONENT-01","ชิ้นส่วนคอมพิวเตอร์ เช่น การ์ดจอ เมนบอร์ด CPU RAM SSD และพัดลม"
"/รับซื้อลำโพง-โคราช","บริการ","รับซื้อลำโพง โคราช","แทนภาพวาด","src/assets/images/realistic/gaming-cover.webp","VISUAL-GAMING-01","เครื่องเกม คอนโทรลเลอร์ หูฟัง และลำโพงวางบนโต๊ะ"
"/รับซื้อเลนส์กล้อง-โคราช","บริการ","รับซื้อเลนส์กล้อง โคราช","แทนภาพวาด","src/assets/images/realistic/camera-cover.webp","VISUAL-CAMERA-01","กล้องดิจิทัลพร้อมเลนส์และอุปกรณ์ทำความสะอาดบนโต๊ะ"
"/รับซื้อเลนส์มีรา-โคราช","บริการ","รับซื้อ เลนส์มีรา โคราช ประเมินจากข้อมูลและสภาพจริง","แทนภาพวาด","src/assets/images/realistic/camera-cover.webp","VISUAL-CAMERA-01","กล้องดิจิทัลพร้อมเลนส์และอุปกรณ์ทำความสะอาดบนโต๊ะ"
"/รับซื้อเวิร์กสเตชัน-โคราช","บริการ","รับซื้อเวิร์กสเตชัน โคราช งานกราฟิก ตัดต่อ ประเมินผ่าน LINE","แทนภาพวาด","src/assets/images/realistic/desktop-cover.webp","VISUAL-DESKTOP-01","คอมพิวเตอร์ตั้งโต๊ะพร้อมจอ คีย์บอร์ด เมาส์ และการ์ดจอวางบนโต๊ะ"
"/รับซื้อสินค้าไอที","บริการ","รับซื้อสินค้าไอที โคราช","แทนภาพวาด","src/assets/images/realistic/general-it-cover.webp","VISUAL-GENERAL-01","โต๊ะจัดวางสินค้าไอทีหลายประเภท เช่น จอ คอมพิวเตอร์ โทรศัพท์ และโน้ตบุ๊ก"
"/รับซื้อสินค้าไอทีไม่ได้ใช้งาน-โคราช","บริการ","รับซื้อสินค้าไอทีไม่ได้ใช้งาน โคราช","แทนภาพวาด","src/assets/images/realistic/general-it-cover.webp","VISUAL-GENERAL-01","โต๊ะจัดวางสินค้าไอทีหลายประเภท เช่น จอ คอมพิวเตอร์ โทรศัพท์ และโน้ตบุ๊ก"
"/รับซื้อสินค้าไอทีไม่มีอุปกรณ์-โคราช","บริการ","รับซื้อสินค้าไอทีไม่มีอุปกรณ์ โคราช","แทนภาพวาด","src/assets/images/realistic/general-it-cover.webp","VISUAL-GENERAL-01","โต๊ะจัดวางสินค้าไอทีหลายประเภท เช่น จอ คอมพิวเตอร์ โทรศัพท์ และโน้ตบุ๊ก"
"/รับซื้อสินค้าไอทียกล็อต","บริการ","รับซื้อสินค้าไอทียกล็อต","แทนภาพวาด","src/assets/images/realistic/bulk-office-cover.webp","VISUAL-BULK-01","อุปกรณ์ไอทีจำนวนมากในโกดังหรือพื้นที่คัดแยก เช่น โน้ตบุ๊ก จอ ปริ้นเตอร์ และอุปกรณ์เครือข่าย"
"/รับซื้อหูฟัง-โคราช","บริการ","รับซื้อหูฟัง โคราช","แทนภาพวาด","src/assets/images/realistic/gaming-cover.webp","VISUAL-GAMING-01","เครื่องเกม คอนโทรลเลอร์ หูฟัง และลำโพงวางบนโต๊ะ"
"/รับซื้ออุปกรณ์คอมพิวเตอร์-โคราช","บริการ","รับซื้ออุปกรณ์คอมพิวเตอร์ โคราช ประเมินผ่าน LINE นัดรับตามสะดวก","แทนภาพวาด","src/assets/images/realistic/desktop-cover.webp","VISUAL-DESKTOP-01","คอมพิวเตอร์ตั้งโต๊ะพร้อมจอ คีย์บอร์ด เมาส์ และการ์ดจอวางบนโต๊ะ"
"/รับซื้ออุปกรณ์สำนักงาน","บริการ","รับซื้ออุปกรณ์สำนักงาน","แทนภาพวาด","src/assets/images/realistic/bulk-office-cover.webp","VISUAL-BULK-01","อุปกรณ์ไอทีจำนวนมากในโกดังหรือพื้นที่คัดแยก เช่น โน้ตบุ๊ก จอ ปริ้นเตอร์ และอุปกรณ์เครือข่าย"
"/รับซื้ออุปกรณ์ไอทีร้านค้าปลีก-โคราช","บริการ","รับซื้อคอมและอุปกรณ์ไอทีจากร้านค้าปลีก โคราช","แทนภาพวาด","src/assets/images/realistic/bulk-office-cover.webp","VISUAL-BULK-01","อุปกรณ์ไอทีจำนวนมากในโกดังหรือพื้นที่คัดแยก เช่น โน้ตบุ๊ก จอ ปริ้นเตอร์ และอุปกรณ์เครือข่าย"
"/รับซื้ออุปกรณ์-logitech-โคราช","บริการ","รับซื้อ Logitech โคราช ประเมินตามรุ่น สเปก และสภาพจริง","แทนภาพวาด","src/assets/images/realistic/gaming-cover.webp","VISUAL-GAMING-01","เครื่องเกม คอนโทรลเลอร์ หูฟัง และลำโพงวางบนโต๊ะ"
"/รับซื้ออุปกรณ์-pos-โคราช","บริการ","รับซื้ออุปกรณ์ POS โคราช","แทนภาพวาด","src/assets/images/realistic/bulk-office-cover.webp","VISUAL-BULK-01","อุปกรณ์ไอทีจำนวนมากในโกดังหรือพื้นที่คัดแยก เช่น โน้ตบุ๊ก จอ ปริ้นเตอร์ และอุปกรณ์เครือข่าย"
"/รับซื้ออุปกรณ์-razer-โคราช","บริการ","รับซื้อ Razer โคราช ประเมินตามรุ่น สเปก และสภาพจริง","แทนภาพวาด","src/assets/images/realistic/gaming-cover.webp","VISUAL-GAMING-01","เครื่องเกม คอนโทรลเลอร์ หูฟัง และลำโพงวางบนโต๊ะ"
"/รับซื้อไอทีโกดังศูนย์กระจายสินค้า-โคราช","บริการ","รับซื้อคอมและอุปกรณ์ไอทีจากโกดังและศูนย์กระจายสินค้า โคราช","แทนภาพวาด","src/assets/images/realistic/bulk-office-cover.webp","VISUAL-BULK-01","อุปกรณ์ไอทีจำนวนมากในโกดังหรือพื้นที่คัดแยก เช่น โน้ตบุ๊ก จอ ปริ้นเตอร์ และอุปกรณ์เครือข่าย"
"/รับซื้อไอที-coworking-space-โคราช","บริการ","รับซื้อคอมและอุปกรณ์ไอทีจากCoworking Space โคราช","แทนภาพวาด","src/assets/images/realistic/bulk-office-cover.webp","VISUAL-BULK-01","อุปกรณ์ไอทีจำนวนมากในโกดังหรือพื้นที่คัดแยก เช่น โน้ตบุ๊ก จอ ปริ้นเตอร์ และอุปกรณ์เครือข่าย"
"/รับซื้อ-acer-aspire-5-โคราช","บริการ","รับซื้อ Acer Aspire 5 โคราช ประเมินตามรุ่น สเปก และสภาพจริง","แทนภาพวาด","src/assets/images/realistic/general-it-cover.webp","VISUAL-GENERAL-01","โต๊ะจัดวางสินค้าไอทีหลายประเภท เช่น จอ คอมพิวเตอร์ โทรศัพท์ และโน้ตบุ๊ก"
"/รับซื้อ-acer-nitro-5-โคราช","บริการ","รับซื้อ Acer Nitro 5 โคราช ประเมินจากข้อมูลและสภาพจริง","แทนภาพวาด","src/assets/images/realistic/general-it-cover.webp","VISUAL-GENERAL-01","โต๊ะจัดวางสินค้าไอทีหลายประเภท เช่น จอ คอมพิวเตอร์ โทรศัพท์ และโน้ตบุ๊ก"
"/รับซื้อ-acer-nitro-v-15-โคราช","บริการ","รับซื้อ Acer Nitro V 15 โคราช ประเมินตามรุ่น สเปก และสภาพจริง","แทนภาพวาด","src/assets/images/realistic/notebook-cover.webp","VISUAL-NOTEBOOK-01","โน้ตบุ๊กหลายประเภทวางเรียงบนโต๊ะ เช่น โน้ตบุ๊กบางเบา รุ่นทำงาน และเกมมิ่ง"
"/รับซื้อ-acer-predator-helios-neo-16-โคราช","บริการ","รับซื้อ Predator Helios Neo 16 โคราช ประเมินตามรุ่น สเปก และสภาพจริง","แทนภาพวาด","src/assets/images/realistic/notebook-cover.webp","VISUAL-NOTEBOOK-01","โน้ตบุ๊กหลายประเภทวางเรียงบนโต๊ะ เช่น โน้ตบุ๊กบางเบา รุ่นทำงาน และเกมมิ่ง"
"/รับซื้อ-alienware-m16-โคราช","บริการ","รับซื้อ Alienware m16 โคราช ประเมินตามรุ่น สเปก และสภาพจริง","แทนภาพวาด","src/assets/images/realistic/general-it-cover.webp","VISUAL-GENERAL-01","โต๊ะจัดวางสินค้าไอทีหลายประเภท เช่น จอ คอมพิวเตอร์ โทรศัพท์ และโน้ตบุ๊ก"
"/รับซื้อ-apple-watch-โคราช","บริการ","รับซื้อ Apple Watch โคราช ประเมินผ่าน LINE นัดรับตามสะดวก","แทนภาพวาด","src/assets/images/realistic/mobile-apple-cover.webp","VISUAL-MOBILE-01","สมาร์ทโฟน แท็บเล็ต และสมาร์ตวอทช์วางบนโต๊ะโทนสว่าง"
"/รับซื้อ-asus-rog-strix-g16-โคราช","บริการ","รับซื้อ ASUS ROG Strix G16 โคราช ประเมินตามรุ่น สเปก และสภาพจริง","แทนภาพวาด","src/assets/images/realistic/notebook-cover.webp","VISUAL-NOTEBOOK-01","โน้ตบุ๊กหลายประเภทวางเรียงบนโต๊ะ เช่น โน้ตบุ๊กบางเบา รุ่นทำงาน และเกมมิ่ง"
"/รับซื้อ-asus-rog-zephyrus-g14-โคราช","บริการ","รับซื้อ ASUS ROG Zephyrus G14 โคราช ประเมินตามรุ่น สเปก และสภาพจริง","แทนภาพวาด","src/assets/images/realistic/notebook-cover.webp","VISUAL-NOTEBOOK-01","โน้ตบุ๊กหลายประเภทวางเรียงบนโต๊ะ เช่น โน้ตบุ๊กบางเบา รุ่นทำงาน และเกมมิ่ง"
"/รับซื้อ-asus-rog-zephyrus-g16-โคราช","บริการ","รับซื้อ ASUS ROG Zephyrus G16 โคราช ประเมินตามรุ่น สเปก และสภาพจริง","แทนภาพวาด","src/assets/images/realistic/notebook-cover.webp","VISUAL-NOTEBOOK-01","โน้ตบุ๊กหลายประเภทวางเรียงบนโต๊ะ เช่น โน้ตบุ๊กบางเบา รุ่นทำงาน และเกมมิ่ง"
"/รับซื้อ-asus-tuf-a15-โคราช","บริการ","รับซื้อ ASUS TUF A15 โคราช ประเมินตามรุ่น สเปก และสภาพจริง","แทนภาพวาด","src/assets/images/realistic/notebook-cover.webp","VISUAL-NOTEBOOK-01","โน้ตบุ๊กหลายประเภทวางเรียงบนโต๊ะ เช่น โน้ตบุ๊กบางเบา รุ่นทำงาน และเกมมิ่ง"
"/รับซื้อ-asus-tuf-f15-โคราช","บริการ","รับซื้อ ASUS TUF F15 โคราช ประเมินตามรุ่น สเปก และสภาพจริง","แทนภาพวาด","src/assets/images/realistic/general-it-cover.webp","VISUAL-GENERAL-01","โต๊ะจัดวางสินค้าไอทีหลายประเภท เช่น จอ คอมพิวเตอร์ โทรศัพท์ และโน้ตบุ๊ก"
"/รับซื้อ-asus-vivobook-15-โคราช","บริการ","รับซื้อ ASUS Vivobook 15 โคราช ประเมินตามรุ่น สเปก และสภาพจริง","แทนภาพวาด","src/assets/images/realistic/mobile-apple-cover.webp","VISUAL-MOBILE-01","สมาร์ทโฟน แท็บเล็ต และสมาร์ตวอทช์วางบนโต๊ะโทนสว่าง"
"/รับซื้อ-asus-zenbook-14-โคราช","บริการ","รับซื้อ ASUS Zenbook 14 โคราช ประเมินตามรุ่น สเปก และสภาพจริง","แทนภาพวาด","src/assets/images/realistic/general-it-cover.webp","VISUAL-GENERAL-01","โต๊ะจัดวางสินค้าไอทีหลายประเภท เช่น จอ คอมพิวเตอร์ โทรศัพท์ และโน้ตบุ๊ก"
"/รับซื้อ-canon-r6-mark-ii-โคราช","บริการ","รับซื้อ Canon R6 Mark II โคราช ประเมินตามรุ่น สเปก และสภาพจริง","แทนภาพวาด","src/assets/images/realistic/general-it-cover.webp","VISUAL-GENERAL-01","โต๊ะจัดวางสินค้าไอทีหลายประเภท เช่น จอ คอมพิวเตอร์ โทรศัพท์ และโน้ตบุ๊ก"
"/รับซื้อ-cpu-โคราช","บริการ","รับซื้อ CPU โคราช","แทนภาพวาด","src/assets/images/realistic/component-cover.webp","VISUAL-COMPONENT-01","ชิ้นส่วนคอมพิวเตอร์ เช่น การ์ดจอ เมนบอร์ด CPU RAM SSD และพัดลม"
"/รับซื้อ-dell-inspiron-15-โคราช","บริการ","รับซื้อ Dell Inspiron 15 โคราช ประเมินตามรุ่น สเปก และสภาพจริง","แทนภาพวาด","src/assets/images/realistic/general-it-cover.webp","VISUAL-GENERAL-01","โต๊ะจัดวางสินค้าไอทีหลายประเภท เช่น จอ คอมพิวเตอร์ โทรศัพท์ และโน้ตบุ๊ก"
"/รับซื้อ-dell-latitude-5420-โคราช","บริการ","รับซื้อ Dell Latitude 5420 โคราช ประเมินจากข้อมูลและสภาพจริง","แทนภาพวาด","src/assets/images/realistic/notebook-cover.webp","VISUAL-NOTEBOOK-01","โน้ตบุ๊กหลายประเภทวางเรียงบนโต๊ะ เช่น โน้ตบุ๊กบางเบา รุ่นทำงาน และเกมมิ่ง"
"/รับซื้อ-dell-latitude-7430-โคราช","บริการ","รับซื้อ Dell Latitude 7430 โคราช ประเมินตามรุ่น สเปก และสภาพจริง","แทนภาพวาด","src/assets/images/realistic/notebook-cover.webp","VISUAL-NOTEBOOK-01","โน้ตบุ๊กหลายประเภทวางเรียงบนโต๊ะ เช่น โน้ตบุ๊กบางเบา รุ่นทำงาน และเกมมิ่ง"
"/รับซื้อ-dell-latitude-7440-โคราช","บริการ","รับซื้อ Dell Latitude 7440 โคราช ประเมินตามรุ่น สเปก และสภาพจริง","แทนภาพวาด","src/assets/images/realistic/notebook-cover.webp","VISUAL-NOTEBOOK-01","โน้ตบุ๊กหลายประเภทวางเรียงบนโต๊ะ เช่น โน้ตบุ๊กบางเบา รุ่นทำงาน และเกมมิ่ง"
"/รับซื้อ-dell-xps-13-โคราช","บริการ","รับซื้อ Dell XPS 13 โคราช ประเมินตามรุ่น สเปก และสภาพจริง","แทนภาพวาด","src/assets/images/realistic/general-it-cover.webp","VISUAL-GENERAL-01","โต๊ะจัดวางสินค้าไอทีหลายประเภท เช่น จอ คอมพิวเตอร์ โทรศัพท์ และโน้ตบุ๊ก"
"/รับซื้อ-fujifilm-x-s20-โคราช","บริการ","รับซื้อ Fujifilm X-S20 โคราช ประเมินตามรุ่น สเปก และสภาพจริง","แทนภาพวาด","src/assets/images/realistic/general-it-cover.webp","VISUAL-GENERAL-01","โต๊ะจัดวางสินค้าไอทีหลายประเภท เช่น จอ คอมพิวเตอร์ โทรศัพท์ และโน้ตบุ๊ก"
"/รับซื้อ-fujifilm-x-t5-โคราช","บริการ","รับซื้อ Fujifilm X-T5 โคราช ประเมินตามรุ่น สเปก และสภาพจริง","แทนภาพวาด","src/assets/images/realistic/general-it-cover.webp","VISUAL-GENERAL-01","โต๊ะจัดวางสินค้าไอทีหลายประเภท เช่น จอ คอมพิวเตอร์ โทรศัพท์ และโน้ตบุ๊ก"
"/รับซื้อ-hdd-bad-sector-โคราช","บริการ","รับซื้อ HDD bad sector โคราช ประเมินจากข้อมูลและสภาพจริง","แทนภาพวาด","src/assets/images/realistic/component-cover.webp","VISUAL-COMPONENT-01","ชิ้นส่วนคอมพิวเตอร์ เช่น การ์ดจอ เมนบอร์ด CPU RAM SSD และพัดลม"
"/รับซื้อ-honor-magic-โคราช","บริการ","รับซื้อ HONOR Magic โคราช ประเมินจากข้อมูลและสภาพจริง","แทนภาพวาด","src/assets/images/realistic/mobile-apple-cover.webp","VISUAL-MOBILE-01","สมาร์ทโฟน แท็บเล็ต และสมาร์ตวอทช์วางบนโต๊ะโทนสว่าง"
"/รับซื้อ-honor-x-โคราช","บริการ","รับซื้อ HONOR X โคราช ประเมินจากข้อมูลและสภาพจริง","แทนภาพวาด","src/assets/images/realistic/mobile-apple-cover.webp","VISUAL-MOBILE-01","สมาร์ทโฟน แท็บเล็ต และสมาร์ตวอทช์วางบนโต๊ะโทนสว่าง"
"/รับซื้อ-hp-elitebook-840-โคราช","บริการ","รับซื้อ HP EliteBook 840 โคราช ประเมินตามรุ่น สเปก และสภาพจริง","แทนภาพวาด","src/assets/images/realistic/general-it-cover.webp","VISUAL-GENERAL-01","โต๊ะจัดวางสินค้าไอทีหลายประเภท เช่น จอ คอมพิวเตอร์ โทรศัพท์ และโน้ตบุ๊ก"
"/รับซื้อ-hp-omen-16-โคราช","บริการ","รับซื้อ HP OMEN 16 โคราช ประเมินตามรุ่น สเปก และสภาพจริง","แทนภาพวาด","src/assets/images/realistic/notebook-cover.webp","VISUAL-NOTEBOOK-01","โน้ตบุ๊กหลายประเภทวางเรียงบนโต๊ะ เช่น โน้ตบุ๊กบางเบา รุ่นทำงาน และเกมมิ่ง"
"/รับซื้อ-hp-pavilion-15-โคราช","บริการ","รับซื้อ HP Pavilion 15 โคราช ประเมินตามรุ่น สเปก และสภาพจริง","แทนภาพวาด","src/assets/images/realistic/general-it-cover.webp","VISUAL-GENERAL-01","โต๊ะจัดวางสินค้าไอทีหลายประเภท เช่น จอ คอมพิวเตอร์ โทรศัพท์ และโน้ตบุ๊ก"
"/รับซื้อ-hp-probook-440-โคราช","บริการ","รับซื้อ HP ProBook 440 โคราช ประเมินตามรุ่น สเปก และสภาพจริง","แทนภาพวาด","src/assets/images/realistic/general-it-cover.webp","VISUAL-GENERAL-01","โต๊ะจัดวางสินค้าไอทีหลายประเภท เช่น จอ คอมพิวเตอร์ โทรศัพท์ และโน้ตบุ๊ก"
"/รับซื้อ-hp-victus-15-โคราช","บริการ","รับซื้อ HP Victus 15 โคราช ประเมินตามรุ่น สเปก และสภาพจริง","แทนภาพวาด","src/assets/images/realistic/notebook-cover.webp","VISUAL-NOTEBOOK-01","โน้ตบุ๊กหลายประเภทวางเรียงบนโต๊ะ เช่น โน้ตบุ๊กบางเบา รุ่นทำงาน และเกมมิ่ง"
"/รับซื้อ-huawei-nova-โคราช","บริการ","รับซื้อ Huawei nova โคราช ประเมินจากข้อมูลและสภาพจริง","แทนภาพวาด","src/assets/images/realistic/general-it-cover.webp","VISUAL-GENERAL-01","โต๊ะจัดวางสินค้าไอทีหลายประเภท เช่น จอ คอมพิวเตอร์ โทรศัพท์ และโน้ตบุ๊ก"
"/รับซื้อ-huawei-pura-โคราช","บริการ","รับซื้อ Huawei Pura โคราช ประเมินจากข้อมูลและสภาพจริง","แทนภาพวาด","src/assets/images/realistic/general-it-cover.webp","VISUAL-GENERAL-01","โต๊ะจัดวางสินค้าไอทีหลายประเภท เช่น จอ คอมพิวเตอร์ โทรศัพท์ และโน้ตบุ๊ก"
"/รับซื้อ-imac-mac-mini-โคราช","บริการ","รับซื้อ iMac และ Mac mini โคราช ประเมินผ่าน LINE","แทนภาพวาด","src/assets/images/realistic/desktop-cover.webp","VISUAL-DESKTOP-01","คอมพิวเตอร์ตั้งโต๊ะพร้อมจอ คีย์บอร์ด เมาส์ และการ์ดจอวางบนโต๊ะ"
"/รับซื้อ-ipad-โคราช","บริการ","รับซื้อ iPad โคราช ประเมินผ่าน LINE นัดรับตามสะดวก","แทนภาพวาด","src/assets/images/realistic/mobile-apple-cover.webp","VISUAL-MOBILE-01","สมาร์ทโฟน แท็บเล็ต และสมาร์ตวอทช์วางบนโต๊ะโทนสว่าง"
"/รับซื้อ-ipad-gen-10-โคราช","บริการ","รับซื้อ iPad Gen 10 โคราช ประเมินตามรุ่น สเปก และสภาพจริง","แทนภาพวาด","src/assets/images/realistic/mobile-apple-cover.webp","VISUAL-MOBILE-01","สมาร์ทโฟน แท็บเล็ต และสมาร์ตวอทช์วางบนโต๊ะโทนสว่าง"
"/รับซื้อ-ipad-gen-11-a16-โคราช","บริการ","รับซื้อ iPad Gen 11 A16 โคราช ประเมินตามรุ่น สเปก และสภาพจริง","แทนภาพวาด","src/assets/images/realistic/mobile-apple-cover.webp","VISUAL-MOBILE-01","สมาร์ทโฟน แท็บเล็ต และสมาร์ตวอทช์วางบนโต๊ะโทนสว่าง"
"/รับซื้อ-iphone-11-โคราช","บริการ","รับซื้อ iPhone 11 โคราช ประเมินจากข้อมูลและสภาพจริง","แทนภาพวาด","src/assets/images/realistic/mobile-apple-cover.webp","VISUAL-MOBILE-01","สมาร์ทโฟน แท็บเล็ต และสมาร์ตวอทช์วางบนโต๊ะโทนสว่าง"
"/รับซื้อ-iphone-12-โคราช","บริการ","รับซื้อ iPhone 12 โคราช ประเมินจากข้อมูลและสภาพจริง","แทนภาพวาด","src/assets/images/realistic/mobile-apple-cover.webp","VISUAL-MOBILE-01","สมาร์ทโฟน แท็บเล็ต และสมาร์ตวอทช์วางบนโต๊ะโทนสว่าง"
"/รับซื้อ-iphone-13-โคราช","บริการ","รับซื้อ iPhone 13 โคราช ประเมินตามรุ่น สเปก และสภาพจริง","แทนภาพวาด","src/assets/images/realistic/mobile-apple-cover.webp","VISUAL-MOBILE-01","สมาร์ทโฟน แท็บเล็ต และสมาร์ตวอทช์วางบนโต๊ะโทนสว่าง"
"/รับซื้อ-iphone-13-pro-โคราช","บริการ","รับซื้อ iPhone 13 Pro โคราช ประเมินตามรุ่น สเปก และสภาพจริง","แทนภาพวาด","src/assets/images/realistic/mobile-apple-cover.webp","VISUAL-MOBILE-01","สมาร์ทโฟน แท็บเล็ต และสมาร์ตวอทช์วางบนโต๊ะโทนสว่าง"
"/รับซื้อ-iphone-14-โคราช","บริการ","รับซื้อ iPhone 14 โคราช ประเมินตามรุ่น สเปก และสภาพจริง","แทนภาพวาด","src/assets/images/realistic/mobile-apple-cover.webp","VISUAL-MOBILE-01","สมาร์ทโฟน แท็บเล็ต และสมาร์ตวอทช์วางบนโต๊ะโทนสว่าง"
"/รับซื้อ-iphone-14-pro-โคราช","บริการ","รับซื้อ iPhone 14 Pro โคราช ประเมินตามรุ่น สเปก และสภาพจริง","แทนภาพวาด","src/assets/images/realistic/mobile-apple-cover.webp","VISUAL-MOBILE-01","สมาร์ทโฟน แท็บเล็ต และสมาร์ตวอทช์วางบนโต๊ะโทนสว่าง"
"/รับซื้อ-iphone-15-โคราช","บริการ","รับซื้อ iPhone 15 โคราช ประเมินตามรุ่น สเปก และสภาพจริง","แทนภาพวาด","src/assets/images/realistic/mobile-apple-cover.webp","VISUAL-MOBILE-01","สมาร์ทโฟน แท็บเล็ต และสมาร์ตวอทช์วางบนโต๊ะโทนสว่าง"
"/รับซื้อ-iphone-15-pro-โคราช","บริการ","รับซื้อ iPhone 15 Pro โคราช ประเมินตามรุ่น สเปก และสภาพจริง","แทนภาพวาด","src/assets/images/realistic/mobile-apple-cover.webp","VISUAL-MOBILE-01","สมาร์ทโฟน แท็บเล็ต และสมาร์ตวอทช์วางบนโต๊ะโทนสว่าง"
"/รับซื้อ-iphone-16-โคราช","บริการ","รับซื้อ iPhone 16 โคราช ประเมินตามรุ่น สเปก และสภาพจริง","แทนภาพวาด","src/assets/images/realistic/mobile-apple-cover.webp","VISUAL-MOBILE-01","สมาร์ทโฟน แท็บเล็ต และสมาร์ตวอทช์วางบนโต๊ะโทนสว่าง"
"/รับซื้อ-iphone-16-pro-โคราช","บริการ","รับซื้อ iPhone 16 Pro โคราช ประเมินตามรุ่น สเปก และสภาพจริง","แทนภาพวาด","src/assets/images/realistic/mobile-apple-cover.webp","VISUAL-MOBILE-01","สมาร์ทโฟน แท็บเล็ต และสมาร์ตวอทช์วางบนโต๊ะโทนสว่าง"
"/รับซื้อ-iphone-โคราช","บริการ","รับซื้อ iPhone โคราช ประเมินผ่าน LINE นัดรับตามสะดวก","แทนภาพวาด","src/assets/images/realistic/mobile-apple-cover.webp","VISUAL-MOBILE-01","สมาร์ทโฟน แท็บเล็ต และสมาร์ตวอทช์วางบนโต๊ะโทนสว่าง"
"/รับซื้อ-iphone-face-id-เสีย-โคราช","บริการ","รับซื้อ iPhone Face ID เสีย โคราช ประเมินจากข้อมูลและสภาพจริง","แทนภาพวาด","src/assets/images/realistic/mobile-apple-cover.webp","VISUAL-MOBILE-01","สมาร์ทโฟน แท็บเล็ต และสมาร์ตวอทช์วางบนโต๊ะโทนสว่าง"
"/รับซื้อ-it-asset-disposition-โคราช","บริการ","รับซื้อคอมและอุปกรณ์ไอทีจากองค์กรที่ทำ IT Asset Disposition โคราช","แทนภาพวาด","src/assets/images/realistic/bulk-office-cover.webp","VISUAL-BULK-01","อุปกรณ์ไอทีจำนวนมากในโกดังหรือพื้นที่คัดแยก เช่น โน้ตบุ๊ก จอ ปริ้นเตอร์ และอุปกรณ์เครือข่าย"
"/รับซื้อ-lenovo-ideapad-slim-3-โคราช","บริการ","รับซื้อ Lenovo IdeaPad Slim 3 โคราช ประเมินตามรุ่น สเปก และสภาพจริง","แทนภาพวาด","src/assets/images/realistic/general-it-cover.webp","VISUAL-GENERAL-01","โต๊ะจัดวางสินค้าไอทีหลายประเภท เช่น จอ คอมพิวเตอร์ โทรศัพท์ และโน้ตบุ๊ก"
"/รับซื้อ-lenovo-legion-5-โคราช","บริการ","รับซื้อ Lenovo Legion 5 โคราช ประเมินตามรุ่น สเปก และสภาพจริง","แทนภาพวาด","src/assets/images/realistic/notebook-cover.webp","VISUAL-NOTEBOOK-01","โน้ตบุ๊กหลายประเภทวางเรียงบนโต๊ะ เช่น โน้ตบุ๊กบางเบา รุ่นทำงาน และเกมมิ่ง"
"/รับซื้อ-lenovo-loq-15-โคราช","บริการ","รับซื้อ Lenovo LOQ 15 โคราช ประเมินตามรุ่น สเปก และสภาพจริง","แทนภาพวาด","src/assets/images/realistic/notebook-cover.webp","VISUAL-NOTEBOOK-01","โน้ตบุ๊กหลายประเภทวางเรียงบนโต๊ะ เช่น โน้ตบุ๊กบางเบา รุ่นทำงาน และเกมมิ่ง"
"/รับซื้อ-lenovo-thinkpad-t14-โคราช","บริการ","รับซื้อ Lenovo ThinkPad T14 โคราช ประเมินตามรุ่น สเปก และสภาพจริง","แทนภาพวาด","src/assets/images/realistic/notebook-cover.webp","VISUAL-NOTEBOOK-01","โน้ตบุ๊กหลายประเภทวางเรียงบนโต๊ะ เช่น โน้ตบุ๊กบางเบา รุ่นทำงาน และเกมมิ่ง"
"/รับซื้อ-lenovo-x1-carbon-โคราช","บริการ","รับซื้อ Lenovo X1 Carbon โคราช ประเมินตามรุ่น สเปก และสภาพจริง","แทนภาพวาด","src/assets/images/realistic/notebook-cover.webp","VISUAL-NOTEBOOK-01","โน้ตบุ๊กหลายประเภทวางเรียงบนโต๊ะ เช่น โน้ตบุ๊กบางเบา รุ่นทำงาน และเกมมิ่ง"
"/รับซื้อ-lenovo-yoga-slim-7-โคราช","บริการ","รับซื้อ Lenovo Yoga Slim 7 โคราช ประเมินตามรุ่น สเปก และสภาพจริง","แทนภาพวาด","src/assets/images/realistic/general-it-cover.webp","VISUAL-GENERAL-01","โต๊ะจัดวางสินค้าไอทีหลายประเภท เช่น จอ คอมพิวเตอร์ โทรศัพท์ และโน้ตบุ๊ก"
"/รับซื้อ-macbook-โคราช","บริการ","รับซื้อ MacBook โคราช ประเมินผ่าน LINE นัดรับตามสะดวก","แทนภาพวาด","src/assets/images/realistic/notebook-cover.webp","VISUAL-NOTEBOOK-01","โน้ตบุ๊กหลายประเภทวางเรียงบนโต๊ะ เช่น โน้ตบุ๊กบางเบา รุ่นทำงาน และเกมมิ่ง"
"/รับซื้อ-macbook-air-m1-โคราช","บริการ","รับซื้อ MacBook Air M1 โคราช ประเมินตามรุ่น สเปก และสภาพจริง","แทนภาพวาด","src/assets/images/realistic/notebook-cover.webp","VISUAL-NOTEBOOK-01","โน้ตบุ๊กหลายประเภทวางเรียงบนโต๊ะ เช่น โน้ตบุ๊กบางเบา รุ่นทำงาน และเกมมิ่ง"
"/รับซื้อ-macbook-air-m2-โคราช","บริการ","รับซื้อ MacBook Air M2 โคราช ประเมินตามรุ่น สเปก และสภาพจริง","แทนภาพวาด","src/assets/images/realistic/notebook-cover.webp","VISUAL-NOTEBOOK-01","โน้ตบุ๊กหลายประเภทวางเรียงบนโต๊ะ เช่น โน้ตบุ๊กบางเบา รุ่นทำงาน และเกมมิ่ง"
"/รับซื้อ-macbook-air-m3-โคราช","บริการ","รับซื้อ MacBook Air M3 โคราช ประเมินตามรุ่น สเปก และสภาพจริง","แทนภาพวาด","src/assets/images/realistic/notebook-cover.webp","VISUAL-NOTEBOOK-01","โน้ตบุ๊กหลายประเภทวางเรียงบนโต๊ะ เช่น โน้ตบุ๊กบางเบา รุ่นทำงาน และเกมมิ่ง"
"/รับซื้อ-macbook-air-m4-โคราช","บริการ","รับซื้อ MacBook Air M4 โคราช ประเมินตามรุ่น สเปก และสภาพจริง","แทนภาพวาด","src/assets/images/realistic/notebook-cover.webp","VISUAL-NOTEBOOK-01","โน้ตบุ๊กหลายประเภทวางเรียงบนโต๊ะ เช่น โน้ตบุ๊กบางเบา รุ่นทำงาน และเกมมิ่ง"
"/รับซื้อ-macbook-pro-m1-โคราช","บริการ","รับซื้อ MacBook Pro M1 โคราช ประเมินตามรุ่น สเปก และสภาพจริง","แทนภาพวาด","src/assets/images/realistic/notebook-cover.webp","VISUAL-NOTEBOOK-01","โน้ตบุ๊กหลายประเภทวางเรียงบนโต๊ะ เช่น โน้ตบุ๊กบางเบา รุ่นทำงาน และเกมมิ่ง"
"/รับซื้อ-macbook-pro-m3-โคราช","บริการ","รับซื้อ MacBook Pro M3 โคราช ประเมินตามรุ่น สเปก และสภาพจริง","แทนภาพวาด","src/assets/images/realistic/notebook-cover.webp","VISUAL-NOTEBOOK-01","โน้ตบุ๊กหลายประเภทวางเรียงบนโต๊ะ เช่น โน้ตบุ๊กบางเบา รุ่นทำงาน และเกมมิ่ง"
"/รับซื้อ-microsoft-surface-โคราช","บริการ","รับซื้อ Microsoft Surface โคราช ประเมินตามรุ่น สเปก และสภาพจริง","แทนภาพวาด","src/assets/images/realistic/notebook-cover.webp","VISUAL-NOTEBOOK-01","โน้ตบุ๊กหลายประเภทวางเรียงบนโต๊ะ เช่น โน้ตบุ๊กบางเบา รุ่นทำงาน และเกมมิ่ง"
"/รับซื้อ-moto-g-โคราช","บริการ","รับซื้อ Moto G โคราช ประเมินจากข้อมูลและสภาพจริง","แทนภาพวาด","src/assets/images/realistic/general-it-cover.webp","VISUAL-GENERAL-01","โต๊ะจัดวางสินค้าไอทีหลายประเภท เช่น จอ คอมพิวเตอร์ โทรศัพท์ และโน้ตบุ๊ก"
"/รับซื้อ-motorola-edge-โคราช","บริการ","รับซื้อ Motorola Edge โคราช ประเมินจากข้อมูลและสภาพจริง","แทนภาพวาด","src/assets/images/realistic/mobile-apple-cover.webp","VISUAL-MOBILE-01","สมาร์ทโฟน แท็บเล็ต และสมาร์ตวอทช์วางบนโต๊ะโทนสว่าง"
"/รับซื้อ-msi-cyborg-15-โคราช","บริการ","รับซื้อ MSI Cyborg 15 โคราช ประเมินตามรุ่น สเปก และสภาพจริง","แทนภาพวาด","src/assets/images/realistic/general-it-cover.webp","VISUAL-GENERAL-01","โต๊ะจัดวางสินค้าไอทีหลายประเภท เช่น จอ คอมพิวเตอร์ โทรศัพท์ และโน้ตบุ๊ก"
"/รับซื้อ-msi-katana-15-โคราช","บริการ","รับซื้อ MSI Katana 15 โคราช ประเมินตามรุ่น สเปก และสภาพจริง","แทนภาพวาด","src/assets/images/realistic/general-it-cover.webp","VISUAL-GENERAL-01","โต๊ะจัดวางสินค้าไอทีหลายประเภท เช่น จอ คอมพิวเตอร์ โทรศัพท์ และโน้ตบุ๊ก"
"/รับซื้อ-nikon-z6-ii-โคราช","บริการ","รับซื้อ Nikon Z6 II โคราช ประเมินตามรุ่น สเปก และสภาพจริง","แทนภาพวาด","src/assets/images/realistic/general-it-cover.webp","VISUAL-GENERAL-01","โต๊ะจัดวางสินค้าไอทีหลายประเภท เช่น จอ คอมพิวเตอร์ โทรศัพท์ และโน้ตบุ๊ก"
"/รับซื้อ-nintendo-switch-2-โคราช","บริการ","รับซื้อ Nintendo Switch 2 โคราช ประเมินตามรุ่น สเปก และสภาพจริง","แทนภาพวาด","src/assets/images/realistic/gaming-cover.webp","VISUAL-GAMING-01","เครื่องเกม คอนโทรลเลอร์ หูฟัง และลำโพงวางบนโต๊ะ"
"/รับซื้อ-nintendo-switch-โคราช","บริการ","รับซื้อ Nintendo Switch โคราช","แทนภาพวาด","src/assets/images/realistic/gaming-cover.webp","VISUAL-GAMING-01","เครื่องเกม คอนโทรลเลอร์ หูฟัง และลำโพงวางบนโต๊ะ"
"/รับซื้อ-nintendo-switch-แบตเสื่อม-โคราช","บริการ","รับซื้อ Nintendo Switch แบตเสื่อม โคราช ประเมินจากข้อมูลและสภาพจริง","แทนภาพวาด","src/assets/images/realistic/gaming-cover.webp","VISUAL-GAMING-01","เครื่องเกม คอนโทรลเลอร์ หูฟัง และลำโพงวางบนโต๊ะ"
"/รับซื้อ-nintendo-switch-lite-โคราช","บริการ","รับซื้อ Nintendo Switch Lite โคราช ประเมินตามรุ่น สเปก และสภาพจริง","แทนภาพวาด","src/assets/images/realistic/gaming-cover.webp","VISUAL-GAMING-01","เครื่องเกม คอนโทรลเลอร์ หูฟัง และลำโพงวางบนโต๊ะ"
"/รับซื้อ-nintendo-switch-oled-โคราช","บริการ","รับซื้อ Nintendo Switch OLED โคราช ประเมินตามรุ่น สเปก และสภาพจริง","แทนภาพวาด","src/assets/images/realistic/gaming-cover.webp","VISUAL-GAMING-01","เครื่องเกม คอนโทรลเลอร์ หูฟัง และลำโพงวางบนโต๊ะ"
"/รับซื้อ-nothing-phone-โคราช","บริการ","รับซื้อ Nothing Phone โคราช ประเมินจากข้อมูลและสภาพจริง","แทนภาพวาด","src/assets/images/realistic/mobile-apple-cover.webp","VISUAL-MOBILE-01","สมาร์ทโฟน แท็บเล็ต และสมาร์ตวอทช์วางบนโต๊ะโทนสว่าง"
"/รับซื้อ-oppo-a-series-โคราช","บริการ","รับซื้อ OPPO A Series โคราช ประเมินจากข้อมูลและสภาพจริง","แทนภาพวาด","src/assets/images/realistic/mobile-apple-cover.webp","VISUAL-MOBILE-01","สมาร์ทโฟน แท็บเล็ต และสมาร์ตวอทช์วางบนโต๊ะโทนสว่าง"
"/รับซื้อ-oppo-reno12-โคราช","บริการ","รับซื้อ OPPO Reno12 โคราช ประเมินจากข้อมูลและสภาพจริง","แทนภาพวาด","src/assets/images/realistic/mobile-apple-cover.webp","VISUAL-MOBILE-01","สมาร์ทโฟน แท็บเล็ต และสมาร์ตวอทช์วางบนโต๊ะโทนสว่าง"
"/รับซื้อ-oppo-reno13-โคราช","บริการ","รับซื้อ OPPO Reno13 โคราช ประเมินตามรุ่น สเปก และสภาพจริง","แทนภาพวาด","src/assets/images/realistic/mobile-apple-cover.webp","VISUAL-MOBILE-01","สมาร์ทโฟน แท็บเล็ต และสมาร์ตวอทช์วางบนโต๊ะโทนสว่าง"
"/รับซื้อ-oppo-reno-โคราช","บริการ","รับซื้อ OPPO Reno โคราช ประเมินตามรุ่น สเปก และสภาพจริง","แทนภาพวาด","src/assets/images/realistic/mobile-apple-cover.webp","VISUAL-MOBILE-01","สมาร์ทโฟน แท็บเล็ต และสมาร์ตวอทช์วางบนโต๊ะโทนสว่าง"
"/รับซื้อ-playstation-โคราช","บริการ","รับซื้อ PlayStation โคราช","แทนภาพวาด","src/assets/images/realistic/gaming-cover.webp","VISUAL-GAMING-01","เครื่องเกม คอนโทรลเลอร์ หูฟัง และลำโพงวางบนโต๊ะ"
"/รับซื้อ-playstation-อ่านแผ่นไม่ได้-โคราช","บริการ","รับซื้อ PlayStation อ่านแผ่นไม่ได้ โคราช ประเมินจากข้อมูลและสภาพจริง","แทนภาพวาด","src/assets/images/realistic/gaming-cover.webp","VISUAL-GAMING-01","เครื่องเกม คอนโทรลเลอร์ หูฟัง และลำโพงวางบนโต๊ะ"
"/รับซื้อ-poco-f6-โคราช","บริการ","รับซื้อ POCO F6 โคราช ประเมินตามรุ่น สเปก และสภาพจริง","แทนภาพวาด","src/assets/images/realistic/general-it-cover.webp","VISUAL-GENERAL-01","โต๊ะจัดวางสินค้าไอทีหลายประเภท เช่น จอ คอมพิวเตอร์ โทรศัพท์ และโน้ตบุ๊ก"
"/รับซื้อ-poco-f-series-โคราช","บริการ","รับซื้อ POCO F โคราช ประเมินตามรุ่น สเปก และสภาพจริง","แทนภาพวาด","src/assets/images/realistic/mobile-apple-cover.webp","VISUAL-MOBILE-01","สมาร์ทโฟน แท็บเล็ต และสมาร์ตวอทช์วางบนโต๊ะโทนสว่าง"
"/รับซื้อ-poco-x-series-โคราช","บริการ","รับซื้อ POCO X โคราช ประเมินจากข้อมูลและสภาพจริง","แทนภาพวาด","src/assets/images/realistic/general-it-cover.webp","VISUAL-GENERAL-01","โต๊ะจัดวางสินค้าไอทีหลายประเภท เช่น จอ คอมพิวเตอร์ โทรศัพท์ และโน้ตบุ๊ก"
"/รับซื้อ-pos-ร้านอาหาร-คาเฟ่-โคราช","บริการ","รับซื้อคอมและอุปกรณ์ไอทีจากร้านอาหารและคาเฟ่ โคราช","แทนภาพวาด","src/assets/images/realistic/bulk-office-cover.webp","VISUAL-BULK-01","อุปกรณ์ไอทีจำนวนมากในโกดังหรือพื้นที่คัดแยก เช่น โน้ตบุ๊ก จอ ปริ้นเตอร์ และอุปกรณ์เครือข่าย"
"/รับซื้อ-ps4-pro-โคราช","บริการ","รับซื้อ PlayStation 4 Pro โคราช ประเมินตามรุ่น สเปก และสภาพจริง","แทนภาพวาด","src/assets/images/realistic/gaming-cover.webp","VISUAL-GAMING-01","เครื่องเกม คอนโทรลเลอร์ หูฟัง และลำโพงวางบนโต๊ะ"
"/รับซื้อ-ps5-pro-โคราช","บริการ","รับซื้อ PlayStation 5 Pro โคราช ประเมินตามรุ่น สเปก และสภาพจริง","แทนภาพวาด","src/assets/images/realistic/gaming-cover.webp","VISUAL-GAMING-01","เครื่องเกม คอนโทรลเลอร์ หูฟัง และลำโพงวางบนโต๊ะ"
"/รับซื้อ-ps5-slim-โคราช","บริการ","รับซื้อ PlayStation 5 Slim โคราช ประเมินตามรุ่น สเปก และสภาพจริง","แทนภาพวาด","src/assets/images/realistic/gaming-cover.webp","VISUAL-GAMING-01","เครื่องเกม คอนโทรลเลอร์ หูฟัง และลำโพงวางบนโต๊ะ"
"/รับซื้อ-realme-c-series-โคราช","บริการ","รับซื้อ realme C Series โคราช ประเมินจากข้อมูลและสภาพจริง","แทนภาพวาด","src/assets/images/realistic/mobile-apple-cover.webp","VISUAL-MOBILE-01","สมาร์ทโฟน แท็บเล็ต และสมาร์ตวอทช์วางบนโต๊ะโทนสว่าง"
"/รับซื้อ-realme-gt-โคราช","บริการ","รับซื้อ realme GT โคราช ประเมินจากข้อมูลและสภาพจริง","แทนภาพวาด","src/assets/images/realistic/mobile-apple-cover.webp","VISUAL-MOBILE-01","สมาร์ทโฟน แท็บเล็ต และสมาร์ตวอทช์วางบนโต๊ะโทนสว่าง"
"/รับซื้อ-realme-number-series-โคราช","บริการ","รับซื้อ realme Number Series โคราช ประเมินจากข้อมูลและสภาพจริง","แทนภาพวาด","src/assets/images/realistic/mobile-apple-cover.webp","VISUAL-MOBILE-01","สมาร์ทโฟน แท็บเล็ต และสมาร์ตวอทช์วางบนโต๊ะโทนสว่าง"
"/รับซื้อ-redmi-note-14-โคราช","บริการ","รับซื้อ Redmi Note 14 โคราช ประเมินตามรุ่น สเปก และสภาพจริง","แทนภาพวาด","src/assets/images/realistic/general-it-cover.webp","VISUAL-GENERAL-01","โต๊ะจัดวางสินค้าไอทีหลายประเภท เช่น จอ คอมพิวเตอร์ โทรศัพท์ และโน้ตบุ๊ก"
"/รับซื้อ-redmi-note-โคราช","บริการ","รับซื้อ Redmi Note โคราช ประเมินตามรุ่น สเปก และสภาพจริง","แทนภาพวาด","src/assets/images/realistic/mobile-apple-cover.webp","VISUAL-MOBILE-01","สมาร์ทโฟน แท็บเล็ต และสมาร์ตวอทช์วางบนโต๊ะโทนสว่าง"
"/รับซื้อ-redmi-number-series-โคราช","บริการ","รับซื้อ Redmi Number Series โคราช ประเมินจากข้อมูลและสภาพจริง","แทนภาพวาด","src/assets/images/realistic/general-it-cover.webp","VISUAL-GENERAL-01","โต๊ะจัดวางสินค้าไอทีหลายประเภท เช่น จอ คอมพิวเตอร์ โทรศัพท์ และโน้ตบุ๊ก"
"/รับซื้อ-samsung-galaxy-a55-โคราช","บริการ","รับซื้อ Samsung Galaxy A55 โคราช ประเมินตามรุ่น สเปก และสภาพจริง","แทนภาพวาด","src/assets/images/realistic/mobile-apple-cover.webp","VISUAL-MOBILE-01","สมาร์ทโฟน แท็บเล็ต และสมาร์ตวอทช์วางบนโต๊ะโทนสว่าง"
"/รับซื้อ-samsung-galaxy-a56-โคราช","บริการ","รับซื้อ Samsung Galaxy A56 โคราช ประเมินตามรุ่น สเปก และสภาพจริง","แทนภาพวาด","src/assets/images/realistic/mobile-apple-cover.webp","VISUAL-MOBILE-01","สมาร์ทโฟน แท็บเล็ต และสมาร์ตวอทช์วางบนโต๊ะโทนสว่าง"
"/รับซื้อ-samsung-galaxy-a-โคราช","บริการ","รับซื้อ Samsung Galaxy A โคราช ประเมินตามรุ่น สเปก และสภาพจริง","แทนภาพวาด","src/assets/images/realistic/mobile-apple-cover.webp","VISUAL-MOBILE-01","สมาร์ทโฟน แท็บเล็ต และสมาร์ตวอทช์วางบนโต๊ะโทนสว่าง"
"/รับซื้อ-samsung-galaxy-book-โคราช","บริการ","รับซื้อ Samsung Galaxy Book โคราช ประเมินตามรุ่น สเปก และสภาพจริง","แทนภาพวาด","src/assets/images/realistic/notebook-cover.webp","VISUAL-NOTEBOOK-01","โน้ตบุ๊กหลายประเภทวางเรียงบนโต๊ะ เช่น โน้ตบุ๊กบางเบา รุ่นทำงาน และเกมมิ่ง"
"/รับซื้อ-samsung-galaxy-s23-โคราช","บริการ","รับซื้อ Samsung Galaxy S23 โคราช ประเมินตามรุ่น สเปก และสภาพจริง","แทนภาพวาด","src/assets/images/realistic/mobile-apple-cover.webp","VISUAL-MOBILE-01","สมาร์ทโฟน แท็บเล็ต และสมาร์ตวอทช์วางบนโต๊ะโทนสว่าง"
"/รับซื้อ-samsung-galaxy-s24-โคราช","บริการ","รับซื้อ Samsung Galaxy S24 โคราช ประเมินตามรุ่น สเปก และสภาพจริง","แทนภาพวาด","src/assets/images/realistic/mobile-apple-cover.webp","VISUAL-MOBILE-01","สมาร์ทโฟน แท็บเล็ต และสมาร์ตวอทช์วางบนโต๊ะโทนสว่าง"
"/รับซื้อ-samsung-galaxy-s25-โคราช","บริการ","รับซื้อ Samsung Galaxy S25 โคราช ประเมินตามรุ่น สเปก และสภาพจริง","แทนภาพวาด","src/assets/images/realistic/mobile-apple-cover.webp","VISUAL-MOBILE-01","สมาร์ทโฟน แท็บเล็ต และสมาร์ตวอทช์วางบนโต๊ะโทนสว่าง"
"/รับซื้อ-samsung-galaxy-s-โคราช","บริการ","รับซื้อ Samsung Galaxy S โคราช ประเมินตามรุ่น สเปก และสภาพจริง","แทนภาพวาด","src/assets/images/realistic/mobile-apple-cover.webp","VISUAL-MOBILE-01","สมาร์ทโฟน แท็บเล็ต และสมาร์ตวอทช์วางบนโต๊ะโทนสว่าง"
"/รับซื้อ-samsung-galaxy-z-โคราช","บริการ","รับซื้อ Samsung Galaxy Z โคราช ประเมินตามรุ่น สเปก และสภาพจริง","แทนภาพวาด","src/assets/images/realistic/mobile-apple-cover.webp","VISUAL-MOBILE-01","สมาร์ทโฟน แท็บเล็ต และสมาร์ตวอทช์วางบนโต๊ะโทนสว่าง"
"/รับซื้อ-samsung-galaxy-z-flip6-โคราช","บริการ","รับซื้อ Samsung Galaxy Z Flip6 โคราช ประเมินตามรุ่น สเปก และสภาพจริง","แทนภาพวาด","src/assets/images/realistic/mobile-apple-cover.webp","VISUAL-MOBILE-01","สมาร์ทโฟน แท็บเล็ต และสมาร์ตวอทช์วางบนโต๊ะโทนสว่าง"
"/รับซื้อ-samsung-galaxy-z-fold6-โคราช","บริการ","รับซื้อ Samsung Galaxy Z Fold6 โคราช ประเมินตามรุ่น สเปก และสภาพจริง","แทนภาพวาด","src/assets/images/realistic/mobile-apple-cover.webp","VISUAL-MOBILE-01","สมาร์ทโฟน แท็บเล็ต และสมาร์ตวอทช์วางบนโต๊ะโทนสว่าง"
"/รับซื้อ-server-network-โคราช","บริการ","รับซื้อ Server Network โคราช","แทนภาพวาด","src/assets/images/realistic/bulk-office-cover.webp","VISUAL-BULK-01","อุปกรณ์ไอทีจำนวนมากในโกดังหรือพื้นที่คัดแยก เช่น โน้ตบุ๊ก จอ ปริ้นเตอร์ และอุปกรณ์เครือข่าย"
"/รับซื้อ-sony-a6000-โคราช","บริการ","รับซื้อ Sony A6000 โคราช ประเมินจากข้อมูลและสภาพจริง","แทนภาพวาด","src/assets/images/realistic/general-it-cover.webp","VISUAL-GENERAL-01","โต๊ะจัดวางสินค้าไอทีหลายประเภท เช่น จอ คอมพิวเตอร์ โทรศัพท์ และโน้ตบุ๊ก"
"/รับซื้อ-sony-a6400-โคราช","บริการ","รับซื้อ Sony A6400 โคราช ประเมินจากข้อมูลและสภาพจริง","แทนภาพวาด","src/assets/images/realistic/general-it-cover.webp","VISUAL-GENERAL-01","โต๊ะจัดวางสินค้าไอทีหลายประเภท เช่น จอ คอมพิวเตอร์ โทรศัพท์ และโน้ตบุ๊ก"
"/รับซื้อ-sony-a7iii-โคราช","บริการ","รับซื้อ Sony A7 III โคราช ประเมินตามรุ่น สเปก และสภาพจริง","แทนภาพวาด","src/assets/images/realistic/general-it-cover.webp","VISUAL-GENERAL-01","โต๊ะจัดวางสินค้าไอทีหลายประเภท เช่น จอ คอมพิวเตอร์ โทรศัพท์ และโน้ตบุ๊ก"
"/รับซื้อ-ssd-hdd-โคราช","บริการ","รับซื้อ SSD HDD โคราช","แทนภาพวาด","src/assets/images/realistic/component-cover.webp","VISUAL-COMPONENT-01","ชิ้นส่วนคอมพิวเตอร์ เช่น การ์ดจอ เมนบอร์ด CPU RAM SSD และพัดลม"
"/รับซื้อ-ssd-health-ต่ำ-โคราช","บริการ","รับซื้อ SSD health ต่ำ โคราช ประเมินจากข้อมูลและสภาพจริง","แทนภาพวาด","src/assets/images/realistic/component-cover.webp","VISUAL-COMPONENT-01","ชิ้นส่วนคอมพิวเตอร์ เช่น การ์ดจอ เมนบอร์ด CPU RAM SSD และพัดลม"
"/รับซื้อ-steam-deck-oled-โคราช","บริการ","รับซื้อ Steam Deck OLED โคราช ประเมินตามรุ่น สเปก และสภาพจริง","แทนภาพวาด","src/assets/images/realistic/general-it-cover.webp","VISUAL-GENERAL-01","โต๊ะจัดวางสินค้าไอทีหลายประเภท เช่น จอ คอมพิวเตอร์ โทรศัพท์ และโน้ตบุ๊ก"
"/รับซื้อ-vivo-v40-โคราช","บริการ","รับซื้อ vivo V40 โคราช ประเมินตามรุ่น สเปก และสภาพจริง","แทนภาพวาด","src/assets/images/realistic/mobile-apple-cover.webp","VISUAL-MOBILE-01","สมาร์ทโฟน แท็บเล็ต และสมาร์ตวอทช์วางบนโต๊ะโทนสว่าง"
"/รับซื้อ-vivo-v50-โคราช","บริการ","รับซื้อ vivo V50 โคราช ประเมินตามรุ่น สเปก และสภาพจริง","แทนภาพวาด","src/assets/images/realistic/mobile-apple-cover.webp","VISUAL-MOBILE-01","สมาร์ทโฟน แท็บเล็ต และสมาร์ตวอทช์วางบนโต๊ะโทนสว่าง"
"/รับซื้อ-vivo-v-series-โคราช","บริการ","รับซื้อ vivo V Series โคราช ประเมินตามรุ่น สเปก และสภาพจริง","แทนภาพวาด","src/assets/images/realistic/mobile-apple-cover.webp","VISUAL-MOBILE-01","สมาร์ทโฟน แท็บเล็ต และสมาร์ตวอทช์วางบนโต๊ะโทนสว่าง"
"/รับซื้อ-vivo-y-series-โคราช","บริการ","รับซื้อ vivo Y Series โคราช ประเมินจากข้อมูลและสภาพจริง","แทนภาพวาด","src/assets/images/realistic/mobile-apple-cover.webp","VISUAL-MOBILE-01","สมาร์ทโฟน แท็บเล็ต และสมาร์ตวอทช์วางบนโต๊ะโทนสว่าง"
"/รับซื้อ-xiaomi-14-โคราช","บริการ","รับซื้อ Xiaomi 14 โคราช ประเมินตามรุ่น สเปก และสภาพจริง","แทนภาพวาด","src/assets/images/realistic/mobile-apple-cover.webp","VISUAL-MOBILE-01","สมาร์ทโฟน แท็บเล็ต และสมาร์ตวอทช์วางบนโต๊ะโทนสว่าง"
"/รับซื้อ-xiaomi-15-โคราช","บริการ","รับซื้อ Xiaomi 15 โคราช ประเมินตามรุ่น สเปก และสภาพจริง","แทนภาพวาด","src/assets/images/realistic/mobile-apple-cover.webp","VISUAL-MOBILE-01","สมาร์ทโฟน แท็บเล็ต และสมาร์ตวอทช์วางบนโต๊ะโทนสว่าง"
"/รับซื้อ-xiaomi-series-โคราช","บริการ","รับซื้อ Xiaomi Series โคราช ประเมินตามรุ่น สเปก และสภาพจริง","แทนภาพวาด","src/assets/images/realistic/mobile-apple-cover.webp","VISUAL-MOBILE-01","สมาร์ทโฟน แท็บเล็ต และสมาร์ตวอทช์วางบนโต๊ะโทนสว่าง"
"/วิธีขายสินค้า","บริการ","วิธีขายสินค้าไอที","แทนภาพวาด","src/assets/images/realistic/local-pickup-cover.webp","VISUAL-AREA-01","ฉากนัดรับอุปกรณ์ไอทีพร้อมกล่องส่งของและอุปกรณ์ตรวจรับหน้างาน"
"/วิธีประเมินราคา","บริการ","วิธีประเมินราคาสินค้าไอที","แทนภาพวาด","src/assets/images/realistic/local-pickup-cover.webp","VISUAL-AREA-01","ฉากนัดรับอุปกรณ์ไอทีพร้อมกล่องส่งของและอุปกรณ์ตรวจรับหน้างาน"
"/ส่งสินค้าไอทีมาประเมิน","บริการ","ส่งสินค้าไอทีมาประเมิน","แทนภาพวาด","src/assets/images/realistic/local-pickup-cover.webp","VISUAL-AREA-01","ฉากนัดรับอุปกรณ์ไอทีพร้อมกล่องส่งของและอุปกรณ์ตรวจรับหน้างาน"
