"URL","Route source","Page type","Indexability","HTTP expectation","HTML Title","HTML Title Length","OG Title","Meta Description","Meta Description Length","OG Description","H1","H1 Count","Robots","Canonical","Canonical Status","Word count","Internal links in","Internal links out","Global navigation links in","Footer links in","Related component links in","Contextual body links in","Structured data types","Sitemap inclusion","Primary Cluster","Parent Hub","Conversion Role","Similarity Group","Manual Review Reason","Primary intent","Funnel Stage","Thin-content risk","Doorway-page risk","Recommended action"
"/404","src/pages/404.astro","Utility/error page","noindex","404","ไม่พบหน้า | WINNER IT","21","ไม่พบหน้า | WINNER IT","ไม่พบหน้าเว็บที่คุณต้องการ สามารถกลับหน้าแรกหรือติดต่อ LINE @buyhub ได้","71","ไม่พบหน้าเว็บที่คุณต้องการ สามารถกลับหน้าแรกหรือติดต่อ LINE @buyhub ได้","ไม่พบหน้านี้","1","noindex, nofollow","https://xn--42cmb2cn7ce1fa0bs7aw2n0a2f.com/404","self-referencing","28","0","21","0","0","0","0","","no","UTILITY","/","Error recovery / support","UTILITY:Utility/error page","","Navigation / error recovery","Support","low","low","retain noindex; exclude from sitemap"
"/","src/pages/index.astro","Homepage","indexable","200","รับซื้อสินค้าไอทีโคราช ประเมินเบื้องต้นผ่าน LINE | WINNER IT","60","รับซื้อสินค้าไอทีโคราช ประเมินเบื้องต้นผ่าน LINE | WINNER IT","รับซื้อสินค้าไอทีมือสองในนครราชสีมา ประเมินผ่าน LINE @buyhub นัดรับตามคิวและระยะทาง ราคาสุดท้ายยืนยันหลังตรวจของจริง","116","รับซื้อสินค้าไอทีมือสองในนครราชสีมา ประเมินผ่าน LINE @buyhub นัดรับตามคิวและระยะทาง ราคาสุดท้ายยืนยันหลังตรวจของจริง","รับซื้อสินค้าไอทีโคราช ประเมินเบื้องต้นผ่าน LINE","1","index, follow","https://xn--42cmb2cn7ce1fa0bs7aw2n0a2f.com","self-referencing","1395","88","69","88","0","0","0","Organization|WebSite|WebPage|FAQPage","yes","CORE-LOCAL","","Primary LINE/phone conversion","CORE-LOCAL:Homepage","","Transactional","Decision","low","low","retain; validate with GSC"
"/ขายคอมหลายเครื่อง-โคราช","src/content/services/ขายคอมหลายเครื่อง-โคราช.md","B2B/bulk","indexable","200","ขายคอมหลายเครื่อง โคราช รับซื้อคอมจำนวนมาก | WINNER IT","54","ขายคอมหลายเครื่อง โคราช รับซื้อคอมจำนวนมาก | WINNER IT","WINNER IT รับซื้อคอมหลายเครื่องในโคราช ร้านคอม โรงเรียน ส่งรายการประเมิน ผ่าน LINE @buyhub","90","WINNER IT รับซื้อคอมหลายเครื่องในโคราช ร้านคอม โรงเรียน ส่งรายการประเมิน ผ่าน LINE @buyhub","ขายคอมหลายเครื่อง โคราช","1","index, follow","https://xn--42cmb2cn7ce1fa0bs7aw2n0a2f.com/ขายคอมหลายเครื่อง-โคราช","self-referencing","1808","1","21","0","0","0","0","Organization|WebSite|WebPage|Service|BreadcrumbList|FAQPage","yes","B2B","/รับซื้อสินค้าไอทียกล็อต","Primary LINE/phone conversion","B2B:B2B/bulk","","Transactional","Decision","low","low","retain; validate with GSC"
"/ขายอุปกรณ์ไอทียกสำนักงาน-โคราช","src/content/services/ขายอุปกรณ์ไอทียกสำนักงาน-โคราช.md","B2B/bulk","indexable","200","ขายอุปกรณ์ไอทียกสำนักงาน โคราช | WINNER IT","42","ขายอุปกรณ์ไอทียกสำนักงาน โคราช | WINNER IT","WINNER IT รับซื้ออุปกรณ์ไอทียกสำนักงานในโคราช คอม จอ โทรศัพท์ ปริ้น ประเมินยกชุด ผ่าน LINE @buyhub","98","WINNER IT รับซื้ออุปกรณ์ไอทียกสำนักงานในโคราช คอม จอ โทรศัพท์ ปริ้น ประเมินยกชุด ผ่าน LINE @buyhub","ขายอุปกรณ์ไอทียกสำนักงาน โคราช","1","index, follow","https://xn--42cmb2cn7ce1fa0bs7aw2n0a2f.com/ขายอุปกรณ์ไอทียกสำนักงาน-โคราช","self-referencing","1801","1","21","0","0","0","0","Organization|WebSite|WebPage|Service|BreadcrumbList|FAQPage","yes","B2B","/รับซื้อสินค้าไอทียกล็อต","Primary LINE/phone conversion","B2B:B2B/bulk","","Transactional","Decision","low","low","retain; validate with GSC"
"/ข้อกำหนดการใช้บริการ","src/pages/ข้อกำหนดการใช้บริการ.astro","Policy","indexable","200","ข้อกำหนดการใช้บริการ | WINNER IT","32","ข้อกำหนดการใช้บริการ | WINNER IT","ข้อกำหนดการใช้บริการเว็บไซต์รับซื้อไอทีโคราช และเงื่อนไขการประเมินสินค้าของ WINNER IT","85","ข้อกำหนดการใช้บริการเว็บไซต์รับซื้อไอทีโคราช และเงื่อนไขการประเมินสินค้าของ WINNER IT","ข้อกำหนดการใช้บริการ","1","index, follow","https://xn--42cmb2cn7ce1fa0bs7aw2n0a2f.com/ข้อกำหนดการใช้บริการ","self-referencing","120","88","21","0","88","0","0","Organization|WebSite|WebPage|BreadcrumbList","yes","TRUST-POLICY","/","Assisted conversion / trust","TRUST-POLICY:Policy","","Trust","Trust","low","low","retain; validate with GSC"
"/คำถามที่พบบ่อย","src/pages/คำถามที่พบบ่อย.astro","FAQ","indexable","200","คำถามที่พบบ่อย | WINNER IT","26","คำถามที่พบบ่อย | WINNER IT","รวมคำถามที่พบบ่อยเกี่ยวกับการประเมิน รับซื้อ นัดรับ และจัดส่งสินค้าไอทีในโคราช","78","รวมคำถามที่พบบ่อยเกี่ยวกับการประเมิน รับซื้อ นัดรับ และจัดส่งสินค้าไอทีในโคราช","คำถามที่พบบ่อย","1","index, follow","https://xn--42cmb2cn7ce1fa0bs7aw2n0a2f.com/คำถามที่พบบ่อย","self-referencing","219","88","21","0","0","0","0","Organization|WebSite|WebPage|BreadcrumbList|FAQPage","yes","TRUST-FAQ","/","Assisted conversion / trust","TRUST-FAQ:FAQ","","Trust","Trust","review","low","retain; validate with GSC"
"/ติดต่อ","src/pages/ติดต่อ.astro","Contact","indexable","200","ติดต่อเรา | WINNER IT รับซื้อไอทีโคราช","38","ติดต่อเรา | WINNER IT รับซื้อไอทีโคราช","ติดต่อ WINNER IT เพื่อประเมินสินค้าไอทีในโคราช ผ่าน LINE @buyhub หรือโทร 095-547-9408","85","ติดต่อ WINNER IT เพื่อประเมินสินค้าไอทีในโคราช ผ่าน LINE @buyhub หรือโทร 095-547-9408","ติดต่อ WINNER IT","1","index, follow","https://xn--42cmb2cn7ce1fa0bs7aw2n0a2f.com/ติดต่อ","self-referencing","133","88","21","88","88","0","19","Organization|WebSite|ContactPage|BreadcrumbList","yes","TRUST-CONTACT","/","Direct conversion","TRUST-CONTACT:Contact","","Navigation / conversion support","Decision","low","low","retain; validate with GSC"
"/นโยบายความเป็นส่วนตัว","src/pages/นโยบายความเป็นส่วนตัว.astro","Policy","indexable","200","นโยบายความเป็นส่วนตัว | WINNER IT","33","นโยบายความเป็นส่วนตัว | WINNER IT","นโยบายความเป็นส่วนตัวสำหรับการติดต่อและส่งข้อมูลประเมินสินค้าของ WINNER IT","74","นโยบายความเป็นส่วนตัวสำหรับการติดต่อและส่งข้อมูลประเมินสินค้าของ WINNER IT","นโยบายความเป็นส่วนตัว","1","index, follow","https://xn--42cmb2cn7ce1fa0bs7aw2n0a2f.com/นโยบายความเป็นส่วนตัว","self-referencing","130","88","21","0","88","0","0","Organization|WebSite|WebPage|BreadcrumbList","yes","TRUST-POLICY","/","Assisted conversion / trust","TRUST-POLICY:Policy","","Trust","Trust","low","low","retain; validate with GSC"
"/นโยบายรับซื้อสินค้าและการยืนยันเจ้าของ","src/pages/นโยบายรับซื้อสินค้าและการยืนยันเจ้าของ.astro","Policy","indexable","200","นโยบายรับซื้อสินค้าและการยืนยันเจ้าของ | WINNER IT","50","นโยบายรับซื้อสินค้าและการยืนยันเจ้าของ | WINNER IT","เงื่อนไขการรับซื้อสินค้าไอที การยืนยันเจ้าของ และรายการที่ไม่รับซื้อของ WINNER IT","81","เงื่อนไขการรับซื้อสินค้าไอที การยืนยันเจ้าของ และรายการที่ไม่รับซื้อของ WINNER IT","นโยบายรับซื้อสินค้าและการยืนยันเจ้าของ","1","index, follow","https://xn--42cmb2cn7ce1fa0bs7aw2n0a2f.com/นโยบายรับซื้อสินค้าและการยืนยันเจ้าของ","self-referencing","161","88","21","0","88","0","19","Organization|WebSite|WebPage|BreadcrumbList","yes","TRUST-POLICY","/","Assisted conversion / trust","TRUST-POLICY:Policy","","Trust","Trust","low","low","retain; validate with GSC"
"/บทความ/ssd-และข้อมูลส่วนตัวควรจัดการอย่างไรก่อนขาย","src/content/articles/ssd-และข้อมูลส่วนตัวควรจัดการอย่างไรก่อนขาย.md","Article","indexable","200","SSD และข้อมูลส่วนตัวควรจัดการอย่างไรก่อนขาย | WINNER IT","55","SSD และข้อมูลส่วนตัวควรจัดการอย่างไรก่อนขาย | WINNER IT","คู่มือจัดการ SSD และข้อมูลส่วนตัวก่อนขายคอมหรือโน๊ตบุ๊ค ครอบคลุมการลบข้อมูล ถอด SSD และ Secure Erase","100","คู่มือจัดการ SSD และข้อมูลส่วนตัวก่อนขายคอมหรือโน๊ตบุ๊ค ครอบคลุมการลบข้อมูล ถอด SSD และ Secure Erase","SSD และข้อมูลส่วนตัวควรจัดการอย่างไรก่อนขาย","1","index, follow","https://xn--42cmb2cn7ce1fa0bs7aw2n0a2f.com/บทความ/ssd-และข้อมูลส่วนตัวควรจัดการอย่างไรก่อนขาย","self-referencing","282","6","24","0","0","3","3","Organization|WebSite|WebPage|Article|BreadcrumbList","yes","CONTENT","/บทความ","Assisted conversion / trust","CONTENT:Article","","Informational","Awareness / consideration","review","low","retain; validate with GSC"
"/บทความ/กล่องและอุปกรณ์มีผลต่อราคามือสองหรือไม่","src/content/articles/กล่องและอุปกรณ์มีผลต่อราคามือสองหรือไม่.md","Article","indexable","200","กล่องและอุปกรณ์มีผลต่อราคามือสองหรือไม่ | WINNER IT","51","กล่องและอุปกรณ์มีผลต่อราคามือสองหรือไม่ | WINNER IT","กล่อง สายชาร์จ หูฟัง และอุปกรณ์แถมมีผลต่อราคามือสองอย่างไร ข้อมูลที่ควรแจ้งเมื่อส่งประเมิน","90","กล่อง สายชาร์จ หูฟัง และอุปกรณ์แถมมีผลต่อราคามือสองอย่างไร ข้อมูลที่ควรแจ้งเมื่อส่งประเมิน","กล่องและอุปกรณ์มีผลต่อราคามือสองหรือไม่","1","index, follow","https://xn--42cmb2cn7ce1fa0bs7aw2n0a2f.com/บทความ/กล่องและอุปกรณ์มีผลต่อราคามือสองหรือไม่","self-referencing","336","6","24","0","0","4","3","Organization|WebSite|WebPage|Article|BreadcrumbList","yes","CONTENT","/บทความ","Assisted conversion / trust","CONTENT:Article","","Informational","Awareness / consideration","low","low","retain; validate with GSC"
"/บทความ/ขายคอมหลายเครื่องควรเตรียมรายการอย่างไร","src/content/articles/ขายคอมหลายเครื่องควรเตรียมรายการอย่างไร.md","Article","indexable","200","ขายคอมหลายเครื่องควรเตรียมรายการอย่างไร | WINNER IT","51","ขายคอมหลายเครื่องควรเตรียมรายการอย่างไร | WINNER IT","คู่มือเตรียมรายการคอมพิวเตอร์หลายเครื่องก่อนขาย ครอบคลุมการจัดทำรายการ ลบข้อมูล เอกสารบริษัท และการประเมินยกล็อต","112","คู่มือเตรียมรายการคอมพิวเตอร์หลายเครื่องก่อนขาย ครอบคลุมการจัดทำรายการ ลบข้อมูล เอกสารบริษัท และการประเมินยกล็อต","ขายคอมหลายเครื่องควรเตรียมรายการอย่างไร","1","index, follow","https://xn--42cmb2cn7ce1fa0bs7aw2n0a2f.com/บทความ/ขายคอมหลายเครื่องควรเตรียมรายการอย่างไร","self-referencing","356","6","24","0","0","2","4","Organization|WebSite|WebPage|Article|BreadcrumbList","yes","CONTENT","/บทความ","Assisted conversion / trust","CONTENT:Article","","Informational","Awareness / consideration","low","low","retain; validate with GSC"
"/บทความ/ขายอุปกรณ์ไอทีของบริษัทต้องเตรียมเอกสารอะไร","src/content/articles/ขายอุปกรณ์ไอทีของบริษัทต้องเตรียมเอกสารอะไร.md","Article","indexable","200","ขายอุปกรณ์ไอทีของบริษัทต้องเตรียมเอกสารอะไร | WINNER IT","55","ขายอุปกรณ์ไอทีของบริษัทต้องเตรียมเอกสารอะไร | WINNER IT","เอกสารที่ต้องเตรียมเมื่อขายอุปกรณ์ไอทีของบริษัท ครอบคลุมหนังสืออนุมัติ การลบข้อมูล และขั้นตอนประเมินยกล็อต","106","เอกสารที่ต้องเตรียมเมื่อขายอุปกรณ์ไอทีของบริษัท ครอบคลุมหนังสืออนุมัติ การลบข้อมูล และขั้นตอนประเมินยกล็อต","ขายอุปกรณ์ไอทีของบริษัทต้องเตรียมเอกสารอะไร","1","index, follow","https://xn--42cmb2cn7ce1fa0bs7aw2n0a2f.com/บทความ/ขายอุปกรณ์ไอทีของบริษัทต้องเตรียมเอกสารอะไร","self-referencing","328","4","24","0","0","1","2","Organization|WebSite|WebPage|Article|BreadcrumbList","yes","CONTENT","/บทความ","Assisted conversion / trust","CONTENT:Article","","Informational","Awareness / consideration","low","low","retain; validate with GSC"
"/บทความ/ข้อควรรู้ก่อนขายกล้องและเลนส์มือสอง","src/content/articles/ข้อควรรู้ก่อนขายกล้องและเลนส์มือสอง.md","Article","indexable","200","ข้อควรรู้ก่อนขายกล้องและเลนส์มือสอง | WINNER IT","47","ข้อควรรู้ก่อนขายกล้องและเลนส์มือสอง | WINNER IT","ข้อควรรู้ก่อนขายกล้องและเลนส์มือสอง ครอบคลุมการเช็กสภาพ จำนวนชัตเตอร์ ลบข้อมูล และวิธีส่งประเมิน","96","ข้อควรรู้ก่อนขายกล้องและเลนส์มือสอง ครอบคลุมการเช็กสภาพ จำนวนชัตเตอร์ ลบข้อมูล และวิธีส่งประเมิน","ข้อควรรู้ก่อนขายกล้องและเลนส์มือสอง","1","index, follow","https://xn--42cmb2cn7ce1fa0bs7aw2n0a2f.com/บทความ/ข้อควรรู้ก่อนขายกล้องและเลนส์มือสอง","self-referencing","316","4","24","0","0","0","2","Organization|WebSite|WebPage|Article|BreadcrumbList","yes","CONTENT","/บทความ","Assisted conversion / trust","CONTENT:Article","","Informational","Awareness / consideration","low","low","retain; validate with GSC"
"/บทความ/ปัจจัยที่ทำให้ราคาการ์ดจอมือสองแตกต่างกัน","src/content/articles/ปัจจัยที่ทำให้ราคาการ์ดจอมือสองแตกต่างกัน.md","Article","indexable","200","ปัจจัยที่ทำให้ราคาการ์ดจอมือสองแตกต่างกัน | WINNER IT","53","ปัจจัยที่ทำให้ราคาการ์ดจอมือสองแตกต่างกัน | WINNER IT","ปัจจัยที่มีผลต่อราคาการ์ดจอมือสอง ครอบคลุมรุ่น สภาพ การใช้งาน майнинг กล่อง และวิธีส่งประเมิน","93","ปัจจัยที่มีผลต่อราคาการ์ดจอมือสอง ครอบคลุมรุ่น สภาพ การใช้งาน майнинг กล่อง และวิธีส่งประเมิน","ปัจจัยที่ทำให้ราคาการ์ดจอมือสองแตกต่างกัน","1","index, follow","https://xn--42cmb2cn7ce1fa0bs7aw2n0a2f.com/บทความ/ปัจจัยที่ทำให้ราคาการ์ดจอมือสองแตกต่างกัน","self-referencing","265","2","24","0","0","0","1","Organization|WebSite|WebPage|Article|BreadcrumbList","yes","CONTENT","/บทความ","Assisted conversion / trust","CONTENT:Article","","Informational","Awareness / consideration","review","low","retain; validate with GSC"
"/บทความ/วิธีถ่ายรูปสินค้าไอทีเพื่อให้ประเมินราคาได้เร็ว","src/content/articles/วิธีถ่ายรูปสินค้าไอทีเพื่อให้ประเมินราคาได้เร็ว.md","Article","indexable","200","วิธีถ่ายรูปสินค้าไอทีเพื่อให้ประเมินราคาได้เร็ว | WINNER IT","59","วิธีถ่ายรูปสินค้าไอทีเพื่อให้ประเมินราคาได้เร็ว | WINNER IT","เทคนิคถ่ายรูปสินค้าไอทีก่อนส่งประเมิน ครอบคลุมมุมที่ต้องถ่าย แสง ความชัด และข้อผิดพลาดที่ควรหลีกเลี่ยง","102","เทคนิคถ่ายรูปสินค้าไอทีก่อนส่งประเมิน ครอบคลุมมุมที่ต้องถ่าย แสง ความชัด และข้อผิดพลาดที่ควรหลีกเลี่ยง","วิธีถ่ายรูปสินค้าไอทีเพื่อให้ประเมินราคาได้เร็ว","1","index, follow","https://xn--42cmb2cn7ce1fa0bs7aw2n0a2f.com/บทความ/วิธีถ่ายรูปสินค้าไอทีเพื่อให้ประเมินราคาได้เร็ว","self-referencing","376","10","24","0","0","8","4","Organization|WebSite|WebPage|Article|BreadcrumbList","yes","CONTENT","/บทความ","Assisted conversion / trust","CONTENT:Article","","Informational","Awareness / consideration","low","low","retain; validate with GSC"
"/บทความ/วิธีลบข้อมูลก่อนขายคอมพิวเตอร์","src/content/articles/วิธีลบข้อมูลก่อนขายคอมพิวเตอร์.md","Article","indexable","200","วิธีลบข้อมูลก่อนขายคอมพิวเตอร์ | WINNER IT","42","วิธีลบข้อมูลก่อนขายคอมพิวเตอร์ | WINNER IT","คู่มือลบข้อมูลส่วนตัวก่อนขายคอมพิวเตอร์ Windows และ Mac ครอบคลุมการสำรองข้อมูล รีเซ็ตเครื่อง และจัดการ SSD","106","คู่มือลบข้อมูลส่วนตัวก่อนขายคอมพิวเตอร์ Windows และ Mac ครอบคลุมการสำรองข้อมูล รีเซ็ตเครื่อง และจัดการ SSD","วิธีลบข้อมูลก่อนขายคอมพิวเตอร์","1","index, follow","https://xn--42cmb2cn7ce1fa0bs7aw2n0a2f.com/บทความ/วิธีลบข้อมูลก่อนขายคอมพิวเตอร์","self-referencing","414","28","24","0","0","4","26","Organization|WebSite|WebPage|Article|BreadcrumbList","yes","CONTENT","/บทความ","Assisted conversion / trust","CONTENT:Article","","Informational","Awareness / consideration","low","low","retain; validate with GSC"
"/บทความ/วิธีออกจาก-icloud-ก่อนขาย-iphone-หรือ-ipad","src/content/articles/วิธีออกจาก-icloud-ก่อนขาย-iphone-หรือ-ipad.md","Article","indexable","200","วิธีออกจาก iCloud ก่อนขาย iPhone หรือ iPad | WINNER IT","54","วิธีออกจาก iCloud ก่อนขาย iPhone หรือ iPad | WINNER IT","คู่มือออกจาก iCloud และปิด Find My ก่อนขาย iPhone หรือ iPad ขั้นตอนครบถ้วนเพื่อความปลอดภัยและขายได้ราบรื่น","106","คู่มือออกจาก iCloud และปิด Find My ก่อนขาย iPhone หรือ iPad ขั้นตอนครบถ้วนเพื่อความปลอดภัยและขายได้ราบรื่น","วิธีออกจาก iCloud ก่อนขาย iPhone หรือ iPad","1","index, follow","https://xn--42cmb2cn7ce1fa0bs7aw2n0a2f.com/บทความ/วิธีออกจาก-icloud-ก่อนขาย-iphone-หรือ-ipad","self-referencing","406","6","24","0","0","2","3","Organization|WebSite|WebPage|Article|BreadcrumbList","yes","CONTENT","/บทความ","Assisted conversion / trust","CONTENT:Article","","Informational","Awareness / consideration","low","low","retain; validate with GSC"
"/บทความ/วิธีออกจากบัญชี-google-ก่อนขายโทรศัพท์-android","src/content/articles/วิธีออกจากบัญชี-google-ก่อนขายโทรศัพท์-android.md","Article","indexable","200","วิธีออกจากบัญชี Google ก่อนขายโทรศัพท์ Android | WINNER IT","58","วิธีออกจากบัญชี Google ก่อนขายโทรศัพท์ Android | WINNER IT","คู่มือออกจากบัญชี Google และรีเซ็ตโทรศัพท์ Android ก่อนขาย ครอบคลุม Samsung OPPO vivo และแบรนด์อื่น","99","คู่มือออกจากบัญชี Google และรีเซ็ตโทรศัพท์ Android ก่อนขาย ครอบคลุม Samsung OPPO vivo และแบรนด์อื่น","วิธีออกจากบัญชี Google ก่อนขายโทรศัพท์ Android","1","index, follow","https://xn--42cmb2cn7ce1fa0bs7aw2n0a2f.com/บทความ/วิธีออกจากบัญชี-google-ก่อนขายโทรศัพท์-android","self-referencing","326","3","24","0","0","1","2","Organization|WebSite|WebPage|Article|BreadcrumbList","yes","CONTENT","/บทความ","Assisted conversion / trust","CONTENT:Article","","Informational","Awareness / consideration","low","low","retain; validate with GSC"
"/บทความ/วิธีเช็กสเปกโน๊ตบุ๊คก่อนส่งประเมิน","src/content/articles/วิธีเช็กสเปกโน๊ตบุ๊คก่อนส่งประเมิน.md","Article","indexable","200","วิธีเช็กสเปกโน๊ตบุ๊คก่อนส่งประเมิน | WINNER IT","46","วิธีเช็กสเปกโน๊ตบุ๊คก่อนส่งประเมิน | WINNER IT","วิธีเช็กสเปกโน๊ตบุ๊ค Windows และ Mac ก่อนส่งประเมินราคา ครอบคลุม CPU RAM SSD การ์ดจอ และข้อมูลที่ควรแจ้งร้านรับซื้อ","115","วิธีเช็กสเปกโน๊ตบุ๊ค Windows และ Mac ก่อนส่งประเมินราคา ครอบคลุม CPU RAM SSD การ์ดจอ และข้อมูลที่ควรแจ้งร้านรับซื้อ","วิธีเช็กสเปกโน๊ตบุ๊คก่อนส่งประเมิน","1","index, follow","https://xn--42cmb2cn7ce1fa0bs7aw2n0a2f.com/บทความ/วิธีเช็กสเปกโน๊ตบุ๊คก่อนส่งประเมิน","self-referencing","403","3","26","0","0","1","2","Organization|WebSite|WebPage|Article|BreadcrumbList","yes","CONTENT","/บทความ","Assisted conversion / trust","CONTENT:Article","","Informational","Awareness / consideration","low","low","retain; validate with GSC"
"/บทความ/สินค้าไอทีเปิดไม่ติดยังประเมินราคาได้อย่างไร","src/content/articles/สินค้าไอทีเปิดไม่ติดยังประเมินราคาได้อย่างไร.md","Article","indexable","200","สินค้าไอทีเปิดไม่ติดยังประเมินราคาได้อย่างไร | WINNER IT","56","สินค้าไอทีเปิดไม่ติดยังประเมินราคาได้อย่างไร | WINNER IT","วิธีประเมินราคาสินค้าไอทีที่เปิดไม่ติด ครอบคลุมข้อมูลที่ต้องแจ้ง รูปที่ต้องถ่าย และข้อจำกัดราคาเบื้องต้น","104","วิธีประเมินราคาสินค้าไอทีที่เปิดไม่ติด ครอบคลุมข้อมูลที่ต้องแจ้ง รูปที่ต้องถ่าย และข้อจำกัดราคาเบื้องต้น","สินค้าไอทีเปิดไม่ติดยังประเมินราคาได้อย่างไร","1","index, follow","https://xn--42cmb2cn7ce1fa0bs7aw2n0a2f.com/บทความ/สินค้าไอทีเปิดไม่ติดยังประเมินราคาได้อย่างไร","self-referencing","316","3","24","0","0","1","2","Organization|WebSite|WebPage|Article|BreadcrumbList","yes","CONTENT","/บทความ","Assisted conversion / trust","CONTENT:Article","","Informational","Awareness / consideration","low","low","retain; validate with GSC"
"/บทความ/ส่งโน๊ตบุ๊คหรือโทรศัพท์อย่างไรให้ปลอดภัย","src/content/articles/ส่งโน๊ตบุ๊คหรือโทรศัพท์อย่างไรให้ปลอดภัย.md","Article","indexable","200","ส่งโน๊ตบุ๊คหรือโทรศัพท์อย่างไรให้ปลอดภัย | WINNER IT","52","ส่งโน๊ตบุ๊คหรือโทรศัพท์อย่างไรให้ปลอดภัย | WINNER IT","คู่มือแพ็กและส่งโน๊ตบุ๊ค โทรศัพท์ ให้ปลอดภัย ครอบคลุมการแพ็กกล่อง กันกระแทก ประกัน และขั้นตอนส่งประเมิน","103","คู่มือแพ็กและส่งโน๊ตบุ๊ค โทรศัพท์ ให้ปลอดภัย ครอบคลุมการแพ็กกล่อง กันกระแทก ประกัน และขั้นตอนส่งประเมิน","ส่งโน๊ตบุ๊คหรือโทรศัพท์อย่างไรให้ปลอดภัย","1","index, follow","https://xn--42cmb2cn7ce1fa0bs7aw2n0a2f.com/บทความ/ส่งโน๊ตบุ๊คหรือโทรศัพท์อย่างไรให้ปลอดภัย","self-referencing","345","7","24","0","0","4","5","Organization|WebSite|WebPage|Article|BreadcrumbList","yes","CONTENT","/บทความ","Assisted conversion / trust","CONTENT:Article","","Informational","Awareness / consideration","low","low","retain; validate with GSC"
"/บทความ/เช็กราคาสินค้าไอทีก่อนขายต้องดูอะไรบ้าง","src/content/articles/เช็กราคาสินค้าไอทีก่อนขายต้องดูอะไรบ้าง.md","Article","indexable","200","เช็กราคาสินค้าไอทีก่อนขายต้องดูอะไรบ้าง | WINNER IT","51","เช็กราคาสินค้าไอทีก่อนขายต้องดูอะไรบ้าง | WINNER IT","คู่มือเช็กราคาสินค้าไอทีก่อนขาย ครอบคลุมปัจจัยที่มีผลต่อราคา วิธีเปรียบเทียบ และข้อควรระวังก่อนตัดสินใจขาย","106","คู่มือเช็กราคาสินค้าไอทีก่อนขาย ครอบคลุมปัจจัยที่มีผลต่อราคา วิธีเปรียบเทียบ และข้อควรระวังก่อนตัดสินใจขาย","เช็กราคาสินค้าไอทีก่อนขายต้องดูอะไรบ้าง","1","index, follow","https://xn--42cmb2cn7ce1fa0bs7aw2n0a2f.com/บทความ/เช็กราคาสินค้าไอทีก่อนขายต้องดูอะไรบ้าง","self-referencing","639","9","24","0","0","7","1","Organization|WebSite|WebPage|Article|BreadcrumbList","yes","CONTENT","/บทความ","Assisted conversion / trust","CONTENT:Article","","Informational","Awareness / consideration","low","low","retain; validate with GSC"
"/บทความ/เตรียมโน๊ตบุ๊คก่อนขายอย่างไร","src/content/articles/เตรียมโน๊ตบุ๊คก่อนขายอย่างไร.md","Article","indexable","200","เตรียมโน๊ตบุ๊คก่อนขายอย่างไร | WINNER IT","40","เตรียมโน๊ตบุ๊คก่อนขายอย่างไร | WINNER IT","คู่มือเตรียมโน๊ตบุ๊คก่อนขาย ครอบคลุมการสำรองข้อมูล ลบบัญชี ถ่ายรูป รวบรวมอุปกรณ์ และสิ่งที่ควรแจ้งร้านรับซื้อ","109","คู่มือเตรียมโน๊ตบุ๊คก่อนขาย ครอบคลุมการสำรองข้อมูล ลบบัญชี ถ่ายรูป รวบรวมอุปกรณ์ และสิ่งที่ควรแจ้งร้านรับซื้อ","เตรียมโน๊ตบุ๊คก่อนขายอย่างไร","1","index, follow","https://xn--42cmb2cn7ce1fa0bs7aw2n0a2f.com/บทความ/เตรียมโน๊ตบุ๊คก่อนขายอย่างไร","self-referencing","483","10","25","0","0","6","5","Organization|WebSite|WebPage|Article|BreadcrumbList","yes","CONTENT","/บทความ","Assisted conversion / trust","CONTENT:Article","","Informational","Awareness / consideration","low","low","retain; validate with GSC"
"/บทความ","src/pages/บทความ.astro","Article hub","indexable","200","บทความแนะนำก่อนขายสินค้าไอที | WINNER IT","40","บทความแนะนำก่อนขายสินค้าไอที | WINNER IT","รวมบทความวิธีเตรียมขายโน๊ตบุ๊ค โทรศัพท์ คอม และอุปกรณ์ไอทีในโคราช อ่านก่อนส่งประเมินผ่าน LINE @buyhub","101","รวมบทความวิธีเตรียมขายโน๊ตบุ๊ค โทรศัพท์ คอม และอุปกรณ์ไอทีในโคราช อ่านก่อนส่งประเมินผ่าน LINE @buyhub","บทความแนะนำก่อนขายสินค้าไอที","1","index, follow","https://xn--42cmb2cn7ce1fa0bs7aw2n0a2f.com/บทความ","self-referencing","525","88","36","88","0","0","0","Organization|WebSite|WebPage|BreadcrumbList","yes","CONTENT","/","Primary LINE/phone conversion","CONTENT:Article hub","","Transactional","Decision","low","low","retain; validate with GSC"
"/บริการรับซื้อถึงที่โคราช","src/content/services/บริการรับซื้อถึงที่โคราช.md","Seller intent","indexable","200","บริการรับซื้อถึงที่ โคราช นัดรับสินค้าไอที | WINNER IT","54","บริการรับซื้อถึงที่ โคราช นัดรับสินค้าไอที | WINNER IT","WINNER IT บริการรับซื้อถึงที่ในโคราช นัดหมายล่วงหน้า ตรวจสินค้าหน้างาน ผ่าน LINE @buyhub","88","WINNER IT บริการรับซื้อถึงที่ในโคราช นัดหมายล่วงหน้า ตรวจสินค้าหน้างาน ผ่าน LINE @buyhub","บริการรับซื้อถึงที่ โคราช","1","index, follow","https://xn--42cmb2cn7ce1fa0bs7aw2n0a2f.com/บริการรับซื้อถึงที่โคราช","self-referencing","1860","88","21","0","0","30","30","Organization|WebSite|WebPage|Service|BreadcrumbList|FAQPage","yes","SELLER-JOURNEY","/รับซื้อสินค้าไอที","Primary LINE/phone conversion","SELLER-JOURNEY:Seller intent","","Transactional","Decision","low","low","retain; validate with GSC"
"/บริษัทปิดกิจการขายอุปกรณ์ไอที","src/content/services/บริษัทปิดกิจการขายอุปกรณ์ไอที.md","B2B/bulk","indexable","200","บริษัทปิดกิจการขายอุปกรณ์ไอที โคราช | WINNER IT","47","บริษัทปิดกิจการขายอุปกรณ์ไอที โคราช | WINNER IT","WINNER IT รับซื้ออุปกรณ์ IT เมื่อบริษัทปิดกิจการในโคราช asset list เอกสาร นัดรับ ผ่าน LINE @buyhub","98","WINNER IT รับซื้ออุปกรณ์ IT เมื่อบริษัทปิดกิจการในโคราช asset list เอกสาร นัดรับ ผ่าน LINE @buyhub","บริษัทปิดกิจการขายอุปกรณ์ไอที","1","index, follow","https://xn--42cmb2cn7ce1fa0bs7aw2n0a2f.com/บริษัทปิดกิจการขายอุปกรณ์ไอที","self-referencing","1811","1","21","0","0","0","0","Organization|WebSite|WebPage|Service|BreadcrumbList|FAQPage","yes","B2B","/รับซื้อสินค้าไอทียกล็อต","Primary LINE/phone conversion","B2B:B2B/bulk","","Transactional","Decision","low","low","retain; validate with GSC"
"/พื้นที่/ด่านขุนทด","src/content/areas/ด่านขุนทด.md","Location","indexable","200","รับซื้อไอทีด่านขุนทด อำเภอด่านขุนทด | WINNER IT","47","รับซื้อไอทีด่านขุนทด อำเภอด่านขุนทด | WINNER IT","รับซื้อโน๊ตบุ๊ค iPhone คอมพิวเตอร์ในอำเภอด่านขุนทด พื้นที่ที่อยู่อาศัยผสมผสานทางตะวันตกของโคราช เริ่มผ่าน LINE @buyhub","118","รับซื้อโน๊ตบุ๊ค iPhone คอมพิวเตอร์ในอำเภอด่านขุนทด พื้นที่ที่อยู่อาศัยผสมผสานทางตะวันตกของโคราช เริ่มผ่าน LINE @buyhub","รับซื้อไอทีอำเภอด่านขุนทด","1","index, follow","https://xn--42cmb2cn7ce1fa0bs7aw2n0a2f.com/พื้นที่/ด่านขุนทด","self-referencing","371","1","23","0","0","0","0","Organization|WebSite|WebPage|Service|BreadcrumbList|FAQPage","yes","LOCATION","/พื้นที่/เมืองนครราชสีมา","Primary LINE/phone conversion","LOCATION:Location","Location uniqueness and GSC query review","Local transactional","Decision","low","manual review","retain; validate with GSC"
"/พื้นที่/บัวใหญ่","src/content/areas/บัวใหญ่.md","Location","indexable","200","รับซื้อไอทีบัวใหญ่ อำเภอบัวใหญ่ | WINNER IT","43","รับซื้อไอทีบัวใหญ่ อำเภอบัวใหญ่ | WINNER IT","รับซื้อโน๊ตบุ๊ค คอมพิวเตอร์ อุปกรณ์สำนักงานในอำเภอบัวใหญ่ พื้นที่โลจิสติกส์ทางตอนเหนือของโคราช เริ่มผ่าน LINE @buyhub","117","รับซื้อโน๊ตบุ๊ค คอมพิวเตอร์ อุปกรณ์สำนักงานในอำเภอบัวใหญ่ พื้นที่โลจิสติกส์ทางตอนเหนือของโคราช เริ่มผ่าน LINE @buyhub","รับซื้อไอทีอำเภอบัวใหญ่","1","index, follow","https://xn--42cmb2cn7ce1fa0bs7aw2n0a2f.com/พื้นที่/บัวใหญ่","self-referencing","375","1","22","0","0","0","0","Organization|WebSite|WebPage|Service|BreadcrumbList|FAQPage","yes","LOCATION","/พื้นที่/เมืองนครราชสีมา","Primary LINE/phone conversion","LOCATION:Location","Location uniqueness and GSC query review","Local transactional","Decision","low","manual review","retain; validate with GSC"
"/พื้นที่/ปักธงชัย","src/content/areas/ปักธงชัย.md","Location","indexable","200","รับซื้อไอทีปักธงชัย อำเภอปักธงชัย | WINNER IT","45","รับซื้อไอทีปักธงชัย อำเภอปักธงชัย | WINNER IT","รับซื้อโน๊ตบุ๊ค คอมพิวเตอร์ อุปกรณ์ไอทีในอำเภอปักธงชัย พื้นที่ผ้าไหมและธุรกิจท่องเที่ยวเชิงวัฒนธรรม เริ่มผ่าน LINE @buyhub","122","รับซื้อโน๊ตบุ๊ค คอมพิวเตอร์ อุปกรณ์ไอทีในอำเภอปักธงชัย พื้นที่ผ้าไหมและธุรกิจท่องเที่ยวเชิงวัฒนธรรม เริ่มผ่าน LINE @buyhub","รับซื้อไอทีอำเภอปักธงชัย","1","index, follow","https://xn--42cmb2cn7ce1fa0bs7aw2n0a2f.com/พื้นที่/ปักธงชัย","self-referencing","459","1","23","0","0","0","0","Organization|WebSite|WebPage|Service|BreadcrumbList|FAQPage","yes","LOCATION","/พื้นที่/เมืองนครราชสีมา","Primary LINE/phone conversion","LOCATION:Location","Location uniqueness and GSC query review","Local transactional","Decision","low","manual review","retain; validate with GSC"
"/พื้นที่/ปากช่อง","src/content/areas/ปากช่อง.md","Location","indexable","200","รับซื้อไอทีปากช่อง อำเภอปากช่อง | WINNER IT","43","รับซื้อไอทีปากช่อง อำเภอปากช่อง | WINNER IT","รับซื้อโน๊ตบุ๊ค iPhone อุปกรณ์ไอทีในอำเภอปากช่อง บ้านพักตากอากาศ วิลล่า และพื้นที่ใกล้เขาใหญ่ เริ่มประเมินผ่าน LINE @buyhub","123","รับซื้อโน๊ตบุ๊ค iPhone อุปกรณ์ไอทีในอำเภอปากช่อง บ้านพักตากอากาศ วิลล่า และพื้นที่ใกล้เขาใหญ่ เริ่มประเมินผ่าน LINE @buyhub","รับซื้อไอทีอำเภอปากช่อง","1","index, follow","https://xn--42cmb2cn7ce1fa0bs7aw2n0a2f.com/พื้นที่/ปากช่อง","self-referencing","643","1","22","0","0","0","0","Organization|WebSite|WebPage|Service|BreadcrumbList|FAQPage","yes","LOCATION","/พื้นที่/เมืองนครราชสีมา","Primary LINE/phone conversion","LOCATION:Location","Location uniqueness and GSC query review","Local transactional","Decision","low","manual review","retain; validate with GSC"
"/พื้นที่/พิมาย","src/content/areas/พิมาย.md","Location","indexable","200","รับซื้อไอทีพิมาย อำเภอพิมาย | WINNER IT","39","รับซื้อไอทีพิมาย อำเภอพิมาย | WINNER IT","รับซื้อโน๊ตบุ๊ค iPhone กล้อง อุปกรณ์ไอทีในอำเภอพิมาย พื้นที่ท่องเที่ยวประวัติศาสตร์และร้านค้าท้องถิ่น เริ่มผ่าน LINE @buyhub","124","รับซื้อโน๊ตบุ๊ค iPhone กล้อง อุปกรณ์ไอทีในอำเภอพิมาย พื้นที่ท่องเที่ยวประวัติศาสตร์และร้านค้าท้องถิ่น เริ่มผ่าน LINE @buyhub","รับซื้อไอทีอำเภอพิมาย","1","index, follow","https://xn--42cmb2cn7ce1fa0bs7aw2n0a2f.com/พื้นที่/พิมาย","self-referencing","386","1","22","0","0","0","0","Organization|WebSite|WebPage|Service|BreadcrumbList|FAQPage","yes","LOCATION","/พื้นที่/เมืองนครราชสีมา","Primary LINE/phone conversion","LOCATION:Location","Location uniqueness and GSC query review","Local transactional","Decision","low","manual review","retain; validate with GSC"
"/พื้นที่/มหาวิทยาลัยเทคโนโลยีสุรนารี","src/content/areas/มหาวิทยาลัยเทคโนโลยีสุรนารี.md","Location","indexable","200","รับซื้อไอที มทส. มหาวิทยาลัยเทคโนโลยีสุรนารี | WINNER IT","56","รับซื้อไอที มทส. มหาวิทยาลัยเทคโนโลยีสุรนารี | WINNER IT","รับซื้อโน๊ตบุ๊ค iPhone แท็บเล็ตสำหรับนักศึกษาและบุคลากร มทส. เริ่มประเมินผ่าน LINE @buyhub นัดรับตามคิวหรือจัดส่ง","113","รับซื้อโน๊ตบุ๊ค iPhone แท็บเล็ตสำหรับนักศึกษาและบุคลากร มทส. เริ่มประเมินผ่าน LINE @buyhub นัดรับตามคิวหรือจัดส่ง","รับซื้อไอที มทส. มหาวิทยาลัยเทคโนโลยีสุรนารี","1","index, follow","https://xn--42cmb2cn7ce1fa0bs7aw2n0a2f.com/พื้นที่/มหาวิทยาลัยเทคโนโลยีสุรนารี","self-referencing","495","1","23","0","0","0","0","Organization|WebSite|WebPage|Service|BreadcrumbList|FAQPage","yes","LOCATION","/พื้นที่/เมืองนครราชสีมา","Primary LINE/phone conversion","LOCATION:Location","Location uniqueness and GSC query review","Local transactional","Decision","low","manual review","retain; validate with GSC"
"/พื้นที่/สีคิ้ว","src/content/areas/สีคิ้ว.md","Location","indexable","200","รับซื้อไอทีสีคิ้ว อำเภอสีคิ้ว | WINNER IT","41","รับซื้อไอทีสีคิ้ว อำเภอสีคิ้ว | WINNER IT","รับซื้อโน๊ตบุ๊ค คอมพิวเตอร์ อุปกรณ์สำนักงานในอำเภอสีคิ้ว พื้นที่โลจิสติกส์และคลังสินค้าระหว่างโคราช-กรุงเทพ เริ่มผ่าน LINE @buyhub","130","รับซื้อโน๊ตบุ๊ค คอมพิวเตอร์ อุปกรณ์สำนักงานในอำเภอสีคิ้ว พื้นที่โลจิสติกส์และคลังสินค้าระหว่างโคราช-กรุงเทพ เริ่มผ่าน LINE @buyhub","รับซื้อไอทีอำเภอสีคิ้ว","1","index, follow","https://xn--42cmb2cn7ce1fa0bs7aw2n0a2f.com/พื้นที่/สีคิ้ว","self-referencing","516","1","23","0","0","0","0","Organization|WebSite|WebPage|Service|BreadcrumbList|FAQPage","yes","LOCATION","/พื้นที่/เมืองนครราชสีมา","Primary LINE/phone conversion","LOCATION:Location","Location uniqueness and GSC query review","Local transactional","Decision","low","manual review","retain; validate with GSC"
"/พื้นที่/สูงเนิน","src/content/areas/สูงเนิน.md","Location","indexable","200","รับซื้อไอทีสูงเนิน อำเภอสูงเนิน | WINNER IT","43","รับซื้อไอทีสูงเนิน อำเภอสูงเนิน | WINNER IT","รับซื้อโน๊ตบุ๊ค iPhone คอมพิวเตอร์ในอำเภอสูงเนิน พื้นที่ที่อยู่อาศัยชานเมืองระหว่างโคราชและเส้นทางปากช่อง เริ่มผ่าน LINE @buyhub","128","รับซื้อโน๊ตบุ๊ค iPhone คอมพิวเตอร์ในอำเภอสูงเนิน พื้นที่ที่อยู่อาศัยชานเมืองระหว่างโคราชและเส้นทางปากช่อง เริ่มผ่าน LINE @buyhub","รับซื้อไอทีอำเภอสูงเนิน","1","index, follow","https://xn--42cmb2cn7ce1fa0bs7aw2n0a2f.com/พื้นที่/สูงเนิน","self-referencing","529","1","22","0","0","0","0","Organization|WebSite|WebPage|Service|BreadcrumbList|FAQPage","yes","LOCATION","/พื้นที่/เมืองนครราชสีมา","Primary LINE/phone conversion","LOCATION:Location","Location uniqueness and GSC query review","Local transactional","Decision","low","manual review","retain; validate with GSC"
"/พื้นที่/เมืองนครราชสีมา","src/content/areas/เมืองนครราชสีมา.md","Location","indexable","200","รับซื้อไอทีเมืองนครราชสีมา | WINNER IT","38","รับซื้อไอทีเมืองนครราชสีมา | WINNER IT","รับซื้อโน๊ตบุ๊ค iPhone คอมพิวเตอร์ในเขตเมืองนครราชสีมา สำหรับพนักงานออฟฟิศ นักศึกษา และร้านค้า เริ่มประเมินผ่าน LINE @buyhub นัดรับตามคิวและระยะทาง","147","รับซื้อโน๊ตบุ๊ค iPhone คอมพิวเตอร์ในเขตเมืองนครราชสีมา สำหรับพนักงานออฟฟิศ นักศึกษา และร้านค้า เริ่มประเมินผ่าน LINE @buyhub นัดรับตามคิวและระยะทาง","รับซื้อไอทีเขตเมืองนครราชสีมา","1","index, follow","https://xn--42cmb2cn7ce1fa0bs7aw2n0a2f.com/พื้นที่/เมืองนครราชสีมา","self-referencing","864","88","23","88","88","1","20","Organization|WebSite|WebPage|Service|BreadcrumbList|FAQPage","yes","LOCATION","/พื้นที่/เมืองนครราชสีมา","Primary LINE/phone conversion","LOCATION:Location","Location uniqueness and GSC query review","Local transactional","Decision","low","manual review","retain; validate with GSC"
"/พื้นที่/โชคชัย","src/content/areas/โชคชัย.md","Location","indexable","200","รับซื้อไอทีโชคชัย อำเภอโชคชัย | WINNER IT","41","รับซื้อไอทีโชคชัย อำเภอโชคชัย | WINNER IT","รับซื้อโน๊ตบุ๊ค คอมพิวเตอร์ อุปกรณ์สำนักงานในอำเภอโชคชัย พื้นที่เกษตรกรรมและสำนักงานฟาร์ม เริ่มผ่าน LINE @buyhub","112","รับซื้อโน๊ตบุ๊ค คอมพิวเตอร์ อุปกรณ์สำนักงานในอำเภอโชคชัย พื้นที่เกษตรกรรมและสำนักงานฟาร์ม เริ่มผ่าน LINE @buyhub","รับซื้อไอทีอำเภอโชคชัย","1","index, follow","https://xn--42cmb2cn7ce1fa0bs7aw2n0a2f.com/พื้นที่/โชคชัย","self-referencing","408","1","22","0","0","0","0","Organization|WebSite|WebPage|Service|BreadcrumbList|FAQPage","yes","LOCATION","/พื้นที่/เมืองนครราชสีมา","Primary LINE/phone conversion","LOCATION:Location","Location uniqueness and GSC query review","Local transactional","Decision","low","manual review","retain; validate with GSC"
"/พื้นที่/โนนสูง","src/content/areas/โนนสูง.md","Location","indexable","200","รับซื้อไอทีโนนสูง อำเภอโนนสูง | WINNER IT","41","รับซื้อไอทีโนนสูง อำเภอโนนสูง | WINNER IT","รับซื้อโน๊ตบุ๊ค iPhone คอมพิวเตอร์ในอำเภอโนนสูง พื้นที่ที่อยู่อาศัยชุมชนทางตะวันออกของโคราช เริ่มผ่าน LINE @buyhub","114","รับซื้อโน๊ตบุ๊ค iPhone คอมพิวเตอร์ในอำเภอโนนสูง พื้นที่ที่อยู่อาศัยชุมชนทางตะวันออกของโคราช เริ่มผ่าน LINE @buyhub","รับซื้อไอทีอำเภอโนนสูง","1","index, follow","https://xn--42cmb2cn7ce1fa0bs7aw2n0a2f.com/พื้นที่/โนนสูง","self-referencing","358","1","22","0","0","0","0","Organization|WebSite|WebPage|Service|BreadcrumbList|FAQPage","yes","LOCATION","/พื้นที่/เมืองนครราชสีมา","Primary LINE/phone conversion","LOCATION:Location","Location uniqueness and GSC query review","Local transactional","Decision","low","manual review","retain; validate with GSC"
"/รับซื้อ-apple-watch-โคราช","src/content/services/รับซื้อ-apple-watch-โคราช.md","Product category","indexable","200","รับซื้อ Apple Watch โคราช | ประเมินผ่าน LINE นัดรับตามสะดวก | WINNER IT","71","รับซื้อ Apple Watch โคราช | ประเมินผ่าน LINE นัดรับตามสะดวก | WINNER IT","รับซื้อ Apple Watch มือสองในโคราช ตรวจสภาพจอ แบตเตอรี่ และ Activation Lock ก่อนสรุปราคา เริ่มผ่าน LINE @buyhub","110","รับซื้อ Apple Watch มือสองในโคราช ตรวจสภาพจอ แบตเตอรี่ และ Activation Lock ก่อนสรุปราคา เริ่มผ่าน LINE @buyhub","รับซื้อ Apple Watch โคราช ประเมินผ่าน LINE นัดรับตามสะดวก","1","index, follow","https://xn--42cmb2cn7ce1fa0bs7aw2n0a2f.com/รับซื้อ-apple-watch-โคราช","self-referencing","1988","1","25","0","0","0","0","Organization|WebSite|WebPage|Service|BreadcrumbList|FAQPage","yes","MOBILE-APPLE","/รับซื้อโทรศัพท์มือถือ-โคราช","Primary LINE/phone conversion","MOBILE-APPLE:Product category","","Transactional","Decision","low","low","retain; validate with GSC"
"/รับซื้อ-cpu-โคราช","src/content/services/รับซื้อ-cpu-โคราช.md","Product category","indexable","200","รับซื้อ CPU โคราช ประเมินซีพียู Intel และ AMD มือสอง | WINNER IT","64","รับซื้อ CPU โคราช ประเมินซีพียู Intel และ AMD มือสอง | WINNER IT","รับซื้อ CPU มือสองในโคราช ตรวจสภาพขา pins ประวัติใช้งานและกล่อง ประเมินเบื้องต้นผ่าน LINE @buyhub โดย WINNER IT","111","รับซื้อ CPU มือสองในโคราช ตรวจสภาพขา pins ประวัติใช้งานและกล่อง ประเมินเบื้องต้นผ่าน LINE @buyhub โดย WINNER IT","รับซื้อ CPU โคราช","1","index, follow","https://xn--42cmb2cn7ce1fa0bs7aw2n0a2f.com/รับซื้อ-cpu-โคราช","self-referencing","1807","1","21","0","0","0","0","Organization|WebSite|WebPage|Service|BreadcrumbList|FAQPage","yes","COMPUTER","/รับซื้อคอมพิวเตอร์-โคราช","Primary LINE/phone conversion","COMPUTER:Product category","","Transactional","Decision","low","low","retain; validate with GSC"
"/รับซื้อ-imac-mac-mini-โคราช","src/content/services/รับซื้อ-imac-mac-mini-โคราช.md","Product category","indexable","200","รับซื้อ iMac และ Mac mini โคราช | ประเมินผ่าน LINE | WINNER IT","62","รับซื้อ iMac และ Mac mini โคราช | ประเมินผ่าน LINE | WINNER IT","รับซื้อ iMac และ Mac mini มือสองในโคราช ตรวจสเปก สภาพจอ และ Apple ID ก่อนสรุปราคา เริ่มผ่าน LINE @buyhub นัดรับตามสะดวก","119","รับซื้อ iMac และ Mac mini มือสองในโคราช ตรวจสเปก สภาพจอ และ Apple ID ก่อนสรุปราคา เริ่มผ่าน LINE @buyhub นัดรับตามสะดวก","รับซื้อ iMac และ Mac mini โคราช ประเมินผ่าน LINE","1","index, follow","https://xn--42cmb2cn7ce1fa0bs7aw2n0a2f.com/รับซื้อ-imac-mac-mini-โคราช","self-referencing","2034","2","26","0","0","1","2","Organization|WebSite|WebPage|Service|BreadcrumbList|FAQPage","yes","MOBILE-APPLE","/รับซื้อโทรศัพท์มือถือ-โคราช","Primary LINE/phone conversion","MOBILE-APPLE:Product category","","Transactional","Decision","low","low","retain; validate with GSC"
"/รับซื้อ-ipad-โคราช","src/content/services/รับซื้อ-ipad-โคราช.md","Product category","indexable","200","รับซื้อ iPad โคราช | ประเมินผ่าน LINE นัดรับตามสะดวก | WINNER IT","64","รับซื้อ iPad โคราช | ประเมินผ่าน LINE นัดรับตามสะดวก | WINNER IT","รับซื้อ iPad มือสองในโคราช ทุกรุ่นที่ใช้งานได้ ตรวจ iCloud สภาพจอ และอุปกรณ์ก่อนสรุปราคา เริ่มผ่าน LINE @buyhub","111","รับซื้อ iPad มือสองในโคราช ทุกรุ่นที่ใช้งานได้ ตรวจ iCloud สภาพจอ และอุปกรณ์ก่อนสรุปราคา เริ่มผ่าน LINE @buyhub","รับซื้อ iPad โคราช ประเมินผ่าน LINE นัดรับตามสะดวก","1","index, follow","https://xn--42cmb2cn7ce1fa0bs7aw2n0a2f.com/รับซื้อ-ipad-โคราช","self-referencing","2188","4","25","0","0","4","3","Organization|WebSite|WebPage|Service|BreadcrumbList|FAQPage","yes","MOBILE-APPLE","/รับซื้อโทรศัพท์มือถือ-โคราช","Primary LINE/phone conversion","MOBILE-APPLE:Product category","","Transactional","Decision","low","low","retain; validate with GSC"
"/รับซื้อ-iphone-โคราช","src/content/services/รับซื้อ-iphone-โคราช.md","Product category","indexable","200","รับซื้อ iPhone โคราช | ประเมินผ่าน LINE นัดรับตามสะดวก | WINNER IT","66","รับซื้อ iPhone โคราช | ประเมินผ่าน LINE นัดรับตามสะดวก | WINNER IT","รับซื้อ iPhone มือสองในโคราช ประเมินราคาเบื้องต้นผ่าน LINE @buyhub ตรวจสภาพจริงก่อนทำรายการ นัดรับตามคิวในนครราชสีมา","116","รับซื้อ iPhone มือสองในโคราช ประเมินราคาเบื้องต้นผ่าน LINE @buyhub ตรวจสภาพจริงก่อนทำรายการ นัดรับตามคิวในนครราชสีมา","รับซื้อ iPhone โคราช ประเมินผ่าน LINE นัดรับตามสะดวก","1","index, follow","https://xn--42cmb2cn7ce1fa0bs7aw2n0a2f.com/รับซื้อ-iphone-โคราช","self-referencing","2242","88","27","0","0","14","8","Organization|WebSite|WebPage|Service|BreadcrumbList|FAQPage","yes","MOBILE-APPLE","/รับซื้อโทรศัพท์มือถือ-โคราช","Primary LINE/phone conversion","MOBILE-APPLE:Product category","","Transactional","Decision","low","low","retain; validate with GSC"
"/รับซื้อ-macbook-โคราช","src/content/services/รับซื้อ-macbook-โคราช.md","Product category","indexable","200","รับซื้อ MacBook โคราช | ประเมินผ่าน LINE นัดรับตามสะดวก | WINNER IT","67","รับซื้อ MacBook โคราช | ประเมินผ่าน LINE นัดรับตามสะดวก | WINNER IT","รับซื้อ MacBook มือสองในโคราช ทุกรุ่น Air และ Pro ตรวจสเปก แบตเตอรี่ และ iCloud ก่อนสรุปราคา เริ่มผ่าน LINE @buyhub","115","รับซื้อ MacBook มือสองในโคราช ทุกรุ่น Air และ Pro ตรวจสเปก แบตเตอรี่ และ iCloud ก่อนสรุปราคา เริ่มผ่าน LINE @buyhub","รับซื้อ MacBook โคราช ประเมินผ่าน LINE นัดรับตามสะดวก","1","index, follow","https://xn--42cmb2cn7ce1fa0bs7aw2n0a2f.com/รับซื้อ-macbook-โคราช","self-referencing","2157","4","26","0","0","2","4","Organization|WebSite|WebPage|Service|BreadcrumbList|FAQPage","yes","MOBILE-APPLE","/รับซื้อโทรศัพท์มือถือ-โคราช","Primary LINE/phone conversion","MOBILE-APPLE:Product category","","Transactional","Decision","low","low","retain; validate with GSC"
"/รับซื้อ-nintendo-switch-โคราช","src/content/services/รับซื้อ-nintendo-switch-โคราช.md","Product category","indexable","200","รับซื้อ Nintendo Switch โคราช ประเมินเครื่องเกมมือสอง | WINNER IT","65","รับซื้อ Nintendo Switch โคราช ประเมินเครื่องเกมมือสอง | WINNER IT","รับซื้อ Nintendo Switch OLED มือสองในโคราช ตรวจจอ Joy-Con drift ประเมินผ่าน LINE @buyhub","88","รับซื้อ Nintendo Switch OLED มือสองในโคราช ตรวจจอ Joy-Con drift ประเมินผ่าน LINE @buyhub","รับซื้อ Nintendo Switch โคราช","1","index, follow","https://xn--42cmb2cn7ce1fa0bs7aw2n0a2f.com/รับซื้อ-nintendo-switch-โคราช","self-referencing","1813","1","21","0","0","0","0","Organization|WebSite|WebPage|Service|BreadcrumbList|FAQPage","yes","GAMING","/รับซื้อเครื่องเกม-โคราช","Primary LINE/phone conversion","GAMING:Product category","","Transactional","Decision","low","low","retain; validate with GSC"
"/รับซื้อ-playstation-โคราช","src/content/services/รับซื้อ-playstation-โคราช.md","Product category","indexable","200","รับซื้อ PlayStation โคราช PS5 PS4 มือสอง | WINNER IT","52","รับซื้อ PlayStation โคราช PS5 PS4 มือสอง | WINNER IT","WINNER IT รับซื้อ PlayStation ในโคราช ตรวจเครื่อง จอย แผ่นเกม ประเมินผ่าน LINE @buyhub","86","WINNER IT รับซื้อ PlayStation ในโคราช ตรวจเครื่อง จอย แผ่นเกม ประเมินผ่าน LINE @buyhub","รับซื้อ PlayStation โคราช","1","index, follow","https://xn--42cmb2cn7ce1fa0bs7aw2n0a2f.com/รับซื้อ-playstation-โคราช","self-referencing","1853","1","21","0","0","0","0","Organization|WebSite|WebPage|Service|BreadcrumbList|FAQPage","yes","GAMING","/รับซื้อเครื่องเกม-โคราช","Primary LINE/phone conversion","GAMING:Product category","","Transactional","Decision","low","low","retain; validate with GSC"
"/รับซื้อ-server-network-โคราช","src/content/services/รับซื้อ-server-network-โคราช.md","Product category","indexable","200","รับซื้อ Server Network โคราช อุปกรณ์เครือข่ายมือสอง | WINNER IT","63","รับซื้อ Server Network โคราช อุปกรณ์เครือข่ายมือสอง | WINNER IT","WINNER IT รับซื้อ server switch router firewall ในโคราช ประเมินยกชุดหรือรายชิ้น ผ่าน LINE @buyhub","97","WINNER IT รับซื้อ server switch router firewall ในโคราช ประเมินยกชุดหรือรายชิ้น ผ่าน LINE @buyhub","รับซื้อ Server Network โคราช","1","index, follow","https://xn--42cmb2cn7ce1fa0bs7aw2n0a2f.com/รับซื้อ-server-network-โคราช","self-referencing","1814","1","21","0","0","0","0","Organization|WebSite|WebPage|Service|BreadcrumbList|FAQPage","yes","COMPUTER","/รับซื้อคอมพิวเตอร์-โคราช","Primary LINE/phone conversion","COMPUTER:Product category","","Transactional","Decision","low","low","retain; validate with GSC"
"/รับซื้อ-ssd-hdd-โคราช","src/content/services/รับซื้อ-ssd-hdd-โคราช.md","Product category","indexable","200","รับซื้อ SSD HDD โคราช ฮาร์ดดิสก์และ SSD มือสอง | WINNER IT","58","รับซื้อ SSD HDD โคราช ฮาร์ดดิสก์และ SSD มือสอง | WINNER IT","รับซื้อ SSD NVMe SATA และ HDD ในโคราช ตรวจสุขภาพดิสก์ SMART ความจุ ประเมินผ่าน LINE @buyhub","91","รับซื้อ SSD NVMe SATA และ HDD ในโคราช ตรวจสุขภาพดิสก์ SMART ความจุ ประเมินผ่าน LINE @buyhub","รับซื้อ SSD HDD โคราช","1","index, follow","https://xn--42cmb2cn7ce1fa0bs7aw2n0a2f.com/รับซื้อ-ssd-hdd-โคราช","self-referencing","1840","1","21","0","0","0","0","Organization|WebSite|WebPage|Service|BreadcrumbList|FAQPage","yes","COMPUTER","/รับซื้อคอมพิวเตอร์-โคราช","Primary LINE/phone conversion","COMPUTER:Product category","","Transactional","Decision","low","low","retain; validate with GSC"
"/รับซื้อกล้อง-โคราช","src/content/services/รับซื้อกล้อง-โคราช.md","Product category","indexable","200","รับซื้อกล้อง โคราช กล้อง DSLR Mirrorless มือสอง | WINNER IT","59","รับซื้อกล้อง โคราช กล้อง DSLR Mirrorless มือสอง | WINNER IT","WINNER IT รับซื้อกล้องในโคราช ตรวจ shutter count เซนเซอร์ mount ปุ่ม จอ viewfinder แบตเตอรี่ ประเมินผ่าน LINE @buyhub","117","WINNER IT รับซื้อกล้องในโคราช ตรวจ shutter count เซนเซอร์ mount ปุ่ม จอ viewfinder แบตเตอรี่ ประเมินผ่าน LINE @buyhub","รับซื้อกล้อง โคราช","1","index, follow","https://xn--42cmb2cn7ce1fa0bs7aw2n0a2f.com/รับซื้อกล้อง-โคราช","self-referencing","1834","88","21","0","0","3","3","Organization|WebSite|WebPage|Service|BreadcrumbList|FAQPage","yes","CAMERA","/รับซื้อกล้อง-โคราช","Primary LINE/phone conversion","CAMERA:Product category","","Transactional","Decision","low","low","retain; validate with GSC"
"/รับซื้อการ์ดจอ-โคราช","src/content/services/รับซื้อการ์ดจอ-โคราช.md","Product category","indexable","200","รับซื้อการ์ดจอ โคราช ประเมิน GPU มือสองอย่างเป็นระบบ | WINNER IT","64","รับซื้อการ์ดจอ โคราช ประเมิน GPU มือสองอย่างเป็นระบบ | WINNER IT","WINNER IT รับซื้อการ์ดจอ NVIDIA และ AMD ในโคราช ตรวจ VRAM สภาพพัดลม ประวัติใช้งานและกล่อง ประเมินเบื้องต้นผ่าน LINE @buyhub","123","WINNER IT รับซื้อการ์ดจอ NVIDIA และ AMD ในโคราช ตรวจ VRAM สภาพพัดลม ประวัติใช้งานและกล่อง ประเมินเบื้องต้นผ่าน LINE @buyhub","รับซื้อการ์ดจอ โคราช","1","index, follow","https://xn--42cmb2cn7ce1fa0bs7aw2n0a2f.com/รับซื้อการ์ดจอ-โคราช","self-referencing","1830","88","21","0","0","1","9","Organization|WebSite|WebPage|Service|BreadcrumbList|FAQPage","yes","COMPUTER","/รับซื้อคอมพิวเตอร์-โคราช","Primary LINE/phone conversion","COMPUTER:Product category","","Transactional","Decision","low","low","retain; validate with GSC"
"/รับซื้อคอมตั้งโต๊ะ-โคราช","src/content/services/รับซื้อคอมตั้งโต๊ะ-โคราช.md","Product category","indexable","200","รับซื้อคอมตั้งโต๊ะ โคราช | Dell HP Lenovo ประเมินผ่าน LINE | WINNER IT","70","รับซื้อคอมตั้งโต๊ะ โคราช | Dell HP Lenovo ประเมินผ่าน LINE | WINNER IT","รับซื้อคอมตั้งโต๊ะมือสองในโคราช Dell HP Lenovo ตรวจสเปก สภาพเครื่อง และข้อมูลส่วนตัวก่อนสรุปราคา เริ่มผ่าน LINE @buyhub","119","รับซื้อคอมตั้งโต๊ะมือสองในโคราช Dell HP Lenovo ตรวจสเปก สภาพเครื่อง และข้อมูลส่วนตัวก่อนสรุปราคา เริ่มผ่าน LINE @buyhub","รับซื้อคอมตั้งโต๊ะ โคราช ประเมินผ่าน LINE","1","index, follow","https://xn--42cmb2cn7ce1fa0bs7aw2n0a2f.com/รับซื้อคอมตั้งโต๊ะ-โคราช","self-referencing","1888","7","26","0","0","7","2","Organization|WebSite|WebPage|Service|BreadcrumbList|FAQPage","yes","COMPUTER","/รับซื้อคอมพิวเตอร์-โคราช","Primary LINE/phone conversion","COMPUTER:Product category","","Transactional","Decision","low","low","retain; validate with GSC"
"/รับซื้อคอมบริษัท-โคราช","src/content/services/รับซื้อคอมบริษัท-โคราช.md","B2B/bulk","indexable","200","รับซื้อคอมบริษัท โคราช รับซื้อ IT Asset องค์กร | WINNER IT","58","รับซื้อคอมบริษัท โคราช รับซื้อ IT Asset องค์กร | WINNER IT","WINNER IT รับซื้อคอมบริษัทในโคราช รายการ serial ลบข้อมูล เอกสาร นัดรับและขนส่ง ผ่าน LINE @buyhub","96","WINNER IT รับซื้อคอมบริษัทในโคราช รายการ serial ลบข้อมูล เอกสาร นัดรับและขนส่ง ผ่าน LINE @buyhub","รับซื้อคอมบริษัท โคราช","1","index, follow","https://xn--42cmb2cn7ce1fa0bs7aw2n0a2f.com/รับซื้อคอมบริษัท-โคราช","self-referencing","1837","1","21","0","0","0","0","Organization|WebSite|WebPage|Service|BreadcrumbList|FAQPage","yes","B2B","/รับซื้อสินค้าไอทียกล็อต","Primary LINE/phone conversion","B2B:B2B/bulk","","Transactional","Decision","low","low","retain; validate with GSC"
"/รับซื้อคอมประกอบ-โคราช","src/content/services/รับซื้อคอมประกอบ-โคราช.md","Product category","indexable","200","รับซื้อคอมประกอบ โคราช | ตรวจสเปกจริง ประเมินผ่าน LINE | WINNER IT","66","รับซื้อคอมประกอบ โคราช | ตรวจสเปกจริง ประเมินผ่าน LINE | WINNER IT","รับซื้อคอมประกอบมือสองในโคราช ตรวจสเปกทุกชิ้นส่วน CPU RAM การ์ดจอ SSD ก่อนสรุปราคา เริ่มผ่าน LINE @buyhub","105","รับซื้อคอมประกอบมือสองในโคราช ตรวจสเปกทุกชิ้นส่วน CPU RAM การ์ดจอ SSD ก่อนสรุปราคา เริ่มผ่าน LINE @buyhub","รับซื้อคอมประกอบ โคราช ตรวจสเปกจริง ประเมินผ่าน LINE","1","index, follow","https://xn--42cmb2cn7ce1fa0bs7aw2n0a2f.com/รับซื้อคอมประกอบ-โคราช","self-referencing","1870","4","25","0","0","0","3","Organization|WebSite|WebPage|Service|BreadcrumbList|FAQPage","yes","COMPUTER","/รับซื้อคอมพิวเตอร์-โคราช","Primary LINE/phone conversion","COMPUTER:Product category","","Transactional","Decision","low","low","retain; validate with GSC"
"/รับซื้อคอมพิวเตอร์-โคราช","src/content/services/รับซื้อคอมพิวเตอร์-โคราช.md","Product category","indexable","200","รับซื้อคอมพิวเตอร์ โคราช | ตั้งโต๊ะ ประกอบ เกมมิ่ง | WINNER IT","62","รับซื้อคอมพิวเตอร์ โคราช | ตั้งโต๊ะ ประกอบ เกมมิ่ง | WINNER IT","รับซื้อคอมพิวเตอร์มือสองในโคราช ตั้งโต๊ะ ประกอบ เกมมิ่ง เวิร์กสเตชัน ตรวจสเปกจริงก่อนสรุปราคา เริ่มผ่าน LINE @buyhub","116","รับซื้อคอมพิวเตอร์มือสองในโคราช ตั้งโต๊ะ ประกอบ เกมมิ่ง เวิร์กสเตชัน ตรวจสเปกจริงก่อนสรุปราคา เริ่มผ่าน LINE @buyhub","รับซื้อคอมพิวเตอร์ โคราช ประเมินผ่าน LINE นัดรับตามสะดวก","1","index, follow","https://xn--42cmb2cn7ce1fa0bs7aw2n0a2f.com/รับซื้อคอมพิวเตอร์-โคราช","self-referencing","1900","88","28","0","0","17","10","Organization|WebSite|WebPage|Service|BreadcrumbList|FAQPage","yes","COMPUTER","/รับซื้อคอมพิวเตอร์-โคราช","Primary LINE/phone conversion","COMPUTER:Product category","","Transactional","Decision","low","low","retain; validate with GSC"
"/รับซื้อคอมเกมมิ่ง-โคราช","src/content/services/รับซื้อคอมเกมมิ่ง-โคราช.md","Product category","indexable","200","รับซื้อคอมเกมมิ่ง โคราช | ตรวจการ์ดจอ ประเมินผ่าน LINE | WINNER IT","66","รับซื้อคอมเกมมิ่ง โคราช | ตรวจการ์ดจอ ประเมินผ่าน LINE | WINNER IT","รับซื้อคอมเกมมิ่งมือสองในโคราช ตรวจการ์ดจอ สเปก และระบบระบายความร้อนก่อนสรุปราคา เริ่มผ่าน LINE @buyhub","103","รับซื้อคอมเกมมิ่งมือสองในโคราช ตรวจการ์ดจอ สเปก และระบบระบายความร้อนก่อนสรุปราคา เริ่มผ่าน LINE @buyhub","รับซื้อคอมเกมมิ่ง โคราช ตรวจการ์ดจอ ประเมินผ่าน LINE","1","index, follow","https://xn--42cmb2cn7ce1fa0bs7aw2n0a2f.com/รับซื้อคอมเกมมิ่ง-โคราช","self-referencing","1910","4","26","0","0","0","3","Organization|WebSite|WebPage|Service|BreadcrumbList|FAQPage","yes","COMPUTER","/รับซื้อคอมพิวเตอร์-โคราช","Primary LINE/phone conversion","COMPUTER:Product category","","Transactional","Decision","low","low","retain; validate with GSC"
"/รับซื้อคอมเก่า-โคราช","src/content/services/รับซื้อคอมเก่า-โคราช.md","Product category","indexable","200","รับซื้อคอมเก่า โคราช คอมตั้งโต๊ะรุ่นเก่า | WINNER IT","52","รับซื้อคอมเก่า โคราช คอมตั้งโต๊ะรุ่นเก่า | WINNER IT","WINNER IT รับซื้อคอมเก่าในโคราช คอมรุ่นเก่า อ upgrade แล้ว ประเมินผ่าน LINE @buyhub","83","WINNER IT รับซื้อคอมเก่าในโคราช คอมรุ่นเก่า อ upgrade แล้ว ประเมินผ่าน LINE @buyhub","รับซื้อคอมเก่า โคราช","1","index, follow","https://xn--42cmb2cn7ce1fa0bs7aw2n0a2f.com/รับซื้อคอมเก่า-โคราช","self-referencing","1816","1","21","0","0","0","0","Organization|WebSite|WebPage|Service|BreadcrumbList|FAQPage","yes","COMPUTER","/รับซื้อคอมพิวเตอร์-โคราช","Primary LINE/phone conversion","COMPUTER:Product category","","Transactional","Decision","low","low","retain; validate with GSC"
"/รับซื้อจอมอนิเตอร์-โคราช","src/content/services/รับซื้อจอมอนิเตอร์-โคราช.md","Product category","indexable","200","รับซื้อจอมอนิเตอร์ โคราช จอคอมและจอเกมมิ่งมือสอง | WINNER IT","60","รับซื้อจอมอนิเตอร์ โคราช จอคอมและจอเกมมิ่งมือสอง | WINNER IT","WINNER IT รับซื้อจอมอนิเตอร์ในโคราช ตรวจจอ dead pixel แสงรั่ว ขาตั้ง ประเมินผ่าน LINE @buyhub","93","WINNER IT รับซื้อจอมอนิเตอร์ในโคราช ตรวจจอ dead pixel แสงรั่ว ขาตั้ง ประเมินผ่าน LINE @buyhub","รับซื้อจอมอนิเตอร์ โคราช","1","index, follow","https://xn--42cmb2cn7ce1fa0bs7aw2n0a2f.com/รับซื้อจอมอนิเตอร์-โคราช","self-referencing","1812","4","21","0","0","0","3","Organization|WebSite|WebPage|Service|BreadcrumbList|FAQPage","yes","OTHER-PRODUCT","/รับซื้อสินค้าไอที","Primary LINE/phone conversion","OTHER-PRODUCT:Product category","","Transactional","Decision","low","low","retain; validate with GSC"
"/รับซื้อลำโพง-โคราช","src/content/services/รับซื้อลำโพง-โคราช.md","Product category","indexable","200","รับซื้อลำโพง โคราช ลำโพงบluetooth และลำโพงมือสอง | WINNER IT","60","รับซื้อลำโพง โคราช ลำโพงบluetooth และลำโพงมือสอง | WINNER IT","WINNER IT รับซื้อลำโพงในโคราช ตรวจเสียง แบต สภาพตัวเครื่อง ประเมินผ่าน LINE @buyhub","83","WINNER IT รับซื้อลำโพงในโคราช ตรวจเสียง แบต สภาพตัวเครื่อง ประเมินผ่าน LINE @buyhub","รับซื้อลำโพง โคราช","1","index, follow","https://xn--42cmb2cn7ce1fa0bs7aw2n0a2f.com/รับซื้อลำโพง-โคราช","self-referencing","1810","1","21","0","0","0","0","Organization|WebSite|WebPage|Service|BreadcrumbList|FAQPage","yes","OTHER-PRODUCT","/รับซื้อสินค้าไอที","Primary LINE/phone conversion","OTHER-PRODUCT:Product category","","Transactional","Decision","low","low","retain; validate with GSC"
"/รับซื้อสินค้าไอที","src/content/services/รับซื้อสินค้าไอที.md","Main service hub","indexable","200","รับซื้อสินค้าไอที โคราช บริการรับซื้อ IT ครบวงจร | WINNER IT","60","รับซื้อสินค้าไอที โคราช บริการรับซื้อ IT ครบวงจร | WINNER IT","WINNER IT รับซื้อสินค้าไอทีในโคราช โทรศัพท์ โน๊ตบุ๊ค คอม กล้อง เกม อุปกรณ์สำนักงาน ประเมินผ่าน LINE @buyhub","107","WINNER IT รับซื้อสินค้าไอทีในโคราช โทรศัพท์ โน๊ตบุ๊ค คอม กล้อง เกม อุปกรณ์สำนักงาน ประเมินผ่าน LINE @buyhub","รับซื้อสินค้าไอที โคราช","1","index, follow","https://xn--42cmb2cn7ce1fa0bs7aw2n0a2f.com/รับซื้อสินค้าไอที","self-referencing","1826","88","21","88","88","41","31","Organization|WebSite|WebPage|Service|BreadcrumbList|FAQPage","yes","CORE-SERVICE","/","Primary LINE/phone conversion","CORE-SERVICE:Main service hub","","Transactional","Decision","low","low","retain; validate with GSC"
"/รับซื้อสินค้าไอทียกล็อต","src/content/services/รับซื้อสินค้าไอทียกล็อต.md","B2B/bulk","indexable","200","รับซื้อสินค้าไอทียกล็อต โคราช | WINNER IT","41","รับซื้อสินค้าไอทียกล็อต โคราช | WINNER IT","WINNER IT รับซื้อสินค้าไอทียกล็อตในโคราช ร้านคอม สต็อกเก่า ส่งรายการประเมิน ผ่าน LINE @buyhub","93","WINNER IT รับซื้อสินค้าไอทียกล็อตในโคราช ร้านคอม สต็อกเก่า ส่งรายการประเมิน ผ่าน LINE @buyhub","รับซื้อสินค้าไอทียกล็อต","1","index, follow","https://xn--42cmb2cn7ce1fa0bs7aw2n0a2f.com/รับซื้อสินค้าไอทียกล็อต","self-referencing","1826","88","21","0","0","4","23","Organization|WebSite|WebPage|Service|BreadcrumbList|FAQPage","yes","B2B","/รับซื้อสินค้าไอทียกล็อต","Primary LINE/phone conversion","B2B:B2B/bulk","","Transactional","Decision","low","low","retain; validate with GSC"
"/รับซื้อสินค้าไอทีไม่มีอุปกรณ์-โคราช","src/content/services/รับซื้อสินค้าไอทีไม่มีอุปกรณ์-โคราช.md","Product condition","indexable","200","รับซื้อสินค้าไอทีไม่มีอุปกรณ์ โคราช | WINNER IT","47","รับซื้อสินค้าไอทีไม่มีอุปกรณ์ โคราช | WINNER IT","รับซื้อสินค้าไอทีไม่มีกล่อง ไม่มีสายชาร์จ ในโคราช ประเมินตามสภาพ ผ่าน LINE @buyhub","82","รับซื้อสินค้าไอทีไม่มีกล่อง ไม่มีสายชาร์จ ในโคราช ประเมินตามสภาพ ผ่าน LINE @buyhub","รับซื้อสินค้าไอทีไม่มีอุปกรณ์ โคราช","1","index, follow","https://xn--42cmb2cn7ce1fa0bs7aw2n0a2f.com/รับซื้อสินค้าไอทีไม่มีอุปกรณ์-โคราช","self-referencing","1819","1","21","0","0","0","0","Organization|WebSite|WebPage|Service|BreadcrumbList|FAQPage","yes","OTHER-PRODUCT","/รับซื้อสินค้าไอที","Primary LINE/phone conversion","OTHER-PRODUCT:Product condition","","Transactional","Decision","low","low","retain; validate with GSC"
"/รับซื้อสินค้าไอทีไม่ได้ใช้งาน-โคราช","src/content/services/รับซื้อสินค้าไอทีไม่ได้ใช้งาน-โคราช.md","Product condition","indexable","200","รับซื้อสินค้าไอทีไม่ได้ใช้งาน โคราช | WINNER IT","47","รับซื้อสินค้าไอทีไม่ได้ใช้งาน โคราช | WINNER IT","รับซื้อสินค้าไอทีที่ไม่ได้ใช้งานแล้ว เก็บไว้นาน ในโคราช ประเมินผ่าน LINE @buyhub","80","รับซื้อสินค้าไอทีที่ไม่ได้ใช้งานแล้ว เก็บไว้นาน ในโคราช ประเมินผ่าน LINE @buyhub","รับซื้อสินค้าไอทีไม่ได้ใช้งาน โคราช","1","index, follow","https://xn--42cmb2cn7ce1fa0bs7aw2n0a2f.com/รับซื้อสินค้าไอทีไม่ได้ใช้งาน-โคราช","self-referencing","1820","1","21","0","0","0","0","Organization|WebSite|WebPage|Service|BreadcrumbList|FAQPage","yes","OTHER-PRODUCT","/รับซื้อสินค้าไอที","Primary LINE/phone conversion","OTHER-PRODUCT:Product condition","","Transactional","Decision","low","low","retain; validate with GSC"
"/รับซื้อหูฟัง-โคราช","src/content/services/รับซื้อหูฟัง-โคราช.md","Product category","indexable","200","รับซื้อหูฟัง โคราช หูฟังไร้สายและเกมมิ่งมือสอง | WINNER IT","58","รับซื้อหูฟัง โคราช หูฟังไร้สายและเกมมิ่งมือสอง | WINNER IT","รับซื้อหูฟัง AirPods Sony Bose ในโคราช ตรวจแบต ไมค์ สภาพ ประเมินผ่าน LINE @buyhub","81","รับซื้อหูฟัง AirPods Sony Bose ในโคราช ตรวจแบต ไมค์ สภาพ ประเมินผ่าน LINE @buyhub","รับซื้อหูฟัง โคราช","1","index, follow","https://xn--42cmb2cn7ce1fa0bs7aw2n0a2f.com/รับซื้อหูฟัง-โคราช","self-referencing","1806","1","21","0","0","0","0","Organization|WebSite|WebPage|Service|BreadcrumbList|FAQPage","yes","OTHER-PRODUCT","/รับซื้อสินค้าไอที","Primary LINE/phone conversion","OTHER-PRODUCT:Product category","","Transactional","Decision","low","low","retain; validate with GSC"
"/รับซื้ออุปกรณ์-pos-โคราช","src/content/services/รับซื้ออุปกรณ์-pos-โคราช.md","Product category","indexable","200","รับซื้ออุปกรณ์ POS โคราช เครื่องรับเงินและระบบขาย | WINNER IT","61","รับซื้ออุปกรณ์ POS โคราช เครื่องรับเงินและระบบขาย | WINNER IT","WINNER IT รับซื้อ POS ลิ้นชัก เครื่องสแกน เครื่องพิมพ์ใบเสร็จ ในโคราช ประเมินผ่าน LINE @buyhub","94","WINNER IT รับซื้อ POS ลิ้นชัก เครื่องสแกน เครื่องพิมพ์ใบเสร็จ ในโคราช ประเมินผ่าน LINE @buyhub","รับซื้ออุปกรณ์ POS โคราช","1","index, follow","https://xn--42cmb2cn7ce1fa0bs7aw2n0a2f.com/รับซื้ออุปกรณ์-pos-โคราช","self-referencing","1802","1","21","0","0","0","0","Organization|WebSite|WebPage|Service|BreadcrumbList|FAQPage","yes","OFFICE","/รับซื้อสินค้าไอที","Primary LINE/phone conversion","OFFICE:Product category","","Transactional","Decision","low","low","retain; validate with GSC"
"/รับซื้ออุปกรณ์คอมพิวเตอร์-โคราช","src/content/services/รับซื้ออุปกรณ์คอมพิวเตอร์-โคราช.md","Product category","indexable","200","รับซื้ออุปกรณ์คอมพิวเตอร์ โคราช อุปกรณ์เสริมและพาร์ท | WINNER IT","64","รับซื้ออุปกรณ์คอมพิวเตอร์ โคราช อุปกรณ์เสริมและพาร์ท | WINNER IT","รับซื้ออุปกรณ์คอมพิวเตอร์ คีย์บอร์ด เมาส์ เคส พาวเวอร์ซัพพลาย ในโคราช ประเมินผ่าน LINE @buyhub","94","รับซื้ออุปกรณ์คอมพิวเตอร์ คีย์บอร์ด เมาส์ เคส พาวเวอร์ซัพพลาย ในโคราช ประเมินผ่าน LINE @buyhub","รับซื้ออุปกรณ์คอมพิวเตอร์ โคราช","1","index, follow","https://xn--42cmb2cn7ce1fa0bs7aw2n0a2f.com/รับซื้ออุปกรณ์คอมพิวเตอร์-โคราช","self-referencing","1814","1","21","0","0","0","0","Organization|WebSite|WebPage|Service|BreadcrumbList|FAQPage","yes","COMPUTER","/รับซื้อคอมพิวเตอร์-โคราช","Primary LINE/phone conversion","COMPUTER:Product category","","Transactional","Decision","low","low","retain; validate with GSC"
"/รับซื้ออุปกรณ์สำนักงาน","src/content/services/รับซื้ออุปกรณ์สำนักงาน.md","B2B/bulk","indexable","200","รับซื้ออุปกรณ์สำนักงาน โคราช | WINNER IT","40","รับซื้ออุปกรณ์สำนักงาน โคราช | WINNER IT","WINNER IT รับซื้ออุปกรณ์สำนักงานในโคราช คอม จอ โทรศัพท์ ปริ้น ประเมินยกชุด ผ่าน LINE @buyhub","92","WINNER IT รับซื้ออุปกรณ์สำนักงานในโคราช คอม จอ โทรศัพท์ ปริ้น ประเมินยกชุด ผ่าน LINE @buyhub","รับซื้ออุปกรณ์สำนักงาน","1","index, follow","https://xn--42cmb2cn7ce1fa0bs7aw2n0a2f.com/รับซื้ออุปกรณ์สำนักงาน","self-referencing","1841","88","21","0","0","6","6","Organization|WebSite|WebPage|Service|BreadcrumbList|FAQPage","yes","B2B","/รับซื้อสินค้าไอทียกล็อต","Primary LINE/phone conversion","B2B:B2B/bulk","","Transactional","Decision","low","low","retain; validate with GSC"
"/รับซื้อเครื่องปริ้น-โคราช","src/content/services/รับซื้อเครื่องปริ้น-โคราช.md","Product category","indexable","200","รับซื้อเครื่องปริ้น โคราช เครื่องพิมพ์สำนักงานมือสอง | WINNER IT","64","รับซื้อเครื่องปริ้น โคราช เครื่องพิมพ์สำนักงานมือสอง | WINNER IT","รับซื้อเครื่องปริ้น inkjet laser ในโคราช ตรวจหัวพิมพ์ ยกเลิกล็อก ประเมินผ่าน LINE @buyhub","89","รับซื้อเครื่องปริ้น inkjet laser ในโคราช ตรวจหัวพิมพ์ ยกเลิกล็อก ประเมินผ่าน LINE @buyhub","รับซื้อเครื่องปริ้น โคราช","1","index, follow","https://xn--42cmb2cn7ce1fa0bs7aw2n0a2f.com/รับซื้อเครื่องปริ้น-โคราช","self-referencing","1811","1","21","0","0","0","0","Organization|WebSite|WebPage|Service|BreadcrumbList|FAQPage","yes","OFFICE","/รับซื้อสินค้าไอที","Primary LINE/phone conversion","OFFICE:Product category","","Transactional","Decision","low","low","retain; validate with GSC"
"/รับซื้อเครื่องเกม-โคราช","src/content/services/รับซื้อเครื่องเกม-โคราช.md","Product category","indexable","200","รับซื้อเครื่องเกม โคราช คอนโซลและอุปกรณ์เกมมิ่ง | WINNER IT","59","รับซื้อเครื่องเกม โคราช คอนโซลและอุปกรณ์เกมมิ่ง | WINNER IT","WINNER IT รับซื้อเครื่องเกมหลายยี่ห้อในโคราช Xbox Steam Deck ประเมินผ่าน LINE @buyhub","85","WINNER IT รับซื้อเครื่องเกมหลายยี่ห้อในโคราช Xbox Steam Deck ประเมินผ่าน LINE @buyhub","รับซื้อเครื่องเกม โคราช","1","index, follow","https://xn--42cmb2cn7ce1fa0bs7aw2n0a2f.com/รับซื้อเครื่องเกม-โคราช","self-referencing","1813","88","21","0","0","3","3","Organization|WebSite|WebPage|Service|BreadcrumbList|FAQPage","yes","GAMING","/รับซื้อเครื่องเกม-โคราช","Primary LINE/phone conversion","GAMING:Product category","","Transactional","Decision","low","low","retain; validate with GSC"
"/รับซื้อเมนบอร์ด-โคราช","src/content/services/รับซื้อเมนบอร์ด-โคราช.md","Product category","indexable","200","รับซื้อเมนบอร์ด โคราช ประเมิน Mainboard Intel AMD มือสอง | WINNER IT","68","รับซื้อเมนบอร์ด โคราช ประเมิน Mainboard Intel AMD มือสอง | WINNER IT","WINNER IT รับซื้อเมนบอร์ดมือสองในโคราช ตรวจ socket สlots รอยไหม้ ประวัติซ่อม ประเมินผ่าน LINE @buyhub","101","WINNER IT รับซื้อเมนบอร์ดมือสองในโคราช ตรวจ socket สlots รอยไหม้ ประวัติซ่อม ประเมินผ่าน LINE @buyhub","รับซื้อเมนบอร์ด โคราช","1","index, follow","https://xn--42cmb2cn7ce1fa0bs7aw2n0a2f.com/รับซื้อเมนบอร์ด-โคราช","self-referencing","1845","1","21","0","0","0","0","Organization|WebSite|WebPage|Service|BreadcrumbList|FAQPage","yes","COMPUTER","/รับซื้อคอมพิวเตอร์-โคราช","Primary LINE/phone conversion","COMPUTER:Product category","","Transactional","Decision","low","low","retain; validate with GSC"
"/รับซื้อเลนส์กล้อง-โคราช","src/content/services/รับซื้อเลนส์กล้อง-โคราช.md","Product category","indexable","200","รับซื้อเลนส์กล้อง โคราช เลนส์ Canon Sony Nikon มือสอง | WINNER IT","65","รับซื้อเลนส์กล้อง โคราช เลนส์ Canon Sony Nikon มือสอง | WINNER IT","รับซื้อเลนส์กล้องมือสองในโคราช ตรวจแก้ว โฟกัส รอยฝุ่น mount ประเมินผ่าน LINE @buyhub","84","รับซื้อเลนส์กล้องมือสองในโคราช ตรวจแก้ว โฟกัส รอยฝุ่น mount ประเมินผ่าน LINE @buyhub","รับซื้อเลนส์กล้อง โคราช","1","index, follow","https://xn--42cmb2cn7ce1fa0bs7aw2n0a2f.com/รับซื้อเลนส์กล้อง-โคราช","self-referencing","1847","1","21","0","0","0","0","Organization|WebSite|WebPage|Service|BreadcrumbList|FAQPage","yes","CAMERA","/รับซื้อกล้อง-โคราช","Primary LINE/phone conversion","CAMERA:Product category","","Transactional","Decision","low","low","retain; validate with GSC"
"/รับซื้อเวิร์กสเตชัน-โคราช","src/content/services/รับซื้อเวิร์กสเตชัน-โคราช.md","Product category","indexable","200","รับซื้อเวิร์กสเตชัน โคราช | งานกราฟิก ตัดต่อ ประเมินผ่าน LINE | WINNER IT","73","รับซื้อเวิร์กสเตชัน โคราช | งานกราฟิก ตัดต่อ ประเมินผ่าน LINE | WINNER IT","รับซื้อเวิร์กสเตชันมือสองในโคราช ตรวจ CPU หลายคอร์ RAM สูง การ์ดจอ Quadro ก่อนสรุปราคา เริ่มผ่าน LINE @buyhub","109","รับซื้อเวิร์กสเตชันมือสองในโคราช ตรวจ CPU หลายคอร์ RAM สูง การ์ดจอ Quadro ก่อนสรุปราคา เริ่มผ่าน LINE @buyhub","รับซื้อเวิร์กสเตชัน โคราช งานกราฟิก ตัดต่อ ประเมินผ่าน LINE","1","index, follow","https://xn--42cmb2cn7ce1fa0bs7aw2n0a2f.com/รับซื้อเวิร์กสเตชัน-โคราช","self-referencing","1928","2","26","0","0","1","2","Organization|WebSite|WebPage|Service|BreadcrumbList|FAQPage","yes","COMPUTER","/รับซื้อคอมพิวเตอร์-โคราช","Primary LINE/phone conversion","COMPUTER:Product category","","Transactional","Decision","low","low","retain; validate with GSC"
"/รับซื้อแท็บเล็ต-โคราช","src/content/services/รับซื้อแท็บเล็ต-โคราช.md","Product category","indexable","200","รับซื้อแท็บเล็ต โคราช | iPad Samsung ประเมินผ่าน LINE | WINNER IT","65","รับซื้อแท็บเล็ต โคราช | iPad Samsung ประเมินผ่าน LINE | WINNER IT","รับซื้อแท็บเล็ตมือสองในโคราช iPad Samsung และยี่ห้ออื่น ตรวจสภาพจอและล็อกบัญชีก่อนสรุปราคา เริ่มผ่าน LINE @buyhub","113","รับซื้อแท็บเล็ตมือสองในโคราช iPad Samsung และยี่ห้ออื่น ตรวจสภาพจอและล็อกบัญชีก่อนสรุปราคา เริ่มผ่าน LINE @buyhub","รับซื้อแท็บเล็ต โคราช ประเมินผ่าน LINE นัดรับตามสะดวก","1","index, follow","https://xn--42cmb2cn7ce1fa0bs7aw2n0a2f.com/รับซื้อแท็บเล็ต-โคราช","self-referencing","1912","7","27","0","0","7","3","Organization|WebSite|WebPage|Service|BreadcrumbList|FAQPage","yes","MOBILE-APPLE","/รับซื้อโทรศัพท์มือถือ-โคราช","Primary LINE/phone conversion","MOBILE-APPLE:Product category","","Transactional","Decision","low","low","retain; validate with GSC"
"/รับซื้อแรม-โคราช","src/content/services/รับซื้อแรม-โคราช.md","Product category","indexable","200","รับซื้อแรม โคราช RAM DDR4 DDR5 มือสอง | WINNER IT","49","รับซื้อแรม โคราช RAM DDR4 DDR5 มือสอง | WINNER IT","รับซื้อ RAM คอมพิวเตอร์มือสองในโคราช ตรวจความจุความเร็วแบรนด์และสภาพ ประเมินผ่าน LINE @buyhub","93","รับซื้อ RAM คอมพิวเตอร์มือสองในโคราช ตรวจความจุความเร็วแบรนด์และสภาพ ประเมินผ่าน LINE @buyhub","รับซื้อแรม โคราช","1","index, follow","https://xn--42cmb2cn7ce1fa0bs7aw2n0a2f.com/รับซื้อแรม-โคราช","self-referencing","1812","1","21","0","0","0","0","Organization|WebSite|WebPage|Service|BreadcrumbList|FAQPage","yes","COMPUTER","/รับซื้อคอมพิวเตอร์-โคราช","Primary LINE/phone conversion","COMPUTER:Product category","","Transactional","Decision","low","low","retain; validate with GSC"
"/รับซื้อโทรศัพท์-android-โคราช","src/content/services/รับซื้อโทรศัพท์-android-โคราช.md","Product category","indexable","200","รับซื้อโทรศัพท์ Android โคราช | ประเมินผ่าน LINE | WINNER IT","60","รับซื้อโทรศัพท์ Android โคราช | ประเมินผ่าน LINE | WINNER IT","รับซื้อโทรศัพท์ Android มือสองในโคราช ตรวจ Google Account สภาพจอ และสเปกก่อนสรุปราคา เริ่มผ่าน LINE @buyhub","107","รับซื้อโทรศัพท์ Android มือสองในโคราช ตรวจ Google Account สภาพจอ และสเปกก่อนสรุปราคา เริ่มผ่าน LINE @buyhub","รับซื้อโทรศัพท์ Android โคราช ประเมินผ่าน LINE","1","index, follow","https://xn--42cmb2cn7ce1fa0bs7aw2n0a2f.com/รับซื้อโทรศัพท์-android-โคราช","self-referencing","1864","5","28","0","0","0","5","Organization|WebSite|WebPage|Service|BreadcrumbList|FAQPage","yes","MOBILE-APPLE","/รับซื้อโทรศัพท์มือถือ-โคราช","Primary LINE/phone conversion","MOBILE-APPLE:Product category","","Transactional","Decision","low","low","retain; validate with GSC"
"/รับซื้อโทรศัพท์-oppo-โคราช","src/content/services/รับซื้อโทรศัพท์-oppo-โคราช.md","Product category","indexable","200","รับซื้อโทรศัพท์ OPPO โคราช | ประเมินผ่าน LINE | WINNER IT","57","รับซื้อโทรศัพท์ OPPO โคราช | ประเมินผ่าน LINE | WINNER IT","รับซื้อโทรศัพท์ OPPO มือสองในโคราช ตรวจ OPPO Account สภาพจอ และกล้องก่อนสรุปราคา เริ่มผ่าน LINE @buyhub","103","รับซื้อโทรศัพท์ OPPO มือสองในโคราช ตรวจ OPPO Account สภาพจอ และกล้องก่อนสรุปราคา เริ่มผ่าน LINE @buyhub","รับซื้อโทรศัพท์ OPPO โคราช ประเมินผ่าน LINE","1","index, follow","https://xn--42cmb2cn7ce1fa0bs7aw2n0a2f.com/รับซื้อโทรศัพท์-oppo-โคราช","self-referencing","1837","3","28","0","0","0","3","Organization|WebSite|WebPage|Service|BreadcrumbList|FAQPage","yes","MOBILE-APPLE","/รับซื้อโทรศัพท์มือถือ-โคราช","Primary LINE/phone conversion","MOBILE-APPLE:Product category","","Transactional","Decision","low","low","retain; validate with GSC"
"/รับซื้อโทรศัพท์-samsung-โคราช","src/content/services/รับซื้อโทรศัพท์-samsung-โคราช.md","Product category","indexable","200","รับซื้อโทรศัพท์ Samsung โคราช | Galaxy ประเมินผ่าน LINE | WINNER IT","67","รับซื้อโทรศัพท์ Samsung โคราช | Galaxy ประเมินผ่าน LINE | WINNER IT","รับซื้อโทรศัพท์ Samsung Galaxy มือสองในโคราช ตรวจ Samsung Account สภาพจอ และ S Pen ก่อนสรุปราคา เริ่มผ่าน LINE @buyhub","118","รับซื้อโทรศัพท์ Samsung Galaxy มือสองในโคราช ตรวจ Samsung Account สภาพจอ และ S Pen ก่อนสรุปราคา เริ่มผ่าน LINE @buyhub","รับซื้อโทรศัพท์ Samsung โคราช ประเมินผ่าน LINE","1","index, follow","https://xn--42cmb2cn7ce1fa0bs7aw2n0a2f.com/รับซื้อโทรศัพท์-samsung-โคราช","self-referencing","1906","3","27","0","0","1","3","Organization|WebSite|WebPage|Service|BreadcrumbList|FAQPage","yes","MOBILE-APPLE","/รับซื้อโทรศัพท์มือถือ-โคราช","Primary LINE/phone conversion","MOBILE-APPLE:Product category","","Transactional","Decision","low","low","retain; validate with GSC"
"/รับซื้อโทรศัพท์-vivo-โคราช","src/content/services/รับซื้อโทรศัพท์-vivo-โคราช.md","Product category","indexable","200","รับซื้อโทรศัพท์ vivo โคราช | ประเมินผ่าน LINE | WINNER IT","57","รับซื้อโทรศัพท์ vivo โคราช | ประเมินผ่าน LINE | WINNER IT","รับซื้อโทรศัพท์ vivo มือสองในโคราช ตรวจ vivo Account สภาพจอ และกล้องก่อนสรุปราคา เริ่มผ่าน LINE @buyhub","103","รับซื้อโทรศัพท์ vivo มือสองในโคราช ตรวจ vivo Account สภาพจอ และกล้องก่อนสรุปราคา เริ่มผ่าน LINE @buyhub","รับซื้อโทรศัพท์ vivo โคราช ประเมินผ่าน LINE","1","index, follow","https://xn--42cmb2cn7ce1fa0bs7aw2n0a2f.com/รับซื้อโทรศัพท์-vivo-โคราช","self-referencing","1803","1","28","0","0","0","1","Organization|WebSite|WebPage|Service|BreadcrumbList|FAQPage","yes","MOBILE-APPLE","/รับซื้อโทรศัพท์มือถือ-โคราช","Primary LINE/phone conversion","MOBILE-APPLE:Product category","","Transactional","Decision","low","low","retain; validate with GSC"
"/รับซื้อโทรศัพท์-xiaomi-redmi-poco-โคราช","src/content/services/รับซื้อโทรศัพท์-xiaomi-redmi-poco-โคราช.md","Product category","indexable","200","รับซื้อโทรศัพท์ Xiaomi Redmi POCO โคราช | ประเมินผ่าน LINE | WINNER IT","70","รับซื้อโทรศัพท์ Xiaomi Redmi POCO โคราช | ประเมินผ่าน LINE | WINNER IT","รับซื้อ Xiaomi Redmi POCO มือสองในโคราช ตรวจ Mi Account สภาพจอ และสเปกก่อนสรุปราคา เริ่มผ่าน LINE @buyhub","105","รับซื้อ Xiaomi Redmi POCO มือสองในโคราช ตรวจ Mi Account สภาพจอ และสเปกก่อนสรุปราคา เริ่มผ่าน LINE @buyhub","รับซื้อโทรศัพท์ Xiaomi Redmi POCO โคราช ประเมินผ่าน LINE","1","index, follow","https://xn--42cmb2cn7ce1fa0bs7aw2n0a2f.com/รับซื้อโทรศัพท์-xiaomi-redmi-poco-โคราช","self-referencing","1832","1","28","0","0","1","1","Organization|WebSite|WebPage|Service|BreadcrumbList|FAQPage","yes","MOBILE-APPLE","/รับซื้อโทรศัพท์มือถือ-โคราช","Primary LINE/phone conversion","MOBILE-APPLE:Product category","","Transactional","Decision","low","low","retain; validate with GSC"
"/รับซื้อโทรศัพท์จอแตก-โคราช","src/content/services/รับซื้อโทรศัพท์จอแตก-โคราช.md","Product condition","indexable","200","รับซื้อโทรศัพท์จอแตก โคราช | WINNER IT","38","รับซื้อโทรศัพท์จอแตก โคราช | WINNER IT","รับซื้อมือถือจอแตกในโคราช iPhone Samsung ประเมินตามรุ่นและ touch ผ่าน LINE @buyhub","82","รับซื้อมือถือจอแตกในโคราช iPhone Samsung ประเมินตามรุ่นและ touch ผ่าน LINE @buyhub","รับซื้อโทรศัพท์จอแตก โคราช","1","index, follow","https://xn--42cmb2cn7ce1fa0bs7aw2n0a2f.com/รับซื้อโทรศัพท์จอแตก-โคราช","self-referencing","1800","7","21","0","0","7","1","Organization|WebSite|WebPage|Service|BreadcrumbList|FAQPage","yes","MOBILE-APPLE","/รับซื้อโทรศัพท์มือถือ-โคราช","Primary LINE/phone conversion","MOBILE-APPLE:Product condition","","Transactional","Decision","low","low","retain; validate with GSC"
"/รับซื้อโทรศัพท์มือถือ-โคราช","src/content/services/รับซื้อโทรศัพท์มือถือ-โคราช.md","Product category","indexable","200","รับซื้อโทรศัพท์มือถือ โคราช | ทุกยี่ห้อ ประเมินผ่าน LINE | WINNER IT","68","รับซื้อโทรศัพท์มือถือ โคราช | ทุกยี่ห้อ ประเมินผ่าน LINE | WINNER IT","รับซื้อโทรศัพท์มือถือมือสองในโคราช ทุกยี่ห้อ iPhone Samsung Android ตรวจสภาพและล็อกบัญชีก่อนสรุปราคา เริ่มผ่าน LINE @buyhub","123","รับซื้อโทรศัพท์มือถือมือสองในโคราช ทุกยี่ห้อ iPhone Samsung Android ตรวจสภาพและล็อกบัญชีก่อนสรุปราคา เริ่มผ่าน LINE @buyhub","รับซื้อโทรศัพท์มือถือ โคราช ประเมินผ่าน LINE นัดรับตามสะดวก","1","index, follow","https://xn--42cmb2cn7ce1fa0bs7aw2n0a2f.com/รับซื้อโทรศัพท์มือถือ-โคราช","self-referencing","1993","9","28","0","0","8","7","Organization|WebSite|WebPage|Service|BreadcrumbList|FAQPage","yes","MOBILE-APPLE","/รับซื้อโทรศัพท์มือถือ-โคราช","Primary LINE/phone conversion","MOBILE-APPLE:Product category","","Transactional","Decision","low","low","retain; validate with GSC"
"/รับซื้อโน๊ตบุ๊ค-โคราช","src/content/services/รับซื้อโน๊ตบุ๊ค-โคราช.md","Product category","indexable","200","รับซื้อโน๊ตบุ๊ค โคราช | ทุกยี่ห้อ ประเมินผ่าน LINE | WINNER IT","62","รับซื้อโน๊ตบุ๊ค โคราช | ทุกยี่ห้อ ประเมินผ่าน LINE | WINNER IT","รับซื้อโน๊ตบุ๊คมือสองในโคราช Dell HP Lenovo ASUS Acer MacBook ตรวจสเปก จอ และแบตเตอรี่ก่อนสรุปราคา เริ่มผ่าน LINE @buyhub","121","รับซื้อโน๊ตบุ๊คมือสองในโคราช Dell HP Lenovo ASUS Acer MacBook ตรวจสเปก จอ และแบตเตอรี่ก่อนสรุปราคา เริ่มผ่าน LINE @buyhub","รับซื้อโน๊ตบุ๊ค โคราช ประเมินผ่าน LINE นัดรับตามสะดวก","1","index, follow","https://xn--42cmb2cn7ce1fa0bs7aw2n0a2f.com/รับซื้อโน๊ตบุ๊ค-โคราช","self-referencing","1944","88","26","0","0","24","13","Organization|WebSite|WebPage|Service|BreadcrumbList|FAQPage","yes","OTHER-PRODUCT","/รับซื้อสินค้าไอที","Primary LINE/phone conversion","OTHER-PRODUCT:Product category","","Transactional","Decision","low","low","retain; validate with GSC"
"/รับซื้อโน๊ตบุ๊คจอแตก-โคราช","src/content/services/รับซื้อโน๊ตบุ๊คจอแตก-โคราช.md","Product condition","indexable","200","รับซื้อโน๊ตบุ๊คจอแตก โคราช | WINNER IT","38","รับซื้อโน๊ตบุ๊คจอแตก โคราช | WINNER IT","WINNER IT รับซื้อโน๊ตบุ๊คจอแตกในโคราช ประเมินตามรุ่นและชิ้นส่วนที่เหลือ ผ่าน LINE @buyhub","89","WINNER IT รับซื้อโน๊ตบุ๊คจอแตกในโคราช ประเมินตามรุ่นและชิ้นส่วนที่เหลือ ผ่าน LINE @buyhub","รับซื้อโน๊ตบุ๊คจอแตก โคราช","1","index, follow","https://xn--42cmb2cn7ce1fa0bs7aw2n0a2f.com/รับซื้อโน๊ตบุ๊คจอแตก-โคราช","self-referencing","1825","1","21","0","0","0","0","Organization|WebSite|WebPage|Service|BreadcrumbList|FAQPage","yes","OTHER-PRODUCT","/รับซื้อสินค้าไอที","Primary LINE/phone conversion","OTHER-PRODUCT:Product condition","","Transactional","Decision","low","low","retain; validate with GSC"
"/รับซื้อโน๊ตบุ๊คเกมมิ่ง-โคราช","src/content/services/รับซื้อโน๊ตบุ๊คเกมมิ่ง-โคราช.md","Product category","indexable","200","รับซื้อโน๊ตบุ๊คเกมมิ่ง โคราช | ประเมินผ่าน LINE | WINNER IT","59","รับซื้อโน๊ตบุ๊คเกมมิ่ง โคราช | ประเมินผ่าน LINE | WINNER IT","รับซื้อโน๊ตบุ๊คเกมมิ่งมือสองในโคราช ASUS ROG MSI Lenovo Legion ตรวจการ์ดจอ สเปก และสภาพจอ เริ่มผ่าน LINE @buyhub","112","รับซื้อโน๊ตบุ๊คเกมมิ่งมือสองในโคราช ASUS ROG MSI Lenovo Legion ตรวจการ์ดจอ สเปก และสภาพจอ เริ่มผ่าน LINE @buyhub","รับซื้อโน๊ตบุ๊คเกมมิ่ง โคราช ประเมินผ่าน LINE","1","index, follow","https://xn--42cmb2cn7ce1fa0bs7aw2n0a2f.com/รับซื้อโน๊ตบุ๊คเกมมิ่ง-โคราช","self-referencing","1935","4","25","0","0","0","3","Organization|WebSite|WebPage|Service|BreadcrumbList|FAQPage","yes","OTHER-PRODUCT","/รับซื้อสินค้าไอที","Primary LINE/phone conversion","OTHER-PRODUCT:Product category","","Transactional","Decision","low","low","retain; validate with GSC"
"/รับซื้อโน๊ตบุ๊คเปิดไม่ติด-โคราช","src/content/services/รับซื้อโน๊ตบุ๊คเปิดไม่ติด-โคราช.md","Product condition","indexable","200","รับซื้อโน๊ตบุ๊คเปิดไม่ติด โคราช | WINNER IT","43","รับซื้อโน๊ตบุ๊คเปิดไม่ติด โคราช | WINNER IT","รับซื้อโน๊ตบุ๊คเปิดไม่ติดในโคราช ประเมินเป็นซากหรือชิ้นส่วน ผ่าน LINE @buyhub","77","รับซื้อโน๊ตบุ๊คเปิดไม่ติดในโคราช ประเมินเป็นซากหรือชิ้นส่วน ผ่าน LINE @buyhub","รับซื้อโน๊ตบุ๊คเปิดไม่ติด โคราช","1","index, follow","https://xn--42cmb2cn7ce1fa0bs7aw2n0a2f.com/รับซื้อโน๊ตบุ๊คเปิดไม่ติด-โคราช","self-referencing","1850","1","21","0","0","0","0","Organization|WebSite|WebPage|Service|BreadcrumbList|FAQPage","yes","OTHER-PRODUCT","/รับซื้อสินค้าไอที","Primary LINE/phone conversion","OTHER-PRODUCT:Product condition","","Transactional","Decision","low","low","retain; validate with GSC"
"/รับซื้อโน๊ตบุ๊คเสีย-โคราช","src/content/services/รับซื้อโน๊ตบุ๊คเสีย-โคราช.md","Product condition","indexable","200","รับซื้อโน๊ตบุ๊คเสีย โคราช ประเมินโน๊ตบุ๊คอาการเสีย | WINNER IT","62","รับซื้อโน๊ตบุ๊คเสีย โคราช ประเมินโน๊ตบุ๊คอาการเสีย | WINNER IT","WINNER IT รับซื้อโน๊ตบุ๊คเสียในโคราช คีย์บอร์ดเสีย แบตเสื่อม พัดลมดัง ประเมินผ่าน LINE @buyhub","94","WINNER IT รับซื้อโน๊ตบุ๊คเสียในโคราช คีย์บอร์ดเสีย แบตเสื่อม พัดลมดัง ประเมินผ่าน LINE @buyhub","รับซื้อโน๊ตบุ๊คเสีย โคราช","1","index, follow","https://xn--42cmb2cn7ce1fa0bs7aw2n0a2f.com/รับซื้อโน๊ตบุ๊คเสีย-โคราช","self-referencing","1802","1","21","0","0","0","0","Organization|WebSite|WebPage|Service|BreadcrumbList|FAQPage","yes","OTHER-PRODUCT","/รับซื้อสินค้าไอที","Primary LINE/phone conversion","OTHER-PRODUCT:Product condition","","Transactional","Decision","low","low","retain; validate with GSC"
"/วิธีขายสินค้า","src/content/services/วิธีขายสินค้า.md","Seller intent","indexable","200","วิธีขายสินค้าไอที โคราช ขั้นตอนขายกับ WINNER IT","47","วิธีขายสินค้าไอที โคราช ขั้นตอนขายกับ WINNER IT","วิธีขายสินค้าไอทีกับ WINNER IT ในโคราช ตั้งแต่ส่งรูป นัดหมาย ตรวจสินค้า จนถึงรับเงิน ผ่าน LINE @buyhub","102","วิธีขายสินค้าไอทีกับ WINNER IT ในโคราช ตั้งแต่ส่งรูป นัดหมาย ตรวจสินค้า จนถึงรับเงิน ผ่าน LINE @buyhub","วิธีขายสินค้าไอที","1","index, follow","https://xn--42cmb2cn7ce1fa0bs7aw2n0a2f.com/วิธีขายสินค้า","self-referencing","1799","88","21","88","88","2","22","Organization|WebSite|WebPage|Service|BreadcrumbList|FAQPage","yes","SELLER-JOURNEY","/รับซื้อสินค้าไอที","Primary LINE/phone conversion","SELLER-JOURNEY:Seller intent","","Transactional","Decision","low","low","retain; validate with GSC"
"/วิธีประเมินราคา","src/content/services/วิธีประเมินราคา.md","Seller intent","indexable","200","วิธีประเมินราคาสินค้าไอที โคราช | WINNER IT","43","วิธีประเมินราคาสินค้าไอที โคราช | WINNER IT","WINNER IT อธิบายวิธีประเมินราคาสินค้าไอที ปัจจัยที่ส่งผลต่อราคา และข้อจำกัด ผ่าน LINE @buyhub","93","WINNER IT อธิบายวิธีประเมินราคาสินค้าไอที ปัจจัยที่ส่งผลต่อราคา และข้อจำกัด ผ่าน LINE @buyhub","วิธีประเมินราคาสินค้าไอที","1","index, follow","https://xn--42cmb2cn7ce1fa0bs7aw2n0a2f.com/วิธีประเมินราคา","self-referencing","1818","20","21","0","0","0","19","Organization|WebSite|WebPage|Service|BreadcrumbList|FAQPage","yes","SELLER-JOURNEY","/รับซื้อสินค้าไอที","Primary LINE/phone conversion","SELLER-JOURNEY:Seller intent","","Transactional","Decision","low","low","retain; validate with GSC"
"/ส่งสินค้าไอทีมาประเมิน","src/content/services/ส่งสินค้าไอทีมาประเมิน.md","Seller intent","indexable","200","ส่งสินค้าไอทีมาประเมิน โคราช | WINNER IT","40","ส่งสินค้าไอทีมาประเมิน โคราช | WINNER IT","WINNER IT รับส่งสินค้าไอทีมาประเมินในโคราช นัดส่งมอบหรือจัดส่งตามตกลง ผ่าน LINE @buyhub","87","WINNER IT รับส่งสินค้าไอทีมาประเมินในโคราช นัดส่งมอบหรือจัดส่งตามตกลง ผ่าน LINE @buyhub","ส่งสินค้าไอทีมาประเมิน","1","index, follow","https://xn--42cmb2cn7ce1fa0bs7aw2n0a2f.com/ส่งสินค้าไอทีมาประเมิน","self-referencing","1850","88","21","0","0","16","31","Organization|WebSite|WebPage|Service|BreadcrumbList|FAQPage","yes","SELLER-JOURNEY","/รับซื้อสินค้าไอที","Primary LINE/phone conversion","SELLER-JOURNEY:Seller intent","","Transactional","Decision","low","low","retain; validate with GSC"
"/เกี่ยวกับเรา","src/pages/เกี่ยวกับเรา.astro","About","indexable","200","เกี่ยวกับเรา | WINNER IT","24","เกี่ยวกับเรา | WINNER IT","WINNER IT ดำเนินงานโดย บริษัท อำพล เทรดดิ้ง จำกัด ให้บริการรับซื้อสินค้าไอทีในจังหวัดนครราชสีมาผ่าน LINE @buyhub","112","WINNER IT ดำเนินงานโดย บริษัท อำพล เทรดดิ้ง จำกัด ให้บริการรับซื้อสินค้าไอทีในจังหวัดนครราชสีมาผ่าน LINE @buyhub","เกี่ยวกับ WINNER IT","1","index, follow","https://xn--42cmb2cn7ce1fa0bs7aw2n0a2f.com/เกี่ยวกับเรา","self-referencing","158","88","21","0","88","0","0","Organization|WebSite|AboutPage|BreadcrumbList","yes","TRUST-ABOUT","/","Assisted conversion / trust","TRUST-ABOUT:About","","Trust","Trust","review","low","retain; validate with GSC"
