"Cluster ID","URL","Page type","Parent hub","Primary keyword hypothesis","Secondary keyword hypotheses","Search intent","Funnel stage","Conversion role","Geographic modifier","Product/category modifier","Condition modifier","Existing title","Existing H1","Competing URLs","Cannibalization risk","Current internal links in","Current internal links out","Recommended action","Evidence status","GSC validation required","Priority","Notes"
"CORE-LOCAL","/","Homepage","","รับซื้อสินค้าไอทีโคราช ประเมินเบื้องต้นผ่าน LINE","core local; transactional","Transactional","Decision","Primary LINE/phone conversion","นครราชสีมา/โคราช","CORE-LOCAL","none","รับซื้อสินค้าไอทีโคราช ประเมินเบื้องต้นผ่าน LINE | WINNER IT","รับซื้อสินค้าไอทีโคราช ประเมินเบื้องต้นผ่าน LINE","","low/unverified","88","69","Retain; validate query ownership before structural action","Keyword hypothesis","Yes","P1","No volume, CPC, ranking or traffic estimate asserted"
"B2B","/ขายคอมหลายเครื่อง-โคราช","B2B/bulk","/รับซื้อสินค้าไอทียกล็อต","ขายคอมหลายเครื่อง โคราช","b2b; transactional","Transactional","Decision","Primary LINE/phone conversion","นครราชสีมา/โคราช","B2B","none","ขายคอมหลายเครื่อง โคราช รับซื้อคอมจำนวนมาก | WINNER IT","ขายคอมหลายเครื่อง โคราช","/รับซื้อคอมบริษัท-โคราช | /รับซื้อสินค้าไอทียกล็อต | /รับซื้ออุปกรณ์สำนักงาน","candidate","1","21","Retain; validate query ownership before structural action","Keyword hypothesis","Yes","P2","No volume, CPC, ranking or traffic estimate asserted"
"B2B","/ขายอุปกรณ์ไอทียกสำนักงาน-โคราช","B2B/bulk","/รับซื้อสินค้าไอทียกล็อต","ขายอุปกรณ์ไอทียกสำนักงาน โคราช","b2b; transactional","Transactional","Decision","Primary LINE/phone conversion","นครราชสีมา/โคราช","B2B","none","ขายอุปกรณ์ไอทียกสำนักงาน โคราช | WINNER IT","ขายอุปกรณ์ไอทียกสำนักงาน โคราช","/บริษัทปิดกิจการขายอุปกรณ์ไอที | /รับซื้ออุปกรณ์สำนักงาน","candidate","1","21","Retain; validate query ownership before structural action","Keyword hypothesis","Yes","P2","No volume, CPC, ranking or traffic estimate asserted"
"TRUST-POLICY","/ข้อกำหนดการใช้บริการ","Policy","/","ข้อกำหนดการใช้บริการ","trust policy; trust","Trust","Trust","Assisted conversion / trust","none explicit","TRUST-POLICY","none","ข้อกำหนดการใช้บริการ | WINNER IT","ข้อกำหนดการใช้บริการ","","low/unverified","88","21","Retain; validate query ownership before structural action","Source evidence","No","P2","No volume, CPC, ranking or traffic estimate asserted"
"TRUST-FAQ","/คำถามที่พบบ่อย","FAQ","/","คำถามที่พบบ่อย","trust faq; trust","Trust","Trust","Assisted conversion / trust","none explicit","TRUST-FAQ","none","คำถามที่พบบ่อย | WINNER IT","คำถามที่พบบ่อย","","low/unverified","88","21","Retain; validate query ownership before structural action","Source evidence","No","P2","No volume, CPC, ranking or traffic estimate asserted"
"TRUST-CONTACT","/ติดต่อ","Contact","/","ติดต่อ WINNER IT","trust contact; navigation / conversion support","Navigation / conversion support","Decision","Direct conversion","none explicit","TRUST-CONTACT","none","ติดต่อเรา | WINNER IT รับซื้อไอทีโคราช","ติดต่อ WINNER IT","","low/unverified","88","21","Retain; validate query ownership before structural action","Source evidence","Yes","P2","No volume, CPC, ranking or traffic estimate asserted"
"TRUST-POLICY","/นโยบายความเป็นส่วนตัว","Policy","/","นโยบายความเป็นส่วนตัว","trust policy; trust","Trust","Trust","Assisted conversion / trust","none explicit","TRUST-POLICY","none","นโยบายความเป็นส่วนตัว | WINNER IT","นโยบายความเป็นส่วนตัว","","low/unverified","88","21","Retain; validate query ownership before structural action","Source evidence","No","P2","No volume, CPC, ranking or traffic estimate asserted"
"TRUST-POLICY","/นโยบายรับซื้อสินค้าและการยืนยันเจ้าของ","Policy","/","นโยบายรับซื้อสินค้าและการยืนยันเจ้าของ","trust policy; trust","Trust","Trust","Assisted conversion / trust","none explicit","TRUST-POLICY","none","นโยบายรับซื้อสินค้าและการยืนยันเจ้าของ | WINNER IT","นโยบายรับซื้อสินค้าและการยืนยันเจ้าของ","","low/unverified","88","21","Retain; validate query ownership before structural action","Source evidence","No","P2","No volume, CPC, ranking or traffic estimate asserted"
"CONTENT","/บทความ/ssd-และข้อมูลส่วนตัวควรจัดการอย่างไรก่อนขาย","Article","/บทความ","SSD และข้อมูลส่วนตัวควรจัดการอย่างไรก่อนขาย","content; informational","Informational","Awareness / consideration","Assisted conversion / trust","none explicit","CONTENT","none","SSD และข้อมูลส่วนตัวควรจัดการอย่างไรก่อนขาย | WINNER IT","SSD และข้อมูลส่วนตัวควรจัดการอย่างไรก่อนขาย","/บทความ/ขายคอมหลายเครื่องควรเตรียมรายการอย่างไร | /บทความ/วิธีลบข้อมูลก่อนขายคอมพิวเตอร์","low/unverified","6","24","Retain; validate query ownership before structural action","Keyword hypothesis","Yes","P2","No volume, CPC, ranking or traffic estimate asserted"
"CONTENT","/บทความ/กล่องและอุปกรณ์มีผลต่อราคามือสองหรือไม่","Article","/บทความ","กล่องและอุปกรณ์มีผลต่อราคามือสองหรือไม่","content; informational","Informational","Awareness / consideration","Assisted conversion / trust","none explicit","CONTENT","none","กล่องและอุปกรณ์มีผลต่อราคามือสองหรือไม่ | WINNER IT","กล่องและอุปกรณ์มีผลต่อราคามือสองหรือไม่","","low/unverified","6","24","Retain; validate query ownership before structural action","Keyword hypothesis","Yes","P2","No volume, CPC, ranking or traffic estimate asserted"
"CONTENT","/บทความ/ขายคอมหลายเครื่องควรเตรียมรายการอย่างไร","Article","/บทความ","ขายคอมหลายเครื่องควรเตรียมรายการอย่างไร","content; informational","Informational","Awareness / consideration","Assisted conversion / trust","none explicit","CONTENT","none","ขายคอมหลายเครื่องควรเตรียมรายการอย่างไร | WINNER IT","ขายคอมหลายเครื่องควรเตรียมรายการอย่างไร","/บทความ/ssd-และข้อมูลส่วนตัวควรจัดการอย่างไรก่อนขาย","low/unverified","6","24","Retain; validate query ownership before structural action","Keyword hypothesis","Yes","P2","No volume, CPC, ranking or traffic estimate asserted"
"CONTENT","/บทความ/ขายอุปกรณ์ไอทีของบริษัทต้องเตรียมเอกสารอะไร","Article","/บทความ","ขายอุปกรณ์ไอทีของบริษัทต้องเตรียมเอกสารอะไร","content; informational","Informational","Awareness / consideration","Assisted conversion / trust","none explicit","CONTENT","none","ขายอุปกรณ์ไอทีของบริษัทต้องเตรียมเอกสารอะไร | WINNER IT","ขายอุปกรณ์ไอทีของบริษัทต้องเตรียมเอกสารอะไร","/บทความ/เตรียมโน๊ตบุ๊คก่อนขายอย่างไร","low/unverified","4","24","Retain; validate query ownership before structural action","Keyword hypothesis","Yes","P2","No volume, CPC, ranking or traffic estimate asserted"
"CONTENT","/บทความ/ข้อควรรู้ก่อนขายกล้องและเลนส์มือสอง","Article","/บทความ","ข้อควรรู้ก่อนขายกล้องและเลนส์มือสอง","content; informational","Informational","Awareness / consideration","Assisted conversion / trust","none explicit","CONTENT","none","ข้อควรรู้ก่อนขายกล้องและเลนส์มือสอง | WINNER IT","ข้อควรรู้ก่อนขายกล้องและเลนส์มือสอง","","low/unverified","4","24","Retain; validate query ownership before structural action","Keyword hypothesis","Yes","P2","No volume, CPC, ranking or traffic estimate asserted"
"CONTENT","/บทความ/ปัจจัยที่ทำให้ราคาการ์ดจอมือสองแตกต่างกัน","Article","/บทความ","ปัจจัยที่ทำให้ราคาการ์ดจอมือสองแตกต่างกัน","content; informational","Informational","Awareness / consideration","Assisted conversion / trust","none explicit","CONTENT","none","ปัจจัยที่ทำให้ราคาการ์ดจอมือสองแตกต่างกัน | WINNER IT","ปัจจัยที่ทำให้ราคาการ์ดจอมือสองแตกต่างกัน","","low/unverified","2","24","Retain; validate query ownership before structural action","Keyword hypothesis","Yes","P2","No volume, CPC, ranking or traffic estimate asserted"
"CONTENT","/บทความ/วิธีถ่ายรูปสินค้าไอทีเพื่อให้ประเมินราคาได้เร็ว","Article","/บทความ","วิธีถ่ายรูปสินค้าไอทีเพื่อให้ประเมินราคาได้เร็ว","content; informational","Informational","Awareness / consideration","Assisted conversion / trust","none explicit","CONTENT","none","วิธีถ่ายรูปสินค้าไอทีเพื่อให้ประเมินราคาได้เร็ว | WINNER IT","วิธีถ่ายรูปสินค้าไอทีเพื่อให้ประเมินราคาได้เร็ว","/บทความ/สินค้าไอทีเปิดไม่ติดยังประเมินราคาได้อย่างไร","low/unverified","10","24","Retain; validate query ownership before structural action","Keyword hypothesis","Yes","P2","No volume, CPC, ranking or traffic estimate asserted"
"CONTENT","/บทความ/วิธีลบข้อมูลก่อนขายคอมพิวเตอร์","Article","/บทความ","วิธีลบข้อมูลก่อนขายคอมพิวเตอร์","content; informational","Informational","Awareness / consideration","Assisted conversion / trust","none explicit","CONTENT","none","วิธีลบข้อมูลก่อนขายคอมพิวเตอร์ | WINNER IT","วิธีลบข้อมูลก่อนขายคอมพิวเตอร์","/บทความ/ssd-และข้อมูลส่วนตัวควรจัดการอย่างไรก่อนขาย | /บทความ/วิธีออกจาก-icloud-ก่อนขาย-iphone-หรือ-ipad | /บทความ/วิธีออกจากบัญชี-google-ก่อนขายโทรศัพท์-android","low/unverified","28","24","Retain; validate query ownership before structural action","Keyword hypothesis","Yes","P2","No volume, CPC, ranking or traffic estimate asserted"
"CONTENT","/บทความ/วิธีออกจาก-icloud-ก่อนขาย-iphone-หรือ-ipad","Article","/บทความ","วิธีออกจาก iCloud ก่อนขาย iPhone หรือ iPad","content; informational","Informational","Awareness / consideration","Assisted conversion / trust","none explicit","CONTENT","none","วิธีออกจาก iCloud ก่อนขาย iPhone หรือ iPad | WINNER IT","วิธีออกจาก iCloud ก่อนขาย iPhone หรือ iPad","/บทความ/วิธีลบข้อมูลก่อนขายคอมพิวเตอร์ | /บทความ/วิธีออกจากบัญชี-google-ก่อนขายโทรศัพท์-android","low/unverified","6","24","Retain; validate query ownership before structural action","Keyword hypothesis","Yes","P2","No volume, CPC, ranking or traffic estimate asserted"
"CONTENT","/บทความ/วิธีออกจากบัญชี-google-ก่อนขายโทรศัพท์-android","Article","/บทความ","วิธีออกจากบัญชี Google ก่อนขายโทรศัพท์ Android","content; informational","Informational","Awareness / consideration","Assisted conversion / trust","none explicit","CONTENT","none","วิธีออกจากบัญชี Google ก่อนขายโทรศัพท์ Android | WINNER IT","วิธีออกจากบัญชี Google ก่อนขายโทรศัพท์ Android","/บทความ/วิธีลบข้อมูลก่อนขายคอมพิวเตอร์ | /บทความ/วิธีออกจาก-icloud-ก่อนขาย-iphone-หรือ-ipad","low/unverified","3","24","Retain; validate query ownership before structural action","Keyword hypothesis","Yes","P2","No volume, CPC, ranking or traffic estimate asserted"
"CONTENT","/บทความ/วิธีเช็กสเปกโน๊ตบุ๊คก่อนส่งประเมิน","Article","/บทความ","วิธีเช็กสเปกโน๊ตบุ๊คก่อนส่งประเมิน","content; informational","Informational","Awareness / consideration","Assisted conversion / trust","none explicit","CONTENT","none","วิธีเช็กสเปกโน๊ตบุ๊คก่อนส่งประเมิน | WINNER IT","วิธีเช็กสเปกโน๊ตบุ๊คก่อนส่งประเมิน","","low/unverified","3","26","Retain; validate query ownership before structural action","Keyword hypothesis","Yes","P2","No volume, CPC, ranking or traffic estimate asserted"
"CONTENT","/บทความ/สินค้าไอทีเปิดไม่ติดยังประเมินราคาได้อย่างไร","Article","/บทความ","สินค้าไอทีเปิดไม่ติดยังประเมินราคาได้อย่างไร","content; informational","Informational","Awareness / consideration","Assisted conversion / trust","none explicit","CONTENT","none","สินค้าไอทีเปิดไม่ติดยังประเมินราคาได้อย่างไร | WINNER IT","สินค้าไอทีเปิดไม่ติดยังประเมินราคาได้อย่างไร","/บทความ/วิธีถ่ายรูปสินค้าไอทีเพื่อให้ประเมินราคาได้เร็ว","low/unverified","3","24","Retain; validate query ownership before structural action","Keyword hypothesis","Yes","P2","No volume, CPC, ranking or traffic estimate asserted"
"CONTENT","/บทความ/ส่งโน๊ตบุ๊คหรือโทรศัพท์อย่างไรให้ปลอดภัย","Article","/บทความ","ส่งโน๊ตบุ๊คหรือโทรศัพท์อย่างไรให้ปลอดภัย","content; informational","Informational","Awareness / consideration","Assisted conversion / trust","none explicit","CONTENT","none","ส่งโน๊ตบุ๊คหรือโทรศัพท์อย่างไรให้ปลอดภัย | WINNER IT","ส่งโน๊ตบุ๊คหรือโทรศัพท์อย่างไรให้ปลอดภัย","","low/unverified","7","24","Retain; validate query ownership before structural action","Keyword hypothesis","Yes","P2","No volume, CPC, ranking or traffic estimate asserted"
"CONTENT","/บทความ/เช็กราคาสินค้าไอทีก่อนขายต้องดูอะไรบ้าง","Article","/บทความ","เช็กราคาสินค้าไอทีก่อนขายต้องดูอะไรบ้าง","content; informational","Informational","Awareness / consideration","Assisted conversion / trust","none explicit","CONTENT","none","เช็กราคาสินค้าไอทีก่อนขายต้องดูอะไรบ้าง | WINNER IT","เช็กราคาสินค้าไอทีก่อนขายต้องดูอะไรบ้าง","/บทความ","low/unverified","9","24","Retain; validate query ownership before structural action","Keyword hypothesis","Yes","P2","No volume, CPC, ranking or traffic estimate asserted"
"CONTENT","/บทความ/เตรียมโน๊ตบุ๊คก่อนขายอย่างไร","Article","/บทความ","เตรียมโน๊ตบุ๊คก่อนขายอย่างไร","content; informational","Informational","Awareness / consideration","Assisted conversion / trust","none explicit","CONTENT","none","เตรียมโน๊ตบุ๊คก่อนขายอย่างไร | WINNER IT","เตรียมโน๊ตบุ๊คก่อนขายอย่างไร","/บทความ/ขายอุปกรณ์ไอทีของบริษัทต้องเตรียมเอกสารอะไร","low/unverified","10","25","Retain; validate query ownership before structural action","Keyword hypothesis","Yes","P2","No volume, CPC, ranking or traffic estimate asserted"
"CONTENT","/บทความ","Article hub","/","บทความแนะนำก่อนขายสินค้าไอที","content; transactional","Transactional","Decision","Primary LINE/phone conversion","none explicit","CONTENT","none","บทความแนะนำก่อนขายสินค้าไอที | WINNER IT","บทความแนะนำก่อนขายสินค้าไอที","/บทความ/เช็กราคาสินค้าไอทีก่อนขายต้องดูอะไรบ้าง","low/unverified","88","36","Retain; validate query ownership before structural action","Keyword hypothesis","Yes","P2","No volume, CPC, ranking or traffic estimate asserted"
"SELLER-JOURNEY","/บริการรับซื้อถึงที่โคราช","Seller intent","/รับซื้อสินค้าไอที","บริการรับซื้อถึงที่ โคราช","seller journey; transactional","Transactional","Decision","Primary LINE/phone conversion","นครราชสีมา/โคราช","SELLER-JOURNEY","none","บริการรับซื้อถึงที่ โคราช นัดรับสินค้าไอที | WINNER IT","บริการรับซื้อถึงที่ โคราช","/วิธีขายสินค้า | /วิธีประเมินราคา | /ส่งสินค้าไอทีมาประเมิน","candidate","88","21","Retain; validate query ownership before structural action","Keyword hypothesis","Yes","P2","No volume, CPC, ranking or traffic estimate asserted"
"B2B","/บริษัทปิดกิจการขายอุปกรณ์ไอที","B2B/bulk","/รับซื้อสินค้าไอทียกล็อต","บริษัทปิดกิจการขายอุปกรณ์ไอที","b2b; transactional","Transactional","Decision","Primary LINE/phone conversion","none explicit","B2B","none","บริษัทปิดกิจการขายอุปกรณ์ไอที โคราช | WINNER IT","บริษัทปิดกิจการขายอุปกรณ์ไอที","/ขายอุปกรณ์ไอทียกสำนักงาน-โคราช | /รับซื้ออุปกรณ์สำนักงาน","candidate","1","21","Retain; validate query ownership before structural action","Keyword hypothesis","Yes","P2","No volume, CPC, ranking or traffic estimate asserted"
"LOCATION","/พื้นที่/ด่านขุนทด","Location","/พื้นที่/เมืองนครราชสีมา","รับซื้อไอทีอำเภอด่านขุนทด","location; local transactional","Local transactional","Decision","Primary LINE/phone conversion","นครราชสีมา/โคราช","LOCATION","none","รับซื้อไอทีด่านขุนทด อำเภอด่านขุนทด | WINNER IT","รับซื้อไอทีอำเภอด่านขุนทด","/พื้นที่/บัวใหญ่ | /พื้นที่/ปักธงชัย | /พื้นที่/ปากช่อง | /พื้นที่/พิมาย | /พื้นที่/มหาวิทยาลัยเทคโนโลยีสุรนารี | /พื้นที่/สีคิ้ว | /พื้นที่/สูงเนิน | /พื้นที่/เมืองนครราชสีมา | /พื้นที่/โชคชัย | /พื้นที่/โนนสูง","candidate","1","23","Retain; validate query ownership before structural action","Business evidence","Yes","P2","No volume, CPC, ranking or traffic estimate asserted"
"LOCATION","/พื้นที่/บัวใหญ่","Location","/พื้นที่/เมืองนครราชสีมา","รับซื้อไอทีอำเภอบัวใหญ่","location; local transactional","Local transactional","Decision","Primary LINE/phone conversion","นครราชสีมา/โคราช","LOCATION","none","รับซื้อไอทีบัวใหญ่ อำเภอบัวใหญ่ | WINNER IT","รับซื้อไอทีอำเภอบัวใหญ่","/พื้นที่/ด่านขุนทด | /พื้นที่/ปักธงชัย | /พื้นที่/ปากช่อง | /พื้นที่/พิมาย | /พื้นที่/มหาวิทยาลัยเทคโนโลยีสุรนารี | /พื้นที่/สีคิ้ว | /พื้นที่/สูงเนิน | /พื้นที่/เมืองนครราชสีมา | /พื้นที่/โชคชัย | /พื้นที่/โนนสูง","candidate","1","22","Retain; validate query ownership before structural action","Business evidence","Yes","P2","No volume, CPC, ranking or traffic estimate asserted"
"LOCATION","/พื้นที่/ปักธงชัย","Location","/พื้นที่/เมืองนครราชสีมา","รับซื้อไอทีอำเภอปักธงชัย","location; local transactional","Local transactional","Decision","Primary LINE/phone conversion","นครราชสีมา/โคราช","LOCATION","none","รับซื้อไอทีปักธงชัย อำเภอปักธงชัย | WINNER IT","รับซื้อไอทีอำเภอปักธงชัย","/พื้นที่/ด่านขุนทด | /พื้นที่/บัวใหญ่ | /พื้นที่/ปากช่อง | /พื้นที่/พิมาย | /พื้นที่/มหาวิทยาลัยเทคโนโลยีสุรนารี | /พื้นที่/สีคิ้ว | /พื้นที่/สูงเนิน | /พื้นที่/เมืองนครราชสีมา | /พื้นที่/โชคชัย | /พื้นที่/โนนสูง","candidate","1","23","Retain; validate query ownership before structural action","Business evidence","Yes","P2","No volume, CPC, ranking or traffic estimate asserted"
"LOCATION","/พื้นที่/ปากช่อง","Location","/พื้นที่/เมืองนครราชสีมา","รับซื้อไอทีอำเภอปากช่อง","location; local transactional","Local transactional","Decision","Primary LINE/phone conversion","นครราชสีมา/โคราช","LOCATION","none","รับซื้อไอทีปากช่อง อำเภอปากช่อง | WINNER IT","รับซื้อไอทีอำเภอปากช่อง","/พื้นที่/ด่านขุนทด | /พื้นที่/บัวใหญ่ | /พื้นที่/ปักธงชัย | /พื้นที่/พิมาย | /พื้นที่/มหาวิทยาลัยเทคโนโลยีสุรนารี | /พื้นที่/สีคิ้ว | /พื้นที่/สูงเนิน | /พื้นที่/เมืองนครราชสีมา | /พื้นที่/โชคชัย | /พื้นที่/โนนสูง","low/unverified","1","22","Retain; validate query ownership before structural action","Business evidence","Yes","P2","No volume, CPC, ranking or traffic estimate asserted"
"LOCATION","/พื้นที่/พิมาย","Location","/พื้นที่/เมืองนครราชสีมา","รับซื้อไอทีอำเภอพิมาย","location; local transactional","Local transactional","Decision","Primary LINE/phone conversion","นครราชสีมา/โคราช","LOCATION","none","รับซื้อไอทีพิมาย อำเภอพิมาย | WINNER IT","รับซื้อไอทีอำเภอพิมาย","/พื้นที่/ด่านขุนทด | /พื้นที่/บัวใหญ่ | /พื้นที่/ปักธงชัย | /พื้นที่/ปากช่อง | /พื้นที่/มหาวิทยาลัยเทคโนโลยีสุรนารี | /พื้นที่/สีคิ้ว | /พื้นที่/สูงเนิน | /พื้นที่/เมืองนครราชสีมา | /พื้นที่/โชคชัย | /พื้นที่/โนนสูง","candidate","1","22","Retain; validate query ownership before structural action","Business evidence","Yes","P2","No volume, CPC, ranking or traffic estimate asserted"
"LOCATION","/พื้นที่/มหาวิทยาลัยเทคโนโลยีสุรนารี","Location","/พื้นที่/เมืองนครราชสีมา","รับซื้อไอที มทส. มหาวิทยาลัยเทคโนโลยีสุรนารี","location; local transactional","Local transactional","Decision","Primary LINE/phone conversion","นครราชสีมา/โคราช","LOCATION","none","รับซื้อไอที มทส. มหาวิทยาลัยเทคโนโลยีสุรนารี | WINNER IT","รับซื้อไอที มทส. มหาวิทยาลัยเทคโนโลยีสุรนารี","/พื้นที่/ด่านขุนทด | /พื้นที่/บัวใหญ่ | /พื้นที่/ปักธงชัย | /พื้นที่/ปากช่อง | /พื้นที่/พิมาย | /พื้นที่/สีคิ้ว | /พื้นที่/สูงเนิน | /พื้นที่/เมืองนครราชสีมา | /พื้นที่/โชคชัย | /พื้นที่/โนนสูง","low/unverified","1","23","Retain; validate query ownership before structural action","Business evidence","Yes","P2","No volume, CPC, ranking or traffic estimate asserted"
"LOCATION","/พื้นที่/สีคิ้ว","Location","/พื้นที่/เมืองนครราชสีมา","รับซื้อไอทีอำเภอสีคิ้ว","location; local transactional","Local transactional","Decision","Primary LINE/phone conversion","นครราชสีมา/โคราช","LOCATION","none","รับซื้อไอทีสีคิ้ว อำเภอสีคิ้ว | WINNER IT","รับซื้อไอทีอำเภอสีคิ้ว","/พื้นที่/ด่านขุนทด | /พื้นที่/บัวใหญ่ | /พื้นที่/ปักธงชัย | /พื้นที่/ปากช่อง | /พื้นที่/พิมาย | /พื้นที่/มหาวิทยาลัยเทคโนโลยีสุรนารี | /พื้นที่/สูงเนิน | /พื้นที่/เมืองนครราชสีมา | /พื้นที่/โชคชัย | /พื้นที่/โนนสูง","candidate","1","23","Retain; validate query ownership before structural action","Business evidence","Yes","P2","No volume, CPC, ranking or traffic estimate asserted"
"LOCATION","/พื้นที่/สูงเนิน","Location","/พื้นที่/เมืองนครราชสีมา","รับซื้อไอทีอำเภอสูงเนิน","location; local transactional","Local transactional","Decision","Primary LINE/phone conversion","นครราชสีมา/โคราช","LOCATION","none","รับซื้อไอทีสูงเนิน อำเภอสูงเนิน | WINNER IT","รับซื้อไอทีอำเภอสูงเนิน","/พื้นที่/ด่านขุนทด | /พื้นที่/บัวใหญ่ | /พื้นที่/ปักธงชัย | /พื้นที่/ปากช่อง | /พื้นที่/พิมาย | /พื้นที่/มหาวิทยาลัยเทคโนโลยีสุรนารี | /พื้นที่/สีคิ้ว | /พื้นที่/เมืองนครราชสีมา | /พื้นที่/โชคชัย | /พื้นที่/โนนสูง","candidate","1","22","Retain; validate query ownership before structural action","Business evidence","Yes","P2","No volume, CPC, ranking or traffic estimate asserted"
"LOCATION","/พื้นที่/เมืองนครราชสีมา","Location","/พื้นที่/เมืองนครราชสีมา","รับซื้อไอทีเขตเมืองนครราชสีมา","location; local transactional","Local transactional","Decision","Primary LINE/phone conversion","นครราชสีมา/โคราช","LOCATION","none","รับซื้อไอทีเมืองนครราชสีมา | WINNER IT","รับซื้อไอทีเขตเมืองนครราชสีมา","/พื้นที่/ด่านขุนทด | /พื้นที่/บัวใหญ่ | /พื้นที่/ปักธงชัย | /พื้นที่/ปากช่อง | /พื้นที่/พิมาย | /พื้นที่/มหาวิทยาลัยเทคโนโลยีสุรนารี | /พื้นที่/สีคิ้ว | /พื้นที่/สูงเนิน | /พื้นที่/โชคชัย | /พื้นที่/โนนสูง","low/unverified","88","23","Retain; validate query ownership before structural action","Business evidence","Yes","P2","No volume, CPC, ranking or traffic estimate asserted"
"LOCATION","/พื้นที่/โชคชัย","Location","/พื้นที่/เมืองนครราชสีมา","รับซื้อไอทีอำเภอโชคชัย","location; local transactional","Local transactional","Decision","Primary LINE/phone conversion","นครราชสีมา/โคราช","LOCATION","none","รับซื้อไอทีโชคชัย อำเภอโชคชัย | WINNER IT","รับซื้อไอทีอำเภอโชคชัย","/พื้นที่/ด่านขุนทด | /พื้นที่/บัวใหญ่ | /พื้นที่/ปักธงชัย | /พื้นที่/ปากช่อง | /พื้นที่/พิมาย | /พื้นที่/มหาวิทยาลัยเทคโนโลยีสุรนารี | /พื้นที่/สีคิ้ว | /พื้นที่/สูงเนิน | /พื้นที่/เมืองนครราชสีมา | /พื้นที่/โนนสูง","low/unverified","1","22","Retain; validate query ownership before structural action","Business evidence","Yes","P2","No volume, CPC, ranking or traffic estimate asserted"
"LOCATION","/พื้นที่/โนนสูง","Location","/พื้นที่/เมืองนครราชสีมา","รับซื้อไอทีอำเภอโนนสูง","location; local transactional","Local transactional","Decision","Primary LINE/phone conversion","นครราชสีมา/โคราช","LOCATION","none","รับซื้อไอทีโนนสูง อำเภอโนนสูง | WINNER IT","รับซื้อไอทีอำเภอโนนสูง","/พื้นที่/ด่านขุนทด | /พื้นที่/บัวใหญ่ | /พื้นที่/ปักธงชัย | /พื้นที่/ปากช่อง | /พื้นที่/พิมาย | /พื้นที่/มหาวิทยาลัยเทคโนโลยีสุรนารี | /พื้นที่/สีคิ้ว | /พื้นที่/สูงเนิน | /พื้นที่/เมืองนครราชสีมา | /พื้นที่/โชคชัย","candidate","1","22","Retain; validate query ownership before structural action","Business evidence","Yes","P2","No volume, CPC, ranking or traffic estimate asserted"
"MOBILE-APPLE","/รับซื้อ-apple-watch-โคราช","Product category","/รับซื้อโทรศัพท์มือถือ-โคราช","รับซื้อ Apple Watch โคราช ประเมินผ่าน LINE นัดรับตามสะดวก","mobile apple; transactional","Transactional","Decision","Primary LINE/phone conversion","นครราชสีมา/โคราช","MOBILE-APPLE","none","รับซื้อ Apple Watch โคราช | ประเมินผ่าน LINE นัดรับตามสะดวก | WINNER IT","รับซื้อ Apple Watch โคราช ประเมินผ่าน LINE นัดรับตามสะดวก","/รับซื้อ-imac-mac-mini-โคราช | /รับซื้อ-ipad-โคราช | /รับซื้อ-iphone-โคราช | /รับซื้อ-macbook-โคราช | /รับซื้อแท็บเล็ต-โคราช | /รับซื้อโทรศัพท์-android-โคราช | /รับซื้อโทรศัพท์-oppo-โคราช | /รับซื้อโทรศัพท์-samsung-โคราช | /รับซื้อโทรศัพท์-vivo-โคราช | /รับซื้อโทรศัพท์-xiaomi-redmi-poco-โคราช | /รับซื้อโทรศัพท์จอแตก-โคราช | /รับซื้อโทรศัพท์มือถือ-โคราช","candidate","1","25","Retain; validate query ownership before structural action","Keyword hypothesis","Yes","P2","No volume, CPC, ranking or traffic estimate asserted"
"COMPUTER","/รับซื้อ-cpu-โคราช","Product category","/รับซื้อคอมพิวเตอร์-โคราช","รับซื้อ CPU โคราช","computer; transactional","Transactional","Decision","Primary LINE/phone conversion","นครราชสีมา/โคราช","COMPUTER","none","รับซื้อ CPU โคราช ประเมินซีพียู Intel และ AMD มือสอง | WINNER IT","รับซื้อ CPU โคราช","/รับซื้อ-server-network-โคราช | /รับซื้อ-ssd-hdd-โคราช | /รับซื้อการ์ดจอ-โคราช | /รับซื้อคอมตั้งโต๊ะ-โคราช | /รับซื้อคอมประกอบ-โคราช | /รับซื้อคอมเกมมิ่ง-โคราช | /รับซื้อคอมเก่า-โคราช | /รับซื้ออุปกรณ์คอมพิวเตอร์-โคราช | /รับซื้อเมนบอร์ด-โคราช | /รับซื้อเวิร์กสเตชัน-โคราช | /รับซื้อแรม-โคราช","candidate","1","21","Retain; validate query ownership before structural action","Keyword hypothesis","Yes","P2","No volume, CPC, ranking or traffic estimate asserted"
"MOBILE-APPLE","/รับซื้อ-imac-mac-mini-โคราช","Product category","/รับซื้อโทรศัพท์มือถือ-โคราช","รับซื้อ iMac และ Mac mini โคราช ประเมินผ่าน LINE","mobile apple; transactional","Transactional","Decision","Primary LINE/phone conversion","นครราชสีมา/โคราช","MOBILE-APPLE","none","รับซื้อ iMac และ Mac mini โคราช | ประเมินผ่าน LINE | WINNER IT","รับซื้อ iMac และ Mac mini โคราช ประเมินผ่าน LINE","/รับซื้อ-apple-watch-โคราช | /รับซื้อ-ipad-โคราช | /รับซื้อ-iphone-โคราช | /รับซื้อ-macbook-โคราช | /รับซื้อแท็บเล็ต-โคราช | /รับซื้อโทรศัพท์-android-โคราช | /รับซื้อโทรศัพท์-oppo-โคราช | /รับซื้อโทรศัพท์-samsung-โคราช | /รับซื้อโทรศัพท์-vivo-โคราช | /รับซื้อโทรศัพท์-xiaomi-redmi-poco-โคราช | /รับซื้อโทรศัพท์จอแตก-โคราช | /รับซื้อโทรศัพท์มือถือ-โคราช","candidate","2","26","Retain; validate query ownership before structural action","Keyword hypothesis","Yes","P2","No volume, CPC, ranking or traffic estimate asserted"
"MOBILE-APPLE","/รับซื้อ-ipad-โคราช","Product category","/รับซื้อโทรศัพท์มือถือ-โคราช","รับซื้อ iPad โคราช ประเมินผ่าน LINE นัดรับตามสะดวก","mobile apple; transactional","Transactional","Decision","Primary LINE/phone conversion","นครราชสีมา/โคราช","MOBILE-APPLE","none","รับซื้อ iPad โคราช | ประเมินผ่าน LINE นัดรับตามสะดวก | WINNER IT","รับซื้อ iPad โคราช ประเมินผ่าน LINE นัดรับตามสะดวก","/รับซื้อ-apple-watch-โคราช | /รับซื้อ-imac-mac-mini-โคราช | /รับซื้อ-iphone-โคราช | /รับซื้อ-macbook-โคราช | /รับซื้อแท็บเล็ต-โคราช | /รับซื้อโทรศัพท์-android-โคราช | /รับซื้อโทรศัพท์-oppo-โคราช | /รับซื้อโทรศัพท์-samsung-โคราช | /รับซื้อโทรศัพท์-vivo-โคราช | /รับซื้อโทรศัพท์-xiaomi-redmi-poco-โคราช | /รับซื้อโทรศัพท์จอแตก-โคราช | /รับซื้อโทรศัพท์มือถือ-โคราช","candidate","4","25","Retain; validate query ownership before structural action","Keyword hypothesis","Yes","P2","No volume, CPC, ranking or traffic estimate asserted"
"MOBILE-APPLE","/รับซื้อ-iphone-โคราช","Product category","/รับซื้อโทรศัพท์มือถือ-โคราช","รับซื้อ iPhone โคราช ประเมินผ่าน LINE นัดรับตามสะดวก","mobile apple; transactional","Transactional","Decision","Primary LINE/phone conversion","นครราชสีมา/โคราช","MOBILE-APPLE","none","รับซื้อ iPhone โคราช | ประเมินผ่าน LINE นัดรับตามสะดวก | WINNER IT","รับซื้อ iPhone โคราช ประเมินผ่าน LINE นัดรับตามสะดวก","/รับซื้อ-apple-watch-โคราช | /รับซื้อ-imac-mac-mini-โคราช | /รับซื้อ-ipad-โคราช | /รับซื้อ-macbook-โคราช | /รับซื้อแท็บเล็ต-โคราช | /รับซื้อโทรศัพท์-android-โคราช | /รับซื้อโทรศัพท์-oppo-โคราช | /รับซื้อโทรศัพท์-samsung-โคราช | /รับซื้อโทรศัพท์-vivo-โคราช | /รับซื้อโทรศัพท์-xiaomi-redmi-poco-โคราช | /รับซื้อโทรศัพท์จอแตก-โคราช | /รับซื้อโทรศัพท์มือถือ-โคราช","candidate","88","27","Retain; validate query ownership before structural action","Keyword hypothesis","Yes","P2","No volume, CPC, ranking or traffic estimate asserted"
"MOBILE-APPLE","/รับซื้อ-macbook-โคราช","Product category","/รับซื้อโทรศัพท์มือถือ-โคราช","รับซื้อ MacBook โคราช ประเมินผ่าน LINE นัดรับตามสะดวก","mobile apple; transactional","Transactional","Decision","Primary LINE/phone conversion","นครราชสีมา/โคราช","MOBILE-APPLE","none","รับซื้อ MacBook โคราช | ประเมินผ่าน LINE นัดรับตามสะดวก | WINNER IT","รับซื้อ MacBook โคราช ประเมินผ่าน LINE นัดรับตามสะดวก","/รับซื้อ-apple-watch-โคราช | /รับซื้อ-imac-mac-mini-โคราช | /รับซื้อ-ipad-โคราช | /รับซื้อ-iphone-โคราช | /รับซื้อแท็บเล็ต-โคราช | /รับซื้อโทรศัพท์-android-โคราช | /รับซื้อโทรศัพท์-oppo-โคราช | /รับซื้อโทรศัพท์-samsung-โคราช | /รับซื้อโทรศัพท์-vivo-โคราช | /รับซื้อโทรศัพท์-xiaomi-redmi-poco-โคราช | /รับซื้อโทรศัพท์จอแตก-โคราช | /รับซื้อโทรศัพท์มือถือ-โคราช","candidate","4","26","Retain; validate query ownership before structural action","Keyword hypothesis","Yes","P2","No volume, CPC, ranking or traffic estimate asserted"
"GAMING","/รับซื้อ-nintendo-switch-โคราช","Product category","/รับซื้อเครื่องเกม-โคราช","รับซื้อ Nintendo Switch โคราช","gaming; transactional","Transactional","Decision","Primary LINE/phone conversion","นครราชสีมา/โคราช","GAMING","none","รับซื้อ Nintendo Switch โคราช ประเมินเครื่องเกมมือสอง | WINNER IT","รับซื้อ Nintendo Switch โคราช","/รับซื้อ-playstation-โคราช | /รับซื้อเครื่องเกม-โคราช","candidate","1","21","Retain; validate query ownership before structural action","Keyword hypothesis","Yes","P2","No volume, CPC, ranking or traffic estimate asserted"
"GAMING","/รับซื้อ-playstation-โคราช","Product category","/รับซื้อเครื่องเกม-โคราช","รับซื้อ PlayStation โคราช","gaming; transactional","Transactional","Decision","Primary LINE/phone conversion","นครราชสีมา/โคราช","GAMING","none","รับซื้อ PlayStation โคราช PS5 PS4 มือสอง | WINNER IT","รับซื้อ PlayStation โคราช","/รับซื้อ-nintendo-switch-โคราช | /รับซื้อเครื่องเกม-โคราช","candidate","1","21","Retain; validate query ownership before structural action","Keyword hypothesis","Yes","P2","No volume, CPC, ranking or traffic estimate asserted"
"COMPUTER","/รับซื้อ-server-network-โคราช","Product category","/รับซื้อคอมพิวเตอร์-โคราช","รับซื้อ Server Network โคราช","computer; transactional","Transactional","Decision","Primary LINE/phone conversion","นครราชสีมา/โคราช","COMPUTER","none","รับซื้อ Server Network โคราช อุปกรณ์เครือข่ายมือสอง | WINNER IT","รับซื้อ Server Network โคราช","/รับซื้อ-cpu-โคราช | /รับซื้อ-ssd-hdd-โคราช | /รับซื้อการ์ดจอ-โคราช | /รับซื้อคอมเก่า-โคราช | /รับซื้ออุปกรณ์คอมพิวเตอร์-โคราช | /รับซื้อเมนบอร์ด-โคราช | /รับซื้อแรม-โคราช","candidate","1","21","Retain; validate query ownership before structural action","Keyword hypothesis","Yes","P2","No volume, CPC, ranking or traffic estimate asserted"
"COMPUTER","/รับซื้อ-ssd-hdd-โคราช","Product category","/รับซื้อคอมพิวเตอร์-โคราช","รับซื้อ SSD HDD โคราช","computer; transactional","Transactional","Decision","Primary LINE/phone conversion","นครราชสีมา/โคราช","COMPUTER","none","รับซื้อ SSD HDD โคราช ฮาร์ดดิสก์และ SSD มือสอง | WINNER IT","รับซื้อ SSD HDD โคราช","/รับซื้อ-cpu-โคราช | /รับซื้อ-server-network-โคราช | /รับซื้อการ์ดจอ-โคราช | /รับซื้อคอมพิวเตอร์-โคราช | /รับซื้อคอมเก่า-โคราช | /รับซื้ออุปกรณ์คอมพิวเตอร์-โคราช | /รับซื้อเมนบอร์ด-โคราช | /รับซื้อแรม-โคราช","candidate","1","21","Retain; validate query ownership before structural action","Keyword hypothesis","Yes","P2","No volume, CPC, ranking or traffic estimate asserted"
"CAMERA","/รับซื้อกล้อง-โคราช","Product category","/รับซื้อกล้อง-โคราช","รับซื้อกล้อง โคราช","camera; transactional","Transactional","Decision","Primary LINE/phone conversion","นครราชสีมา/โคราช","CAMERA","none","รับซื้อกล้อง โคราช กล้อง DSLR Mirrorless มือสอง | WINNER IT","รับซื้อกล้อง โคราช","/รับซื้อเลนส์กล้อง-โคราช","candidate","88","21","Retain; validate query ownership before structural action","Keyword hypothesis","Yes","P2","No volume, CPC, ranking or traffic estimate asserted"
"COMPUTER","/รับซื้อการ์ดจอ-โคราช","Product category","/รับซื้อคอมพิวเตอร์-โคราช","รับซื้อการ์ดจอ โคราช","computer; transactional","Transactional","Decision","Primary LINE/phone conversion","นครราชสีมา/โคราช","COMPUTER","none","รับซื้อการ์ดจอ โคราช ประเมิน GPU มือสองอย่างเป็นระบบ | WINNER IT","รับซื้อการ์ดจอ โคราช","/รับซื้อ-cpu-โคราช | /รับซื้อ-server-network-โคราช | /รับซื้อ-ssd-hdd-โคราช | /รับซื้อคอมประกอบ-โคราช | /รับซื้อคอมเกมมิ่ง-โคราช | /รับซื้ออุปกรณ์คอมพิวเตอร์-โคราช | /รับซื้อเมนบอร์ด-โคราช | /รับซื้อเวิร์กสเตชัน-โคราช | /รับซื้อแรม-โคราช","candidate","88","21","Retain; validate query ownership before structural action","Keyword hypothesis","Yes","P2","No volume, CPC, ranking or traffic estimate asserted"
"COMPUTER","/รับซื้อคอมตั้งโต๊ะ-โคราช","Product category","/รับซื้อคอมพิวเตอร์-โคราช","รับซื้อคอมตั้งโต๊ะ โคราช ประเมินผ่าน LINE","computer; transactional","Transactional","Decision","Primary LINE/phone conversion","นครราชสีมา/โคราช","COMPUTER","none","รับซื้อคอมตั้งโต๊ะ โคราช | Dell HP Lenovo ประเมินผ่าน LINE | WINNER IT","รับซื้อคอมตั้งโต๊ะ โคราช ประเมินผ่าน LINE","/รับซื้อ-cpu-โคราช | /รับซื้อคอมประกอบ-โคราช | /รับซื้อคอมพิวเตอร์-โคราช | /รับซื้อคอมเกมมิ่ง-โคราช | /รับซื้อคอมเก่า-โคราช | /รับซื้อเมนบอร์ด-โคราช | /รับซื้อเวิร์กสเตชัน-โคราช","candidate","7","26","Retain; validate query ownership before structural action","Keyword hypothesis","Yes","P2","No volume, CPC, ranking or traffic estimate asserted"
"B2B","/รับซื้อคอมบริษัท-โคราช","B2B/bulk","/รับซื้อสินค้าไอทียกล็อต","รับซื้อคอมบริษัท โคราช","b2b; transactional","Transactional","Decision","Primary LINE/phone conversion","นครราชสีมา/โคราช","B2B","none","รับซื้อคอมบริษัท โคราช รับซื้อ IT Asset องค์กร | WINNER IT","รับซื้อคอมบริษัท โคราช","/ขายคอมหลายเครื่อง-โคราช | /รับซื้อสินค้าไอทียกล็อต | /รับซื้ออุปกรณ์สำนักงาน","candidate","1","21","Retain; validate query ownership before structural action","Keyword hypothesis","Yes","P2","No volume, CPC, ranking or traffic estimate asserted"
"COMPUTER","/รับซื้อคอมประกอบ-โคราช","Product category","/รับซื้อคอมพิวเตอร์-โคราช","รับซื้อคอมประกอบ โคราช ตรวจสเปกจริง ประเมินผ่าน LINE","computer; transactional","Transactional","Decision","Primary LINE/phone conversion","นครราชสีมา/โคราช","COMPUTER","none","รับซื้อคอมประกอบ โคราช | ตรวจสเปกจริง ประเมินผ่าน LINE | WINNER IT","รับซื้อคอมประกอบ โคราช ตรวจสเปกจริง ประเมินผ่าน LINE","/รับซื้อ-cpu-โคราช | /รับซื้อการ์ดจอ-โคราช | /รับซื้อคอมตั้งโต๊ะ-โคราช | /รับซื้อคอมพิวเตอร์-โคราช | /รับซื้อคอมเกมมิ่ง-โคราช | /รับซื้อคอมเก่า-โคราช | /รับซื้ออุปกรณ์คอมพิวเตอร์-โคราช | /รับซื้อเมนบอร์ด-โคราช | /รับซื้อเวิร์กสเตชัน-โคราช","candidate","4","25","Retain; validate query ownership before structural action","Keyword hypothesis","Yes","P2","No volume, CPC, ranking or traffic estimate asserted"
"COMPUTER","/รับซื้อคอมพิวเตอร์-โคราช","Product category","/รับซื้อคอมพิวเตอร์-โคราช","รับซื้อคอมพิวเตอร์ โคราช ประเมินผ่าน LINE นัดรับตามสะดวก","computer; transactional","Transactional","Decision","Primary LINE/phone conversion","นครราชสีมา/โคราช","COMPUTER","none","รับซื้อคอมพิวเตอร์ โคราช | ตั้งโต๊ะ ประกอบ เกมมิ่ง | WINNER IT","รับซื้อคอมพิวเตอร์ โคราช ประเมินผ่าน LINE นัดรับตามสะดวก","/รับซื้อ-ssd-hdd-โคราช | /รับซื้อคอมตั้งโต๊ะ-โคราช | /รับซื้อคอมประกอบ-โคราช | /รับซื้อคอมเกมมิ่ง-โคราช | /รับซื้อคอมเก่า-โคราช | /รับซื้ออุปกรณ์คอมพิวเตอร์-โคราช | /รับซื้อแรม-โคราช","candidate","88","28","Retain; validate query ownership before structural action","Keyword hypothesis","Yes","P2","No volume, CPC, ranking or traffic estimate asserted"
"COMPUTER","/รับซื้อคอมเกมมิ่ง-โคราช","Product category","/รับซื้อคอมพิวเตอร์-โคราช","รับซื้อคอมเกมมิ่ง โคราช ตรวจการ์ดจอ ประเมินผ่าน LINE","computer; transactional","Transactional","Decision","Primary LINE/phone conversion","นครราชสีมา/โคราช","COMPUTER","none","รับซื้อคอมเกมมิ่ง โคราช | ตรวจการ์ดจอ ประเมินผ่าน LINE | WINNER IT","รับซื้อคอมเกมมิ่ง โคราช ตรวจการ์ดจอ ประเมินผ่าน LINE","/รับซื้อ-cpu-โคราช | /รับซื้อการ์ดจอ-โคราช | /รับซื้อคอมตั้งโต๊ะ-โคราช | /รับซื้อคอมประกอบ-โคราช | /รับซื้อคอมพิวเตอร์-โคราช | /รับซื้อคอมเก่า-โคราช | /รับซื้อเมนบอร์ด-โคราช | /รับซื้อเวิร์กสเตชัน-โคราช","candidate","4","26","Retain; validate query ownership before structural action","Keyword hypothesis","Yes","P2","No volume, CPC, ranking or traffic estimate asserted"
"COMPUTER","/รับซื้อคอมเก่า-โคราช","Product category","/รับซื้อคอมพิวเตอร์-โคราช","รับซื้อคอมเก่า โคราช","computer; transactional","Transactional","Decision","Primary LINE/phone conversion","นครราชสีมา/โคราช","COMPUTER","none","รับซื้อคอมเก่า โคราช คอมตั้งโต๊ะรุ่นเก่า | WINNER IT","รับซื้อคอมเก่า โคราช","/รับซื้อ-cpu-โคราช | /รับซื้อ-server-network-โคราช | /รับซื้อ-ssd-hdd-โคราช | /รับซื้อคอมตั้งโต๊ะ-โคราช | /รับซื้อคอมประกอบ-โคราช | /รับซื้อคอมพิวเตอร์-โคราช | /รับซื้อคอมเกมมิ่ง-โคราช | /รับซื้ออุปกรณ์คอมพิวเตอร์-โคราช | /รับซื้อเมนบอร์ด-โคราช | /รับซื้อแรม-โคราช","candidate","1","21","Retain; validate query ownership before structural action","Keyword hypothesis","Yes","P2","No volume, CPC, ranking or traffic estimate asserted"
"OTHER-PRODUCT","/รับซื้อจอมอนิเตอร์-โคราช","Product category","/รับซื้อสินค้าไอที","รับซื้อจอมอนิเตอร์ โคราช","other product; transactional","Transactional","Decision","Primary LINE/phone conversion","นครราชสีมา/โคราช","OTHER-PRODUCT","none","รับซื้อจอมอนิเตอร์ โคราช จอคอมและจอเกมมิ่งมือสอง | WINNER IT","รับซื้อจอมอนิเตอร์ โคราช","/รับซื้อลำโพง-โคราช | /รับซื้อสินค้าไอทีไม่มีอุปกรณ์-โคราช | /รับซื้อสินค้าไอทีไม่ได้ใช้งาน-โคราช | /รับซื้อหูฟัง-โคราช | /รับซื้อโน๊ตบุ๊คจอแตก-โคราช | /รับซื้อโน๊ตบุ๊คเกมมิ่ง-โคราช | /รับซื้อโน๊ตบุ๊คเปิดไม่ติด-โคราช","candidate","4","21","Retain; validate query ownership before structural action","Keyword hypothesis","Yes","P2","No volume, CPC, ranking or traffic estimate asserted"
"OTHER-PRODUCT","/รับซื้อลำโพง-โคราช","Product category","/รับซื้อสินค้าไอที","รับซื้อลำโพง โคราช","other product; transactional","Transactional","Decision","Primary LINE/phone conversion","นครราชสีมา/โคราช","OTHER-PRODUCT","none","รับซื้อลำโพง โคราช ลำโพงบluetooth และลำโพงมือสอง | WINNER IT","รับซื้อลำโพง โคราช","/รับซื้อจอมอนิเตอร์-โคราช | /รับซื้อสินค้าไอทีไม่มีอุปกรณ์-โคราช | /รับซื้อสินค้าไอทีไม่ได้ใช้งาน-โคราช | /รับซื้อหูฟัง-โคราช | /รับซื้อโน๊ตบุ๊คจอแตก-โคราช | /รับซื้อโน๊ตบุ๊คเปิดไม่ติด-โคราช","candidate","1","21","Retain; validate query ownership before structural action","Keyword hypothesis","Yes","P2","No volume, CPC, ranking or traffic estimate asserted"
"CORE-SERVICE","/รับซื้อสินค้าไอที","Main service hub","/","รับซื้อสินค้าไอที โคราช","core service; transactional","Transactional","Decision","Primary LINE/phone conversion","none explicit","CORE-SERVICE","none","รับซื้อสินค้าไอที โคราช บริการรับซื้อ IT ครบวงจร | WINNER IT","รับซื้อสินค้าไอที โคราช","","low/unverified","88","21","Retain; validate query ownership before structural action","Keyword hypothesis","Yes","P1","No volume, CPC, ranking or traffic estimate asserted"
"B2B","/รับซื้อสินค้าไอทียกล็อต","B2B/bulk","/รับซื้อสินค้าไอทียกล็อต","รับซื้อสินค้าไอทียกล็อต","b2b; transactional","Transactional","Decision","Primary LINE/phone conversion","none explicit","B2B","none","รับซื้อสินค้าไอทียกล็อต โคราช | WINNER IT","รับซื้อสินค้าไอทียกล็อต","/ขายคอมหลายเครื่อง-โคราช | /รับซื้อคอมบริษัท-โคราช | /รับซื้ออุปกรณ์สำนักงาน","candidate","88","21","Retain; validate query ownership before structural action","Keyword hypothesis","Yes","P2","No volume, CPC, ranking or traffic estimate asserted"
"OTHER-PRODUCT","/รับซื้อสินค้าไอทีไม่มีอุปกรณ์-โคราช","Product condition","/รับซื้อสินค้าไอที","รับซื้อสินค้าไอทีไม่มีอุปกรณ์ โคราช","other product; transactional","Transactional","Decision","Primary LINE/phone conversion","นครราชสีมา/โคราช","OTHER-PRODUCT","รับซื้อสินค้าไอทีไม่มีอุปกรณ์ โคราช","รับซื้อสินค้าไอทีไม่มีอุปกรณ์ โคราช | WINNER IT","รับซื้อสินค้าไอทีไม่มีอุปกรณ์ โคราช","/รับซื้อจอมอนิเตอร์-โคราช | /รับซื้อลำโพง-โคราช | /รับซื้อสินค้าไอทีไม่ได้ใช้งาน-โคราช | /รับซื้อหูฟัง-โคราช | /รับซื้อโน๊ตบุ๊ค-โคราช | /รับซื้อโน๊ตบุ๊คจอแตก-โคราช | /รับซื้อโน๊ตบุ๊คเกมมิ่ง-โคราช | /รับซื้อโน๊ตบุ๊คเปิดไม่ติด-โคราช | /รับซื้อโน๊ตบุ๊คเสีย-โคราช","candidate","1","21","Retain; validate query ownership before structural action","Keyword hypothesis","Yes","P2","No volume, CPC, ranking or traffic estimate asserted"
"OTHER-PRODUCT","/รับซื้อสินค้าไอทีไม่ได้ใช้งาน-โคราช","Product condition","/รับซื้อสินค้าไอที","รับซื้อสินค้าไอทีไม่ได้ใช้งาน โคราช","other product; transactional","Transactional","Decision","Primary LINE/phone conversion","นครราชสีมา/โคราช","OTHER-PRODUCT","รับซื้อสินค้าไอทีไม่ได้ใช้งาน โคราช","รับซื้อสินค้าไอทีไม่ได้ใช้งาน โคราช | WINNER IT","รับซื้อสินค้าไอทีไม่ได้ใช้งาน โคราช","/รับซื้อจอมอนิเตอร์-โคราช | /รับซื้อลำโพง-โคราช | /รับซื้อสินค้าไอทีไม่มีอุปกรณ์-โคราช | /รับซื้อโน๊ตบุ๊ค-โคราช | /รับซื้อโน๊ตบุ๊คจอแตก-โคราช | /รับซื้อโน๊ตบุ๊คเกมมิ่ง-โคราช | /รับซื้อโน๊ตบุ๊คเปิดไม่ติด-โคราช | /รับซื้อโน๊ตบุ๊คเสีย-โคราช","candidate","1","21","Retain; validate query ownership before structural action","Keyword hypothesis","Yes","P2","No volume, CPC, ranking or traffic estimate asserted"
"OTHER-PRODUCT","/รับซื้อหูฟัง-โคราช","Product category","/รับซื้อสินค้าไอที","รับซื้อหูฟัง โคราช","other product; transactional","Transactional","Decision","Primary LINE/phone conversion","นครราชสีมา/โคราช","OTHER-PRODUCT","none","รับซื้อหูฟัง โคราช หูฟังไร้สายและเกมมิ่งมือสอง | WINNER IT","รับซื้อหูฟัง โคราช","/รับซื้อจอมอนิเตอร์-โคราช | /รับซื้อลำโพง-โคราช | /รับซื้อสินค้าไอทีไม่มีอุปกรณ์-โคราช | /รับซื้อโน๊ตบุ๊คจอแตก-โคราช | /รับซื้อโน๊ตบุ๊คเกมมิ่ง-โคราช","candidate","1","21","Retain; validate query ownership before structural action","Keyword hypothesis","Yes","P2","No volume, CPC, ranking or traffic estimate asserted"
"OFFICE","/รับซื้ออุปกรณ์-pos-โคราช","Product category","/รับซื้อสินค้าไอที","รับซื้ออุปกรณ์ POS โคราช","office; transactional","Transactional","Decision","Primary LINE/phone conversion","นครราชสีมา/โคราช","OFFICE","none","รับซื้ออุปกรณ์ POS โคราช เครื่องรับเงินและระบบขาย | WINNER IT","รับซื้ออุปกรณ์ POS โคราช","/รับซื้อเครื่องปริ้น-โคราช","candidate","1","21","Retain; validate query ownership before structural action","Keyword hypothesis","Yes","P2","No volume, CPC, ranking or traffic estimate asserted"
"COMPUTER","/รับซื้ออุปกรณ์คอมพิวเตอร์-โคราช","Product category","/รับซื้อคอมพิวเตอร์-โคราช","รับซื้ออุปกรณ์คอมพิวเตอร์ โคราช","computer; transactional","Transactional","Decision","Primary LINE/phone conversion","นครราชสีมา/โคราช","COMPUTER","none","รับซื้ออุปกรณ์คอมพิวเตอร์ โคราช อุปกรณ์เสริมและพาร์ท | WINNER IT","รับซื้ออุปกรณ์คอมพิวเตอร์ โคราช","/รับซื้อ-cpu-โคราช | /รับซื้อ-server-network-โคราช | /รับซื้อ-ssd-hdd-โคราช | /รับซื้อการ์ดจอ-โคราช | /รับซื้อคอมประกอบ-โคราช | /รับซื้อคอมพิวเตอร์-โคราช | /รับซื้อคอมเก่า-โคราช | /รับซื้อเมนบอร์ด-โคราช | /รับซื้อเวิร์กสเตชัน-โคราช | /รับซื้อแรม-โคราช","candidate","1","21","Retain; validate query ownership before structural action","Keyword hypothesis","Yes","P2","No volume, CPC, ranking or traffic estimate asserted"
"B2B","/รับซื้ออุปกรณ์สำนักงาน","B2B/bulk","/รับซื้อสินค้าไอทียกล็อต","รับซื้ออุปกรณ์สำนักงาน","b2b; transactional","Transactional","Decision","Primary LINE/phone conversion","none explicit","B2B","none","รับซื้ออุปกรณ์สำนักงาน โคราช | WINNER IT","รับซื้ออุปกรณ์สำนักงาน","/ขายคอมหลายเครื่อง-โคราช | /ขายอุปกรณ์ไอทียกสำนักงาน-โคราช | /บริษัทปิดกิจการขายอุปกรณ์ไอที | /รับซื้อคอมบริษัท-โคราช | /รับซื้อสินค้าไอทียกล็อต","candidate","88","21","Retain; validate query ownership before structural action","Keyword hypothesis","Yes","P2","No volume, CPC, ranking or traffic estimate asserted"
"OFFICE","/รับซื้อเครื่องปริ้น-โคราช","Product category","/รับซื้อสินค้าไอที","รับซื้อเครื่องปริ้น โคราช","office; transactional","Transactional","Decision","Primary LINE/phone conversion","นครราชสีมา/โคราช","OFFICE","none","รับซื้อเครื่องปริ้น โคราช เครื่องพิมพ์สำนักงานมือสอง | WINNER IT","รับซื้อเครื่องปริ้น โคราช","/รับซื้ออุปกรณ์-pos-โคราช","candidate","1","21","Retain; validate query ownership before structural action","Keyword hypothesis","Yes","P2","No volume, CPC, ranking or traffic estimate asserted"
"GAMING","/รับซื้อเครื่องเกม-โคราช","Product category","/รับซื้อเครื่องเกม-โคราช","รับซื้อเครื่องเกม โคราช","gaming; transactional","Transactional","Decision","Primary LINE/phone conversion","นครราชสีมา/โคราช","GAMING","none","รับซื้อเครื่องเกม โคราช คอนโซลและอุปกรณ์เกมมิ่ง | WINNER IT","รับซื้อเครื่องเกม โคราช","/รับซื้อ-nintendo-switch-โคราช | /รับซื้อ-playstation-โคราช","candidate","88","21","Retain; validate query ownership before structural action","Keyword hypothesis","Yes","P2","No volume, CPC, ranking or traffic estimate asserted"
"COMPUTER","/รับซื้อเมนบอร์ด-โคราช","Product category","/รับซื้อคอมพิวเตอร์-โคราช","รับซื้อเมนบอร์ด โคราช","computer; transactional","Transactional","Decision","Primary LINE/phone conversion","นครราชสีมา/โคราช","COMPUTER","none","รับซื้อเมนบอร์ด โคราช ประเมิน Mainboard Intel AMD มือสอง | WINNER IT","รับซื้อเมนบอร์ด โคราช","/รับซื้อ-cpu-โคราช | /รับซื้อ-server-network-โคราช | /รับซื้อ-ssd-hdd-โคราช | /รับซื้อการ์ดจอ-โคราช | /รับซื้อคอมตั้งโต๊ะ-โคราช | /รับซื้อคอมประกอบ-โคราช | /รับซื้อคอมเกมมิ่ง-โคราช | /รับซื้อคอมเก่า-โคราช | /รับซื้ออุปกรณ์คอมพิวเตอร์-โคราช | /รับซื้อเวิร์กสเตชัน-โคราช | /รับซื้อแรม-โคราช","candidate","1","21","Retain; validate query ownership before structural action","Keyword hypothesis","Yes","P2","No volume, CPC, ranking or traffic estimate asserted"
"CAMERA","/รับซื้อเลนส์กล้อง-โคราช","Product category","/รับซื้อกล้อง-โคราช","รับซื้อเลนส์กล้อง โคราช","camera; transactional","Transactional","Decision","Primary LINE/phone conversion","นครราชสีมา/โคราช","CAMERA","none","รับซื้อเลนส์กล้อง โคราช เลนส์ Canon Sony Nikon มือสอง | WINNER IT","รับซื้อเลนส์กล้อง โคราช","/รับซื้อกล้อง-โคราช","candidate","1","21","Retain; validate query ownership before structural action","Keyword hypothesis","Yes","P2","No volume, CPC, ranking or traffic estimate asserted"
"COMPUTER","/รับซื้อเวิร์กสเตชัน-โคราช","Product category","/รับซื้อคอมพิวเตอร์-โคราช","รับซื้อเวิร์กสเตชัน โคราช งานกราฟิก ตัดต่อ ประเมินผ่าน LINE","computer; transactional","Transactional","Decision","Primary LINE/phone conversion","นครราชสีมา/โคราช","COMPUTER","none","รับซื้อเวิร์กสเตชัน โคราช | งานกราฟิก ตัดต่อ ประเมินผ่าน LINE | WINNER IT","รับซื้อเวิร์กสเตชัน โคราช งานกราฟิก ตัดต่อ ประเมินผ่าน LINE","/รับซื้อ-cpu-โคราช | /รับซื้อการ์ดจอ-โคราช | /รับซื้อคอมตั้งโต๊ะ-โคราช | /รับซื้อคอมประกอบ-โคราช | /รับซื้อคอมเกมมิ่ง-โคราช | /รับซื้ออุปกรณ์คอมพิวเตอร์-โคราช | /รับซื้อเมนบอร์ด-โคราช","candidate","2","26","Retain; validate query ownership before structural action","Keyword hypothesis","Yes","P2","No volume, CPC, ranking or traffic estimate asserted"
"MOBILE-APPLE","/รับซื้อแท็บเล็ต-โคราช","Product category","/รับซื้อโทรศัพท์มือถือ-โคราช","รับซื้อแท็บเล็ต โคราช ประเมินผ่าน LINE นัดรับตามสะดวก","mobile apple; transactional","Transactional","Decision","Primary LINE/phone conversion","นครราชสีมา/โคราช","MOBILE-APPLE","none","รับซื้อแท็บเล็ต โคราช | iPad Samsung ประเมินผ่าน LINE | WINNER IT","รับซื้อแท็บเล็ต โคราช ประเมินผ่าน LINE นัดรับตามสะดวก","/รับซื้อ-apple-watch-โคราช | /รับซื้อ-imac-mac-mini-โคราช | /รับซื้อ-ipad-โคราช | /รับซื้อ-iphone-โคราช | /รับซื้อ-macbook-โคราช | /รับซื้อโทรศัพท์-android-โคราช | /รับซื้อโทรศัพท์-oppo-โคราช | /รับซื้อโทรศัพท์-samsung-โคราช | /รับซื้อโทรศัพท์-vivo-โคราช | /รับซื้อโทรศัพท์-xiaomi-redmi-poco-โคราช | /รับซื้อโทรศัพท์จอแตก-โคราช | /รับซื้อโทรศัพท์มือถือ-โคราช","candidate","7","27","Retain; validate query ownership before structural action","Keyword hypothesis","Yes","P2","No volume, CPC, ranking or traffic estimate asserted"
"COMPUTER","/รับซื้อแรม-โคราช","Product category","/รับซื้อคอมพิวเตอร์-โคราช","รับซื้อแรม โคราช","computer; transactional","Transactional","Decision","Primary LINE/phone conversion","นครราชสีมา/โคราช","COMPUTER","none","รับซื้อแรม โคราช RAM DDR4 DDR5 มือสอง | WINNER IT","รับซื้อแรม โคราช","/รับซื้อ-cpu-โคราช | /รับซื้อ-server-network-โคราช | /รับซื้อ-ssd-hdd-โคราช | /รับซื้อการ์ดจอ-โคราช | /รับซื้อคอมพิวเตอร์-โคราช | /รับซื้อคอมเก่า-โคราช | /รับซื้ออุปกรณ์คอมพิวเตอร์-โคราช | /รับซื้อเมนบอร์ด-โคราช","candidate","1","21","Retain; validate query ownership before structural action","Keyword hypothesis","Yes","P2","No volume, CPC, ranking or traffic estimate asserted"
"MOBILE-APPLE","/รับซื้อโทรศัพท์-android-โคราช","Product category","/รับซื้อโทรศัพท์มือถือ-โคราช","รับซื้อโทรศัพท์ Android โคราช ประเมินผ่าน LINE","mobile apple; transactional","Transactional","Decision","Primary LINE/phone conversion","นครราชสีมา/โคราช","MOBILE-APPLE","none","รับซื้อโทรศัพท์ Android โคราช | ประเมินผ่าน LINE | WINNER IT","รับซื้อโทรศัพท์ Android โคราช ประเมินผ่าน LINE","/รับซื้อ-apple-watch-โคราช | /รับซื้อ-imac-mac-mini-โคราช | /รับซื้อ-ipad-โคราช | /รับซื้อ-iphone-โคราช | /รับซื้อ-macbook-โคราช | /รับซื้อแท็บเล็ต-โคราช | /รับซื้อโทรศัพท์-oppo-โคราช | /รับซื้อโทรศัพท์-samsung-โคราช | /รับซื้อโทรศัพท์-vivo-โคราช | /รับซื้อโทรศัพท์-xiaomi-redmi-poco-โคราช | /รับซื้อโทรศัพท์จอแตก-โคราช | /รับซื้อโทรศัพท์มือถือ-โคราช","candidate","5","28","Retain; validate query ownership before structural action","Keyword hypothesis","Yes","P2","No volume, CPC, ranking or traffic estimate asserted"
"MOBILE-APPLE","/รับซื้อโทรศัพท์-oppo-โคราช","Product category","/รับซื้อโทรศัพท์มือถือ-โคราช","รับซื้อโทรศัพท์ OPPO โคราช ประเมินผ่าน LINE","mobile apple; transactional","Transactional","Decision","Primary LINE/phone conversion","นครราชสีมา/โคราช","MOBILE-APPLE","none","รับซื้อโทรศัพท์ OPPO โคราช | ประเมินผ่าน LINE | WINNER IT","รับซื้อโทรศัพท์ OPPO โคราช ประเมินผ่าน LINE","/รับซื้อ-apple-watch-โคราช | /รับซื้อ-imac-mac-mini-โคราช | /รับซื้อ-ipad-โคราช | /รับซื้อ-iphone-โคราช | /รับซื้อ-macbook-โคราช | /รับซื้อแท็บเล็ต-โคราช | /รับซื้อโทรศัพท์-android-โคราช | /รับซื้อโทรศัพท์-samsung-โคราช | /รับซื้อโทรศัพท์-vivo-โคราช | /รับซื้อโทรศัพท์-xiaomi-redmi-poco-โคราช | /รับซื้อโทรศัพท์จอแตก-โคราช | /รับซื้อโทรศัพท์มือถือ-โคราช","candidate","3","28","Retain; validate query ownership before structural action","Keyword hypothesis","Yes","P2","No volume, CPC, ranking or traffic estimate asserted"
"MOBILE-APPLE","/รับซื้อโทรศัพท์-samsung-โคราช","Product category","/รับซื้อโทรศัพท์มือถือ-โคราช","รับซื้อโทรศัพท์ Samsung โคราช ประเมินผ่าน LINE","mobile apple; transactional","Transactional","Decision","Primary LINE/phone conversion","นครราชสีมา/โคราช","MOBILE-APPLE","none","รับซื้อโทรศัพท์ Samsung โคราช | Galaxy ประเมินผ่าน LINE | WINNER IT","รับซื้อโทรศัพท์ Samsung โคราช ประเมินผ่าน LINE","/รับซื้อ-apple-watch-โคราช | /รับซื้อ-imac-mac-mini-โคราช | /รับซื้อ-ipad-โคราช | /รับซื้อ-iphone-โคราช | /รับซื้อ-macbook-โคราช | /รับซื้อแท็บเล็ต-โคราช | /รับซื้อโทรศัพท์-android-โคราช | /รับซื้อโทรศัพท์-oppo-โคราช | /รับซื้อโทรศัพท์-vivo-โคราช | /รับซื้อโทรศัพท์-xiaomi-redmi-poco-โคราช | /รับซื้อโทรศัพท์จอแตก-โคราช | /รับซื้อโทรศัพท์มือถือ-โคราช","candidate","3","27","Retain; validate query ownership before structural action","Keyword hypothesis","Yes","P2","No volume, CPC, ranking or traffic estimate asserted"
"MOBILE-APPLE","/รับซื้อโทรศัพท์-vivo-โคราช","Product category","/รับซื้อโทรศัพท์มือถือ-โคราช","รับซื้อโทรศัพท์ vivo โคราช ประเมินผ่าน LINE","mobile apple; transactional","Transactional","Decision","Primary LINE/phone conversion","นครราชสีมา/โคราช","MOBILE-APPLE","none","รับซื้อโทรศัพท์ vivo โคราช | ประเมินผ่าน LINE | WINNER IT","รับซื้อโทรศัพท์ vivo โคราช ประเมินผ่าน LINE","/รับซื้อ-apple-watch-โคราช | /รับซื้อ-imac-mac-mini-โคราช | /รับซื้อ-ipad-โคราช | /รับซื้อ-iphone-โคราช | /รับซื้อ-macbook-โคราช | /รับซื้อแท็บเล็ต-โคราช | /รับซื้อโทรศัพท์-android-โคราช | /รับซื้อโทรศัพท์-oppo-โคราช | /รับซื้อโทรศัพท์-samsung-โคราช | /รับซื้อโทรศัพท์-xiaomi-redmi-poco-โคราช | /รับซื้อโทรศัพท์จอแตก-โคราช | /รับซื้อโทรศัพท์มือถือ-โคราช","candidate","1","28","Retain; validate query ownership before structural action","Keyword hypothesis","Yes","P2","No volume, CPC, ranking or traffic estimate asserted"
"MOBILE-APPLE","/รับซื้อโทรศัพท์-xiaomi-redmi-poco-โคราช","Product category","/รับซื้อโทรศัพท์มือถือ-โคราช","รับซื้อโทรศัพท์ Xiaomi Redmi POCO โคราช ประเมินผ่าน LINE","mobile apple; transactional","Transactional","Decision","Primary LINE/phone conversion","นครราชสีมา/โคราช","MOBILE-APPLE","none","รับซื้อโทรศัพท์ Xiaomi Redmi POCO โคราช | ประเมินผ่าน LINE | WINNER IT","รับซื้อโทรศัพท์ Xiaomi Redmi POCO โคราช ประเมินผ่าน LINE","/รับซื้อ-apple-watch-โคราช | /รับซื้อ-imac-mac-mini-โคราช | /รับซื้อ-ipad-โคราช | /รับซื้อ-iphone-โคราช | /รับซื้อ-macbook-โคราช | /รับซื้อแท็บเล็ต-โคราช | /รับซื้อโทรศัพท์-android-โคราช | /รับซื้อโทรศัพท์-oppo-โคราช | /รับซื้อโทรศัพท์-samsung-โคราช | /รับซื้อโทรศัพท์-vivo-โคราช | /รับซื้อโทรศัพท์จอแตก-โคราช | /รับซื้อโทรศัพท์มือถือ-โคราช","candidate","1","28","Retain; validate query ownership before structural action","Keyword hypothesis","Yes","P2","No volume, CPC, ranking or traffic estimate asserted"
"MOBILE-APPLE","/รับซื้อโทรศัพท์จอแตก-โคราช","Product condition","/รับซื้อโทรศัพท์มือถือ-โคราช","รับซื้อโทรศัพท์จอแตก โคราช","mobile apple; transactional","Transactional","Decision","Primary LINE/phone conversion","นครราชสีมา/โคราช","MOBILE-APPLE","รับซื้อโทรศัพท์จอแตก โคราช","รับซื้อโทรศัพท์จอแตก โคราช | WINNER IT","รับซื้อโทรศัพท์จอแตก โคราช","/รับซื้อ-apple-watch-โคราช | /รับซื้อ-imac-mac-mini-โคราช | /รับซื้อ-ipad-โคราช | /รับซื้อ-iphone-โคราช | /รับซื้อ-macbook-โคราช | /รับซื้อแท็บเล็ต-โคราช | /รับซื้อโทรศัพท์-android-โคราช | /รับซื้อโทรศัพท์-oppo-โคราช | /รับซื้อโทรศัพท์-samsung-โคราช | /รับซื้อโทรศัพท์-vivo-โคราช | /รับซื้อโทรศัพท์-xiaomi-redmi-poco-โคราช | /รับซื้อโทรศัพท์มือถือ-โคราช","low/unverified","7","21","Retain; validate query ownership before structural action","Keyword hypothesis","Yes","P2","No volume, CPC, ranking or traffic estimate asserted"
"MOBILE-APPLE","/รับซื้อโทรศัพท์มือถือ-โคราช","Product category","/รับซื้อโทรศัพท์มือถือ-โคราช","รับซื้อโทรศัพท์มือถือ โคราช ประเมินผ่าน LINE นัดรับตามสะดวก","mobile apple; transactional","Transactional","Decision","Primary LINE/phone conversion","นครราชสีมา/โคราช","MOBILE-APPLE","none","รับซื้อโทรศัพท์มือถือ โคราช | ทุกยี่ห้อ ประเมินผ่าน LINE | WINNER IT","รับซื้อโทรศัพท์มือถือ โคราช ประเมินผ่าน LINE นัดรับตามสะดวก","/รับซื้อ-apple-watch-โคราช | /รับซื้อ-imac-mac-mini-โคราช | /รับซื้อ-ipad-โคราช | /รับซื้อ-iphone-โคราช | /รับซื้อ-macbook-โคราช | /รับซื้อแท็บเล็ต-โคราช | /รับซื้อโทรศัพท์-android-โคราช | /รับซื้อโทรศัพท์-oppo-โคราช | /รับซื้อโทรศัพท์-samsung-โคราช | /รับซื้อโทรศัพท์-vivo-โคราช | /รับซื้อโทรศัพท์-xiaomi-redmi-poco-โคราช | /รับซื้อโทรศัพท์จอแตก-โคราช","candidate","9","28","Retain; validate query ownership before structural action","Keyword hypothesis","Yes","P2","No volume, CPC, ranking or traffic estimate asserted"
"OTHER-PRODUCT","/รับซื้อโน๊ตบุ๊ค-โคราช","Product category","/รับซื้อสินค้าไอที","รับซื้อโน๊ตบุ๊ค โคราช ประเมินผ่าน LINE นัดรับตามสะดวก","other product; transactional","Transactional","Decision","Primary LINE/phone conversion","นครราชสีมา/โคราช","OTHER-PRODUCT","none","รับซื้อโน๊ตบุ๊ค โคราช | ทุกยี่ห้อ ประเมินผ่าน LINE | WINNER IT","รับซื้อโน๊ตบุ๊ค โคราช ประเมินผ่าน LINE นัดรับตามสะดวก","/รับซื้อสินค้าไอทีไม่มีอุปกรณ์-โคราช | /รับซื้อสินค้าไอทีไม่ได้ใช้งาน-โคราช | /รับซื้อโน๊ตบุ๊คจอแตก-โคราช | /รับซื้อโน๊ตบุ๊คเกมมิ่ง-โคราช | /รับซื้อโน๊ตบุ๊คเปิดไม่ติด-โคราช | /รับซื้อโน๊ตบุ๊คเสีย-โคราช","candidate","88","26","Retain; validate query ownership before structural action","Keyword hypothesis","Yes","P2","No volume, CPC, ranking or traffic estimate asserted"
"OTHER-PRODUCT","/รับซื้อโน๊ตบุ๊คจอแตก-โคราช","Product condition","/รับซื้อสินค้าไอที","รับซื้อโน๊ตบุ๊คจอแตก โคราช","other product; transactional","Transactional","Decision","Primary LINE/phone conversion","นครราชสีมา/โคราช","OTHER-PRODUCT","รับซื้อโน๊ตบุ๊คจอแตก โคราช","รับซื้อโน๊ตบุ๊คจอแตก โคราช | WINNER IT","รับซื้อโน๊ตบุ๊คจอแตก โคราช","/รับซื้อจอมอนิเตอร์-โคราช | /รับซื้อลำโพง-โคราช | /รับซื้อสินค้าไอทีไม่มีอุปกรณ์-โคราช | /รับซื้อสินค้าไอทีไม่ได้ใช้งาน-โคราช | /รับซื้อหูฟัง-โคราช | /รับซื้อโน๊ตบุ๊ค-โคราช | /รับซื้อโน๊ตบุ๊คเกมมิ่ง-โคราช | /รับซื้อโน๊ตบุ๊คเปิดไม่ติด-โคราช | /รับซื้อโน๊ตบุ๊คเสีย-โคราช","candidate","1","21","Retain; validate query ownership before structural action","Keyword hypothesis","Yes","P2","No volume, CPC, ranking or traffic estimate asserted"
"OTHER-PRODUCT","/รับซื้อโน๊ตบุ๊คเกมมิ่ง-โคราช","Product category","/รับซื้อสินค้าไอที","รับซื้อโน๊ตบุ๊คเกมมิ่ง โคราช ประเมินผ่าน LINE","other product; transactional","Transactional","Decision","Primary LINE/phone conversion","นครราชสีมา/โคราช","OTHER-PRODUCT","none","รับซื้อโน๊ตบุ๊คเกมมิ่ง โคราช | ประเมินผ่าน LINE | WINNER IT","รับซื้อโน๊ตบุ๊คเกมมิ่ง โคราช ประเมินผ่าน LINE","/รับซื้อจอมอนิเตอร์-โคราช | /รับซื้อสินค้าไอทีไม่มีอุปกรณ์-โคราช | /รับซื้อสินค้าไอทีไม่ได้ใช้งาน-โคราช | /รับซื้อหูฟัง-โคราช | /รับซื้อโน๊ตบุ๊ค-โคราช | /รับซื้อโน๊ตบุ๊คจอแตก-โคราช | /รับซื้อโน๊ตบุ๊คเปิดไม่ติด-โคราช | /รับซื้อโน๊ตบุ๊คเสีย-โคราช","candidate","4","25","Retain; validate query ownership before structural action","Keyword hypothesis","Yes","P2","No volume, CPC, ranking or traffic estimate asserted"
"OTHER-PRODUCT","/รับซื้อโน๊ตบุ๊คเปิดไม่ติด-โคราช","Product condition","/รับซื้อสินค้าไอที","รับซื้อโน๊ตบุ๊คเปิดไม่ติด โคราช","other product; transactional","Transactional","Decision","Primary LINE/phone conversion","นครราชสีมา/โคราช","OTHER-PRODUCT","รับซื้อโน๊ตบุ๊คเปิดไม่ติด โคราช","รับซื้อโน๊ตบุ๊คเปิดไม่ติด โคราช | WINNER IT","รับซื้อโน๊ตบุ๊คเปิดไม่ติด โคราช","/รับซื้อจอมอนิเตอร์-โคราช | /รับซื้อลำโพง-โคราช | /รับซื้อสินค้าไอทีไม่มีอุปกรณ์-โคราช | /รับซื้อสินค้าไอทีไม่ได้ใช้งาน-โคราช | /รับซื้อโน๊ตบุ๊ค-โคราช | /รับซื้อโน๊ตบุ๊คจอแตก-โคราช | /รับซื้อโน๊ตบุ๊คเกมมิ่ง-โคราช | /รับซื้อโน๊ตบุ๊คเสีย-โคราช","candidate","1","21","Retain; validate query ownership before structural action","Keyword hypothesis","Yes","P2","No volume, CPC, ranking or traffic estimate asserted"
"OTHER-PRODUCT","/รับซื้อโน๊ตบุ๊คเสีย-โคราช","Product condition","/รับซื้อสินค้าไอที","รับซื้อโน๊ตบุ๊คเสีย โคราช","other product; transactional","Transactional","Decision","Primary LINE/phone conversion","นครราชสีมา/โคราช","OTHER-PRODUCT","รับซื้อโน๊ตบุ๊คเสีย โคราช","รับซื้อโน๊ตบุ๊คเสีย โคราช ประเมินโน๊ตบุ๊คอาการเสีย | WINNER IT","รับซื้อโน๊ตบุ๊คเสีย โคราช","/รับซื้อสินค้าไอทีไม่มีอุปกรณ์-โคราช | /รับซื้อสินค้าไอทีไม่ได้ใช้งาน-โคราช | /รับซื้อโน๊ตบุ๊ค-โคราช | /รับซื้อโน๊ตบุ๊คจอแตก-โคราช | /รับซื้อโน๊ตบุ๊คเกมมิ่ง-โคราช | /รับซื้อโน๊ตบุ๊คเปิดไม่ติด-โคราช","candidate","1","21","Retain; validate query ownership before structural action","Keyword hypothesis","Yes","P2","No volume, CPC, ranking or traffic estimate asserted"
"SELLER-JOURNEY","/วิธีขายสินค้า","Seller intent","/รับซื้อสินค้าไอที","วิธีขายสินค้าไอที","seller journey; transactional","Transactional","Decision","Primary LINE/phone conversion","none explicit","SELLER-JOURNEY","none","วิธีขายสินค้าไอที โคราช ขั้นตอนขายกับ WINNER IT","วิธีขายสินค้าไอที","/บริการรับซื้อถึงที่โคราช | /วิธีประเมินราคา | /ส่งสินค้าไอทีมาประเมิน","candidate","88","21","Retain; validate query ownership before structural action","Keyword hypothesis","Yes","P2","No volume, CPC, ranking or traffic estimate asserted"
"SELLER-JOURNEY","/วิธีประเมินราคา","Seller intent","/รับซื้อสินค้าไอที","วิธีประเมินราคาสินค้าไอที","seller journey; transactional","Transactional","Decision","Primary LINE/phone conversion","none explicit","SELLER-JOURNEY","none","วิธีประเมินราคาสินค้าไอที โคราช | WINNER IT","วิธีประเมินราคาสินค้าไอที","/บริการรับซื้อถึงที่โคราช | /วิธีขายสินค้า | /ส่งสินค้าไอทีมาประเมิน","candidate","20","21","Retain; validate query ownership before structural action","Keyword hypothesis","Yes","P2","No volume, CPC, ranking or traffic estimate asserted"
"SELLER-JOURNEY","/ส่งสินค้าไอทีมาประเมิน","Seller intent","/รับซื้อสินค้าไอที","ส่งสินค้าไอทีมาประเมิน","seller journey; transactional","Transactional","Decision","Primary LINE/phone conversion","none explicit","SELLER-JOURNEY","none","ส่งสินค้าไอทีมาประเมิน โคราช | WINNER IT","ส่งสินค้าไอทีมาประเมิน","/บริการรับซื้อถึงที่โคราช | /วิธีขายสินค้า | /วิธีประเมินราคา","candidate","88","21","Retain; validate query ownership before structural action","Keyword hypothesis","Yes","P2","No volume, CPC, ranking or traffic estimate asserted"
"TRUST-ABOUT","/เกี่ยวกับเรา","About","/","เกี่ยวกับ WINNER IT","trust about; trust","Trust","Trust","Assisted conversion / trust","none explicit","TRUST-ABOUT","none","เกี่ยวกับเรา | WINNER IT","เกี่ยวกับ WINNER IT","","low/unverified","88","21","Retain; validate query ownership before structural action","Source evidence","No","P2","No volume, CPC, ranking or traffic estimate asserted"
