"Cluster","URL A","URL B","Candidate Type","Intent Relationship","Title similarity","H1 similarity","Raw Body Similarity","Boilerplate-adjusted Similarity","FAQ Similarity","Shared Product Entity","Shared Condition Entity","Shared Geographic Entity","Same Parent Hub","Internal anchor conflict","Query Evidence Available","Decision Eligible","Review Priority","Risk","Recommended winner","Recommended action","Requires GSC","Reason","Validation method"
"CORE-LOCAL/CORE-SERVICE","/","/รับซื้อสินค้าไอที","Parent-child overlap","parent-child","0.636","0.667","0.576","0.471","0.467","none","none","none","No","not detected","No","No","P2 review","not structurally actionable","Requires GSC query ownership","Monitor only; no merge, redirect, canonical or noindex action in Batch 1.2","Yes","raw=0.576; adjusted=0.471; relationship=parent-child","28+ days GSC query/page data plus operational and conversion evidence"
"MOBILE-APPLE","/รับซื้อโทรศัพท์-android-โคราช","/รับซื้อโทรศัพท์มือถือ-โคราช","Parent-child overlap","parent-child","0.783","0.7","0.915","0.675","0.87","โทรศัพท์","none","โคราช","Yes","shared contextual targets","No","No","P2 review","not structurally actionable","Requires GSC query ownership","Monitor only; no merge, redirect, canonical or noindex action in Batch 1.2","Yes","raw=0.915; adjusted=0.675; relationship=parent-child","28+ days GSC query/page data plus operational and conversion evidence"
"MOBILE-APPLE","/รับซื้อ-ipad-โคราช","/รับซื้อแท็บเล็ต-โคราช","Internal-link overlap","sibling-distinct","0.783","0.9","0.882","0.637","0.92","ipad","none","โคราช","Yes","shared contextual targets","No","No","P3 monitor","not structurally actionable","Requires GSC query ownership","Monitor only; no merge, redirect, canonical or noindex action in Batch 1.2","Yes","raw=0.882; adjusted=0.637; relationship=sibling-distinct","28+ days GSC query/page data plus operational and conversion evidence"
"OTHER-PRODUCT","/รับซื้อโน๊ตบุ๊ค-โคราช","/รับซื้อโน๊ตบุ๊คเกมมิ่ง-โคราช","Potential cannibalization","sibling-distinct","0.833","0.762","0.873","0.659","0.903","โน๊ตบุ๊ค","none","โคราช","Yes","shared contextual targets","No","No","P1 review","requires GSC","Requires GSC query ownership","Monitor only; no merge, redirect, canonical or noindex action in Batch 1.2","Yes","raw=0.873; adjusted=0.659; relationship=sibling-distinct","28+ days GSC query/page data plus operational and conversion evidence"
"B2B","/ขายคอมหลายเครื่อง-โคราช","/รับซื้อคอมบริษัท-โคราช","Low relevance similarity","sibling-distinct","0.6","0.4","0.949","0.704","0.654","none","none","โคราช","Yes","not detected","No","No","P3 monitor","not structurally actionable","Requires GSC query ownership","Monitor only; no merge, redirect, canonical or noindex action in Batch 1.2","Yes","raw=0.949; adjusted=0.704; relationship=sibling-distinct","28+ days GSC query/page data plus operational and conversion evidence"
"B2B","/ขายอุปกรณ์ไอทียกสำนักงาน-โคราช","/บริษัทปิดกิจการขายอุปกรณ์ไอที","Low relevance similarity","sibling-distinct","0.706","0.5","0.98","0.861","0.462","none","none","none","Yes","not detected","No","No","P3 monitor","not structurally actionable","Requires GSC query ownership","Monitor only; no merge, redirect, canonical or noindex action in Batch 1.2","Yes","raw=0.98; adjusted=0.861; relationship=sibling-distinct","28+ days GSC query/page data plus operational and conversion evidence"
"CAMERA","/รับซื้อกล้อง-โคราช","/รับซื้อเลนส์กล้อง-โคราช","Parent-child overlap","parent-child","0.727","0.889","0.911","0.631","0.842","กล้อง","none","โคราช","Yes","not detected","No","No","P2 review","not structurally actionable","Requires GSC query ownership","Monitor only; no merge, redirect, canonical or noindex action in Batch 1.2","Yes","raw=0.911; adjusted=0.631; relationship=parent-child","28+ days GSC query/page data plus operational and conversion evidence"
"GAMING","/รับซื้อ-playstation-โคราช","/รับซื้อเครื่องเกม-โคราช","Parent-child overlap","parent-child","0.5","0.667","0.937","0.807","0.941","none","none","โคราช","Yes","not detected","No","No","P2 review","not structurally actionable","Requires GSC query ownership","Monitor only; no merge, redirect, canonical or noindex action in Batch 1.2","Yes","raw=0.937; adjusted=0.807; relationship=parent-child","28+ days GSC query/page data plus operational and conversion evidence"
"GAMING","/รับซื้อ-nintendo-switch-โคราช","/รับซื้อเครื่องเกม-โคราช","Parent-child overlap","parent-child","0.636","0.6","0.945","0.824","0.923","none","none","โคราช","Yes","not detected","No","No","P2 review","not structurally actionable","Requires GSC query ownership","Monitor only; no merge, redirect, canonical or noindex action in Batch 1.2","Yes","raw=0.945; adjusted=0.824; relationship=parent-child","28+ days GSC query/page data plus operational and conversion evidence"
"TRUST-FAQ/CORE-SERVICE","/คำถามที่พบบ่อย","/รับซื้อสินค้าไอที","Low relevance similarity","sibling-distinct","0.267","0","0.38","0.085","0.375","none","none","none","Yes","not detected","No","No","P3 monitor","not structurally actionable","Requires GSC query ownership","Monitor only; no merge, redirect, canonical or noindex action in Batch 1.2","Yes","raw=0.38; adjusted=0.085; relationship=sibling-distinct","28+ days GSC query/page data plus operational and conversion evidence"
"SELLER-JOURNEY/LOCATION","/บริการรับซื้อถึงที่โคราช","/พื้นที่/ปากช่อง","Low relevance similarity","location-service","0.588","0.4","0.45","0.347","0.416","none","none","none","No","not detected","No","No","P3 monitor","not structurally actionable","Requires GSC query ownership","Monitor only; no merge, redirect, canonical or noindex action in Batch 1.2","Yes","raw=0.45; adjusted=0.347; relationship=location-service","28+ days GSC query/page data plus operational and conversion evidence"
"MOBILE-APPLE","/รับซื้อ-iphone-โคราช","/รับซื้อโทรศัพท์มือถือ-โคราช","Parent-child overlap","parent-child","0.64","0.818","0.872","0.651","0.835","none","none","โคราช","Yes","shared contextual targets","No","No","P2 review","not structurally actionable","Requires GSC query ownership","Monitor only; no merge, redirect, canonical or noindex action in Batch 1.2","Yes","raw=0.872; adjusted=0.651; relationship=parent-child","28+ days GSC query/page data plus operational and conversion evidence"
"MOBILE-APPLE","/รับซื้อ-ipad-โคราช","/รับซื้อโทรศัพท์มือถือ-โคราช","Parent-child overlap","parent-child","0.64","0.818","0.842","0.522","0.854","none","none","โคราช","Yes","shared contextual targets","No","No","P2 review","not structurally actionable","Requires GSC query ownership","Monitor only; no merge, redirect, canonical or noindex action in Batch 1.2","Yes","raw=0.842; adjusted=0.522; relationship=parent-child","28+ days GSC query/page data plus operational and conversion evidence"
"MOBILE-APPLE","/รับซื้อ-macbook-โคราช","/รับซื้อโทรศัพท์มือถือ-โคราช","Parent-child overlap","parent-child","0.64","0.818","0.816","0.522","0.835","none","none","โคราช","Yes","shared contextual targets","No","No","P2 review","not structurally actionable","Requires GSC query ownership","Monitor only; no merge, redirect, canonical or noindex action in Batch 1.2","Yes","raw=0.816; adjusted=0.522; relationship=parent-child","28+ days GSC query/page data plus operational and conversion evidence"
"MOBILE-APPLE","/รับซื้อ-imac-mac-mini-โคราช","/รับซื้อโทรศัพท์มือถือ-โคราช","Parent-child overlap","parent-child","0.667","0.571","0.83","0.498","0.835","none","none","โคราช","Yes","shared contextual targets","No","No","P2 review","not structurally actionable","Requires GSC query ownership","Monitor only; no merge, redirect, canonical or noindex action in Batch 1.2","Yes","raw=0.83; adjusted=0.498; relationship=parent-child","28+ days GSC query/page data plus operational and conversion evidence"
"MOBILE-APPLE","/รับซื้อ-apple-watch-โคราช","/รับซื้อโทรศัพท์มือถือ-โคราช","Parent-child overlap","parent-child","0.615","0.783","0.879","0.609","0.826","none","none","โคราช","Yes","shared contextual targets","No","No","P2 review","not structurally actionable","Requires GSC query ownership","Monitor only; no merge, redirect, canonical or noindex action in Batch 1.2","Yes","raw=0.879; adjusted=0.609; relationship=parent-child","28+ days GSC query/page data plus operational and conversion evidence"
"COMPUTER","/รับซื้อคอมตั้งโต๊ะ-โคราช","/รับซื้อคอมพิวเตอร์-โคราช","Parent-child overlap","parent-child","0.56","0.632","0.922","0.704","0.897","none","none","โคราช","Yes","shared contextual targets","No","No","P2 review","not structurally actionable","Requires GSC query ownership","Monitor only; no merge, redirect, canonical or noindex action in Batch 1.2","Yes","raw=0.922; adjusted=0.704; relationship=parent-child","28+ days GSC query/page data plus operational and conversion evidence"
"COMPUTER","/รับซื้อคอมประกอบ-โคราช","/รับซื้อคอมพิวเตอร์-โคราช","Parent-child overlap","parent-child","0.5","0.571","0.92","0.695","0.835","none","none","โคราช","Yes","shared contextual targets","No","No","P2 review","not structurally actionable","Requires GSC query ownership","Monitor only; no merge, redirect, canonical or noindex action in Batch 1.2","Yes","raw=0.92; adjusted=0.695; relationship=parent-child","28+ days GSC query/page data plus operational and conversion evidence"
"COMPUTER","/รับซื้อคอมพิวเตอร์-โคราช","/รับซื้อคอมเกมมิ่ง-โคราช","Parent-child overlap","parent-child","0.56","0.545","0.903","0.656","0.83","none","none","โคราช","Yes","shared contextual targets","No","No","P2 review","not structurally actionable","Requires GSC query ownership","Monitor only; no merge, redirect, canonical or noindex action in Batch 1.2","Yes","raw=0.903; adjusted=0.656; relationship=parent-child","28+ days GSC query/page data plus operational and conversion evidence"
"COMPUTER","/รับซื้อคอมพิวเตอร์-โคราช","/รับซื้อคอมเก่า-โคราช","Parent-child overlap","parent-child","0.667","0.4","0.733","0.351","0.435","none","none","โคราช","Yes","not detected","No","No","P2 review","not structurally actionable","Requires GSC query ownership","Monitor only; no merge, redirect, canonical or noindex action in Batch 1.2","Yes","raw=0.733; adjusted=0.351; relationship=parent-child","28+ days GSC query/page data plus operational and conversion evidence"
"B2B/COMPUTER","/รับซื้อคอมบริษัท-โคราช","/รับซื้อคอมพิวเตอร์-โคราช","Template similarity","template-only","0.5","0.4","0.722","0.335","0.338","none","none","โคราช","No","not detected","No","No","P3 monitor","not structurally actionable","Requires GSC query ownership","Monitor only; no merge, redirect, canonical or noindex action in Batch 1.2","Yes","raw=0.722; adjusted=0.335; relationship=template-only","28+ days GSC query/page data plus operational and conversion evidence"
"MOBILE-APPLE","/รับซื้อโทรศัพท์-android-โคราช","/รับซื้อโทรศัพท์-samsung-โคราช","Internal-link overlap","sibling-distinct","0.857","0.875","0.892","0.641","0.848","โทรศัพท์","none","โคราช","Yes","shared contextual targets","No","No","P3 monitor","not structurally actionable","Requires GSC query ownership","Monitor only; no merge, redirect, canonical or noindex action in Batch 1.2","Yes","raw=0.892; adjusted=0.641; relationship=sibling-distinct","28+ days GSC query/page data plus operational and conversion evidence"
"MOBILE-APPLE","/รับซื้อโทรศัพท์-android-โคราช","/รับซื้อโทรศัพท์-oppo-โคราช","Potential cannibalization","sibling-distinct","0.9","0.875","0.919","0.723","0.857","โทรศัพท์","none","โคราช","Yes","shared contextual targets","No","No","P1 review","requires GSC","Requires GSC query ownership","Monitor only; no merge, redirect, canonical or noindex action in Batch 1.2","Yes","raw=0.919; adjusted=0.723; relationship=sibling-distinct","28+ days GSC query/page data plus operational and conversion evidence"
"MOBILE-APPLE","/รับซื้อโทรศัพท์-android-โคราช","/รับซื้อโทรศัพท์-vivo-โคราช","Potential cannibalization","sibling-distinct","0.9","0.875","0.924","0.755","0.867","โทรศัพท์","none","โคราช","Yes","shared contextual targets","No","No","P1 review","requires GSC","Requires GSC query ownership","Monitor only; no merge, redirect, canonical or noindex action in Batch 1.2","Yes","raw=0.924; adjusted=0.755; relationship=sibling-distinct","28+ days GSC query/page data plus operational and conversion evidence"
"MOBILE-APPLE","/รับซื้อโทรศัพท์-android-โคราช","/รับซื้อโทรศัพท์-xiaomi-redmi-poco-โคราช","Potential cannibalization","sibling-distinct","0.818","0.778","0.923","0.757","0.83","โทรศัพท์","none","โคราช","Yes","shared contextual targets","No","No","P1 review","requires GSC","Requires GSC query ownership","Monitor only; no merge, redirect, canonical or noindex action in Batch 1.2","Yes","raw=0.923; adjusted=0.757; relationship=sibling-distinct","28+ days GSC query/page data plus operational and conversion evidence"
"LOCATION","/พื้นที่/ด่านขุนทด","/พื้นที่/บัวใหญ่","Location template similarity","template-only","0.857","0.8","0.617","0.511","0.707","none","none","Nakhon Ratchasima; distinct areas","Yes","shared contextual targets","No","No","P3 monitor","not structurally actionable","Requires GSC query ownership","Monitor only; no merge, redirect, canonical or noindex action in Batch 1.2","Yes","raw=0.617; adjusted=0.511; relationship=template-only","28+ days GSC query/page data plus operational and conversion evidence"
"LOCATION","/พื้นที่/ด่านขุนทด","/พื้นที่/ปักธงชัย","Location template similarity","template-only","0.857","0.8","0.643","0.58","0.716","none","none","Nakhon Ratchasima; distinct areas","Yes","shared contextual targets","No","No","P3 monitor","not structurally actionable","Requires GSC query ownership","Monitor only; no merge, redirect, canonical or noindex action in Batch 1.2","Yes","raw=0.643; adjusted=0.58; relationship=template-only","28+ days GSC query/page data plus operational and conversion evidence"
"LOCATION","/พื้นที่/ด่านขุนทด","/พื้นที่/ปากช่อง","Location template similarity","template-only","0.857","0.8","0.59","0.477","0.622","none","none","Nakhon Ratchasima; distinct areas","Yes","shared contextual targets","No","No","P3 monitor","not structurally actionable","Requires GSC query ownership","Monitor only; no merge, redirect, canonical or noindex action in Batch 1.2","Yes","raw=0.59; adjusted=0.477; relationship=template-only","28+ days GSC query/page data plus operational and conversion evidence"
"LOCATION","/พื้นที่/ด่านขุนทด","/พื้นที่/พิมาย","Location template similarity","template-only","0.857","0.8","0.703","0.642","0.795","none","none","Nakhon Ratchasima; distinct areas","Yes","shared contextual targets","No","No","P3 monitor","not structurally actionable","Requires GSC query ownership","Monitor only; no merge, redirect, canonical or noindex action in Batch 1.2","Yes","raw=0.703; adjusted=0.642; relationship=template-only","28+ days GSC query/page data plus operational and conversion evidence"
"LOCATION","/พื้นที่/ด่านขุนทด","/พื้นที่/มหาวิทยาลัยเทคโนโลยีสุรนารี","Location template similarity","template-only","0.588","0.462","0.663","0.57","0.682","none","none","Nakhon Ratchasima; distinct areas","Yes","shared contextual targets","No","No","P3 monitor","not structurally actionable","Requires GSC query ownership","Monitor only; no merge, redirect, canonical or noindex action in Batch 1.2","Yes","raw=0.663; adjusted=0.57; relationship=template-only","28+ days GSC query/page data plus operational and conversion evidence"
"LOCATION","/พื้นที่/ด่านขุนทด","/พื้นที่/สีคิ้ว","Location template similarity","template-only","0.857","0.8","0.573","0.457","0.565","none","none","Nakhon Ratchasima; distinct areas","Yes","shared contextual targets","No","No","P3 monitor","not structurally actionable","Requires GSC query ownership","Monitor only; no merge, redirect, canonical or noindex action in Batch 1.2","Yes","raw=0.573; adjusted=0.457; relationship=template-only","28+ days GSC query/page data plus operational and conversion evidence"
"LOCATION","/พื้นที่/ด่านขุนทด","/พื้นที่/สูงเนิน","Location template similarity","template-only","0.857","0.8","0.724","0.623","0.716","none","none","Nakhon Ratchasima; distinct areas","Yes","shared contextual targets","No","No","P3 monitor","not structurally actionable","Requires GSC query ownership","Monitor only; no merge, redirect, canonical or noindex action in Batch 1.2","Yes","raw=0.724; adjusted=0.623; relationship=template-only","28+ days GSC query/page data plus operational and conversion evidence"
"LOCATION","/พื้นที่/ด่านขุนทด","/พื้นที่/เมืองนครราชสีมา","Location template similarity","template-only","0.714","0.545","0.543","0.453","0.575","none","none","Nakhon Ratchasima; distinct areas","Yes","shared contextual targets","No","No","P3 monitor","not structurally actionable","Requires GSC query ownership","Monitor only; no merge, redirect, canonical or noindex action in Batch 1.2","Yes","raw=0.543; adjusted=0.453; relationship=template-only","28+ days GSC query/page data plus operational and conversion evidence"
"LOCATION","/พื้นที่/ด่านขุนทด","/พื้นที่/โชคชัย","Location template similarity","template-only","0.857","0.8","0.738","0.68","0.81","none","none","Nakhon Ratchasima; distinct areas","Yes","shared contextual targets","No","No","P3 monitor","not structurally actionable","Requires GSC query ownership","Monitor only; no merge, redirect, canonical or noindex action in Batch 1.2","Yes","raw=0.738; adjusted=0.68; relationship=template-only","28+ days GSC query/page data plus operational and conversion evidence"
"LOCATION","/พื้นที่/ด่านขุนทด","/พื้นที่/โนนสูง","Location template similarity","template-only","0.857","0.8","0.844","0.842","0.779","none","none","Nakhon Ratchasima; distinct areas","Yes","shared contextual targets","No","No","P3 monitor","not structurally actionable","Requires GSC query ownership","Monitor only; no merge, redirect, canonical or noindex action in Batch 1.2","Yes","raw=0.844; adjusted=0.842; relationship=template-only","28+ days GSC query/page data plus operational and conversion evidence"
"LOCATION","/พื้นที่/บัวใหญ่","/พื้นที่/ปักธงชัย","Location template similarity","template-only","0.857","0.8","0.591","0.51","0.723","none","none","Nakhon Ratchasima; distinct areas","Yes","shared contextual targets","No","No","P3 monitor","not structurally actionable","Requires GSC query ownership","Monitor only; no merge, redirect, canonical or noindex action in Batch 1.2","Yes","raw=0.591; adjusted=0.51; relationship=template-only","28+ days GSC query/page data plus operational and conversion evidence"
"LOCATION","/พื้นที่/บัวใหญ่","/พื้นที่/ปากช่อง","Location template similarity","template-only","0.857","0.8","0.572","0.509","0.674","none","none","Nakhon Ratchasima; distinct areas","Yes","shared contextual targets","No","No","P3 monitor","not structurally actionable","Requires GSC query ownership","Monitor only; no merge, redirect, canonical or noindex action in Batch 1.2","Yes","raw=0.572; adjusted=0.509; relationship=template-only","28+ days GSC query/page data plus operational and conversion evidence"
"LOCATION","/พื้นที่/บัวใหญ่","/พื้นที่/พิมาย","Location template similarity","template-only","0.857","0.8","0.608","0.512","0.659","none","none","Nakhon Ratchasima; distinct areas","Yes","shared contextual targets","No","No","P3 monitor","not structurally actionable","Requires GSC query ownership","Monitor only; no merge, redirect, canonical or noindex action in Batch 1.2","Yes","raw=0.608; adjusted=0.512; relationship=template-only","28+ days GSC query/page data plus operational and conversion evidence"
"LOCATION","/พื้นที่/บัวใหญ่","/พื้นที่/มหาวิทยาลัยเทคโนโลยีสุรนารี","Location template similarity","template-only","0.588","0.462","0.558","0.448","0.667","none","none","Nakhon Ratchasima; distinct areas","Yes","shared contextual targets","No","No","P3 monitor","not structurally actionable","Requires GSC query ownership","Monitor only; no merge, redirect, canonical or noindex action in Batch 1.2","Yes","raw=0.558; adjusted=0.448; relationship=template-only","28+ days GSC query/page data plus operational and conversion evidence"
"LOCATION","/พื้นที่/บัวใหญ่","/พื้นที่/สีคิ้ว","Location template similarity","template-only","0.857","0.8","0.803","0.751","0.736","none","none","Nakhon Ratchasima; distinct areas","Yes","shared contextual targets","No","No","P3 monitor","not structurally actionable","Requires GSC query ownership","Monitor only; no merge, redirect, canonical or noindex action in Batch 1.2","Yes","raw=0.803; adjusted=0.751; relationship=template-only","28+ days GSC query/page data plus operational and conversion evidence"
"LOCATION","/พื้นที่/บัวใหญ่","/พื้นที่/สูงเนิน","Location template similarity","template-only","0.857","0.8","0.589","0.506","0.723","none","none","Nakhon Ratchasima; distinct areas","Yes","shared contextual targets","No","No","P3 monitor","not structurally actionable","Requires GSC query ownership","Monitor only; no merge, redirect, canonical or noindex action in Batch 1.2","Yes","raw=0.589; adjusted=0.506; relationship=template-only","28+ days GSC query/page data plus operational and conversion evidence"
"LOCATION","/พื้นที่/บัวใหญ่","/พื้นที่/เมืองนครราชสีมา","Location template similarity","template-only","0.714","0.545","0.503","0.43","0.562","none","none","Nakhon Ratchasima; distinct areas","Yes","shared contextual targets","No","No","P3 monitor","not structurally actionable","Requires GSC query ownership","Monitor only; no merge, redirect, canonical or noindex action in Batch 1.2","Yes","raw=0.503; adjusted=0.43; relationship=template-only","28+ days GSC query/page data plus operational and conversion evidence"
"LOCATION","/พื้นที่/บัวใหญ่","/พื้นที่/โชคชัย","Location template similarity","template-only","0.857","0.8","0.682","0.638","0.691","none","none","Nakhon Ratchasima; distinct areas","Yes","shared contextual targets","No","No","P3 monitor","not structurally actionable","Requires GSC query ownership","Monitor only; no merge, redirect, canonical or noindex action in Batch 1.2","Yes","raw=0.682; adjusted=0.638; relationship=template-only","28+ days GSC query/page data plus operational and conversion evidence"
"LOCATION","/พื้นที่/บัวใหญ่","/พื้นที่/โนนสูง","Location template similarity","template-only","0.857","0.8","0.639","0.534","0.759","none","none","Nakhon Ratchasima; distinct areas","Yes","shared contextual targets","No","No","P3 monitor","not structurally actionable","Requires GSC query ownership","Monitor only; no merge, redirect, canonical or noindex action in Batch 1.2","Yes","raw=0.639; adjusted=0.534; relationship=template-only","28+ days GSC query/page data plus operational and conversion evidence"
"LOCATION","/พื้นที่/ปักธงชัย","/พื้นที่/ปากช่อง","Location template similarity","template-only","0.857","0.8","0.568","0.513","0.659","none","none","Nakhon Ratchasima; distinct areas","Yes","shared contextual targets","No","No","P3 monitor","not structurally actionable","Requires GSC query ownership","Monitor only; no merge, redirect, canonical or noindex action in Batch 1.2","Yes","raw=0.568; adjusted=0.513; relationship=template-only","28+ days GSC query/page data plus operational and conversion evidence"
"LOCATION","/พื้นที่/ปักธงชัย","/พื้นที่/พิมาย","Location template similarity","template-only","0.857","0.8","0.76","0.705","0.786","none","none","Nakhon Ratchasima; distinct areas","Yes","shared contextual targets","No","No","P3 monitor","not structurally actionable","Requires GSC query ownership","Monitor only; no merge, redirect, canonical or noindex action in Batch 1.2","Yes","raw=0.76; adjusted=0.705; relationship=template-only","28+ days GSC query/page data plus operational and conversion evidence"
"LOCATION","/พื้นที่/ปักธงชัย","/พื้นที่/มหาวิทยาลัยเทคโนโลยีสุรนารี","Location template similarity","template-only","0.588","0.462","0.56","0.492","0.651","none","none","Nakhon Ratchasima; distinct areas","Yes","shared contextual targets","No","No","P3 monitor","not structurally actionable","Requires GSC query ownership","Monitor only; no merge, redirect, canonical or noindex action in Batch 1.2","Yes","raw=0.56; adjusted=0.492; relationship=template-only","28+ days GSC query/page data plus operational and conversion evidence"
"LOCATION","/พื้นที่/ปักธงชัย","/พื้นที่/สีคิ้ว","Location template similarity","template-only","0.857","0.8","0.575","0.504","0.535","none","none","Nakhon Ratchasima; distinct areas","Yes","shared contextual targets","No","No","P3 monitor","not structurally actionable","Requires GSC query ownership","Monitor only; no merge, redirect, canonical or noindex action in Batch 1.2","Yes","raw=0.575; adjusted=0.504; relationship=template-only","28+ days GSC query/page data plus operational and conversion evidence"
"LOCATION","/พื้นที่/ปักธงชัย","/พื้นที่/สูงเนิน","Location template similarity","template-only","0.857","0.8","0.606","0.533","0.732","none","none","Nakhon Ratchasima; distinct areas","Yes","shared contextual targets","No","No","P3 monitor","not structurally actionable","Requires GSC query ownership","Monitor only; no merge, redirect, canonical or noindex action in Batch 1.2","Yes","raw=0.606; adjusted=0.533; relationship=template-only","28+ days GSC query/page data plus operational and conversion evidence"
"LOCATION","/พื้นที่/ปักธงชัย","/พื้นที่/เมืองนครราชสีมา","Location template similarity","template-only","0.714","0.545","0.529","0.464","0.614","none","none","Nakhon Ratchasima; distinct areas","Yes","shared contextual targets","No","No","P3 monitor","not structurally actionable","Requires GSC query ownership","Monitor only; no merge, redirect, canonical or noindex action in Batch 1.2","Yes","raw=0.529; adjusted=0.464; relationship=template-only","28+ days GSC query/page data plus operational and conversion evidence"
"LOCATION","/พื้นที่/ปักธงชัย","/พื้นที่/โชคชัย","Location template similarity","template-only","0.857","0.8","0.648","0.604","0.625","none","none","Nakhon Ratchasima; distinct areas","Yes","shared contextual targets","No","No","P3 monitor","not structurally actionable","Requires GSC query ownership","Monitor only; no merge, redirect, canonical or noindex action in Batch 1.2","Yes","raw=0.648; adjusted=0.604; relationship=template-only","28+ days GSC query/page data plus operational and conversion evidence"
"LOCATION","/พื้นที่/ปักธงชัย","/พื้นที่/โนนสูง","Location template similarity","template-only","0.857","0.8","0.615","0.536","0.744","none","none","Nakhon Ratchasima; distinct areas","Yes","shared contextual targets","No","No","P3 monitor","not structurally actionable","Requires GSC query ownership","Monitor only; no merge, redirect, canonical or noindex action in Batch 1.2","Yes","raw=0.615; adjusted=0.536; relationship=template-only","28+ days GSC query/page data plus operational and conversion evidence"
"LOCATION","/พื้นที่/ปากช่อง","/พื้นที่/พิมาย","Location template similarity","template-only","0.857","0.8","0.598","0.526","0.667","none","none","Nakhon Ratchasima; distinct areas","Yes","shared contextual targets","No","No","P3 monitor","not structurally actionable","Requires GSC query ownership","Monitor only; no merge, redirect, canonical or noindex action in Batch 1.2","Yes","raw=0.598; adjusted=0.526; relationship=template-only","28+ days GSC query/page data plus operational and conversion evidence"
"LOCATION","/พื้นที่/ปากช่อง","/พื้นที่/มหาวิทยาลัยเทคโนโลยีสุรนารี","Location template similarity","template-only","0.588","0.462","0.631","0.563","0.674","none","none","Nakhon Ratchasima; distinct areas","Yes","shared contextual targets","No","No","P3 monitor","not structurally actionable","Requires GSC query ownership","Monitor only; no merge, redirect, canonical or noindex action in Batch 1.2","Yes","raw=0.631; adjusted=0.563; relationship=template-only","28+ days GSC query/page data plus operational and conversion evidence"
"LOCATION","/พื้นที่/ปากช่อง","/พื้นที่/สีคิ้ว","Location template similarity","template-only","0.857","0.8","0.614","0.568","0.568","none","none","Nakhon Ratchasima; distinct areas","Yes","shared contextual targets","No","No","P3 monitor","not structurally actionable","Requires GSC query ownership","Monitor only; no merge, redirect, canonical or noindex action in Batch 1.2","Yes","raw=0.614; adjusted=0.568; relationship=template-only","28+ days GSC query/page data plus operational and conversion evidence"
"LOCATION","/พื้นที่/ปากช่อง","/พื้นที่/สูงเนิน","Location template similarity","template-only","0.857","0.8","0.677","0.618","0.681","none","none","Nakhon Ratchasima; distinct areas","Yes","shared contextual targets","No","No","P3 monitor","not structurally actionable","Requires GSC query ownership","Monitor only; no merge, redirect, canonical or noindex action in Batch 1.2","Yes","raw=0.677; adjusted=0.618; relationship=template-only","28+ days GSC query/page data plus operational and conversion evidence"
"LOCATION","/พื้นที่/ปากช่อง","/พื้นที่/เมืองนครราชสีมา","Location template similarity","template-only","0.714","0.545","0.646","0.602","0.515","none","none","Nakhon Ratchasima; distinct areas","Yes","shared contextual targets","No","No","P3 monitor","not structurally actionable","Requires GSC query ownership","Monitor only; no merge, redirect, canonical or noindex action in Batch 1.2","Yes","raw=0.646; adjusted=0.602; relationship=template-only","28+ days GSC query/page data plus operational and conversion evidence"
"LOCATION","/พื้นที่/ปากช่อง","/พื้นที่/โชคชัย","Location template similarity","template-only","0.857","0.8","0.606","0.539","0.584","none","none","Nakhon Ratchasima; distinct areas","Yes","shared contextual targets","No","No","P3 monitor","not structurally actionable","Requires GSC query ownership","Monitor only; no merge, redirect, canonical or noindex action in Batch 1.2","Yes","raw=0.606; adjusted=0.539; relationship=template-only","28+ days GSC query/page data plus operational and conversion evidence"
"LOCATION","/พื้นที่/ปากช่อง","/พื้นที่/โนนสูง","Location template similarity","template-only","0.857","0.8","0.598","0.519","0.713","none","none","Nakhon Ratchasima; distinct areas","Yes","shared contextual targets","No","No","P3 monitor","not structurally actionable","Requires GSC query ownership","Monitor only; no merge, redirect, canonical or noindex action in Batch 1.2","Yes","raw=0.598; adjusted=0.519; relationship=template-only","28+ days GSC query/page data plus operational and conversion evidence"
"LOCATION","/พื้นที่/พิมาย","/พื้นที่/มหาวิทยาลัยเทคโนโลยีสุรนารี","Location template similarity","template-only","0.588","0.462","0.582","0.491","0.636","none","none","Nakhon Ratchasima; distinct areas","Yes","shared contextual targets","No","No","P3 monitor","not structurally actionable","Requires GSC query ownership","Monitor only; no merge, redirect, canonical or noindex action in Batch 1.2","Yes","raw=0.582; adjusted=0.491; relationship=template-only","28+ days GSC query/page data plus operational and conversion evidence"
"LOCATION","/พื้นที่/พิมาย","/พื้นที่/สีคิ้ว","Location template similarity","template-only","0.857","0.8","0.582","0.486","0.523","none","none","Nakhon Ratchasima; distinct areas","Yes","shared contextual targets","No","No","P3 monitor","not structurally actionable","Requires GSC query ownership","Monitor only; no merge, redirect, canonical or noindex action in Batch 1.2","Yes","raw=0.582; adjusted=0.486; relationship=template-only","28+ days GSC query/page data plus operational and conversion evidence"
"LOCATION","/พื้นที่/พิมาย","/พื้นที่/สูงเนิน","Location template similarity","template-only","0.857","0.8","0.631","0.55","0.643","none","none","Nakhon Ratchasima; distinct areas","Yes","shared contextual targets","No","No","P3 monitor","not structurally actionable","Requires GSC query ownership","Monitor only; no merge, redirect, canonical or noindex action in Batch 1.2","Yes","raw=0.631; adjusted=0.55; relationship=template-only","28+ days GSC query/page data plus operational and conversion evidence"
"LOCATION","/พื้นที่/พิมาย","/พื้นที่/เมืองนครราชสีมา","Location template similarity","template-only","0.714","0.545","0.519","0.427","0.556","none","none","Nakhon Ratchasima; distinct areas","Yes","shared contextual targets","No","No","P3 monitor","not structurally actionable","Requires GSC query ownership","Monitor only; no merge, redirect, canonical or noindex action in Batch 1.2","Yes","raw=0.519; adjusted=0.427; relationship=template-only","28+ days GSC query/page data plus operational and conversion evidence"
"LOCATION","/พื้นที่/พิมาย","/พื้นที่/โชคชัย","Location template similarity","template-only","0.857","0.8","0.715","0.657","0.756","none","none","Nakhon Ratchasima; distinct areas","Yes","shared contextual targets","No","No","P3 monitor","not structurally actionable","Requires GSC query ownership","Monitor only; no merge, redirect, canonical or noindex action in Batch 1.2","Yes","raw=0.715; adjusted=0.657; relationship=template-only","28+ days GSC query/page data plus operational and conversion evidence"
"LOCATION","/พื้นที่/พิมาย","/พื้นที่/โนนสูง","Location template similarity","template-only","0.857","0.8","0.671","0.612","0.675","none","none","Nakhon Ratchasima; distinct areas","Yes","shared contextual targets","No","No","P3 monitor","not structurally actionable","Requires GSC query ownership","Monitor only; no merge, redirect, canonical or noindex action in Batch 1.2","Yes","raw=0.671; adjusted=0.612; relationship=template-only","28+ days GSC query/page data plus operational and conversion evidence"
"LOCATION","/พื้นที่/มหาวิทยาลัยเทคโนโลยีสุรนารี","/พื้นที่/สีคิ้ว","Location template similarity","template-only","0.588","0.462","0.559","0.471","0.644","none","none","Nakhon Ratchasima; distinct areas","Yes","shared contextual targets","No","No","P3 monitor","not structurally actionable","Requires GSC query ownership","Monitor only; no merge, redirect, canonical or noindex action in Batch 1.2","Yes","raw=0.559; adjusted=0.471; relationship=template-only","28+ days GSC query/page data plus operational and conversion evidence"
"LOCATION","/พื้นที่/มหาวิทยาลัยเทคโนโลยีสุรนารี","/พื้นที่/สูงเนิน","Location template similarity","template-only","0.588","0.462","0.707","0.64","0.651","none","none","Nakhon Ratchasima; distinct areas","Yes","shared contextual targets","No","No","P3 monitor","not structurally actionable","Requires GSC query ownership","Monitor only; no merge, redirect, canonical or noindex action in Batch 1.2","Yes","raw=0.707; adjusted=0.64; relationship=template-only","28+ days GSC query/page data plus operational and conversion evidence"
"LOCATION","/พื้นที่/มหาวิทยาลัยเทคโนโลยีสุรนารี","/พื้นที่/เมืองนครราชสีมา","Location template similarity","template-only","0.588","0.429","0.631","0.559","0.696","none","none","Nakhon Ratchasima; distinct areas","Yes","shared contextual targets","No","No","P3 monitor","not structurally actionable","Requires GSC query ownership","Monitor only; no merge, redirect, canonical or noindex action in Batch 1.2","Yes","raw=0.631; adjusted=0.559; relationship=template-only","28+ days GSC query/page data plus operational and conversion evidence"
"LOCATION","/พื้นที่/มหาวิทยาลัยเทคโนโลยีสุรนารี","/พื้นที่/โชคชัย","Location template similarity","template-only","0.588","0.462","0.626","0.556","0.643","none","none","Nakhon Ratchasima; distinct areas","Yes","shared contextual targets","No","No","P3 monitor","not structurally actionable","Requires GSC query ownership","Monitor only; no merge, redirect, canonical or noindex action in Batch 1.2","Yes","raw=0.626; adjusted=0.556; relationship=template-only","28+ days GSC query/page data plus operational and conversion evidence"
"LOCATION","/พื้นที่/มหาวิทยาลัยเทคโนโลยีสุรนารี","/พื้นที่/โนนสูง","Location template similarity","template-only","0.588","0.462","0.645","0.589","0.78","none","none","Nakhon Ratchasima; distinct areas","Yes","shared contextual targets","No","No","P3 monitor","not structurally actionable","Requires GSC query ownership","Monitor only; no merge, redirect, canonical or noindex action in Batch 1.2","Yes","raw=0.645; adjusted=0.589; relationship=template-only","28+ days GSC query/page data plus operational and conversion evidence"
"LOCATION","/พื้นที่/สีคิ้ว","/พื้นที่/สูงเนิน","Location template similarity","template-only","0.857","0.8","0.631","0.559","0.581","none","none","Nakhon Ratchasima; distinct areas","Yes","shared contextual targets","No","No","P3 monitor","not structurally actionable","Requires GSC query ownership","Monitor only; no merge, redirect, canonical or noindex action in Batch 1.2","Yes","raw=0.631; adjusted=0.559; relationship=template-only","28+ days GSC query/page data plus operational and conversion evidence"
"LOCATION","/พื้นที่/สีคิ้ว","/พื้นที่/เมืองนครราชสีมา","Location template similarity","template-only","0.714","0.545","0.576","0.542","0.609","none","none","Nakhon Ratchasima; distinct areas","Yes","shared contextual targets","No","No","P3 monitor","not structurally actionable","Requires GSC query ownership","Monitor only; no merge, redirect, canonical or noindex action in Batch 1.2","Yes","raw=0.576; adjusted=0.542; relationship=template-only","28+ days GSC query/page data plus operational and conversion evidence"
"LOCATION","/พื้นที่/สีคิ้ว","/พื้นที่/โชคชัย","Location template similarity","template-only","0.857","0.8","0.632","0.575","0.571","none","none","Nakhon Ratchasima; distinct areas","Yes","shared contextual targets","No","No","P3 monitor","not structurally actionable","Requires GSC query ownership","Monitor only; no merge, redirect, canonical or noindex action in Batch 1.2","Yes","raw=0.632; adjusted=0.575; relationship=template-only","28+ days GSC query/page data plus operational and conversion evidence"
"LOCATION","/พื้นที่/สีคิ้ว","/พื้นที่/โนนสูง","Location template similarity","template-only","0.857","0.8","0.597","0.503","0.585","none","none","Nakhon Ratchasima; distinct areas","Yes","shared contextual targets","No","No","P3 monitor","not structurally actionable","Requires GSC query ownership","Monitor only; no merge, redirect, canonical or noindex action in Batch 1.2","Yes","raw=0.597; adjusted=0.503; relationship=template-only","28+ days GSC query/page data plus operational and conversion evidence"
"LOCATION","/พื้นที่/สูงเนิน","/พื้นที่/เมืองนครราชสีมา","Location template similarity","template-only","0.714","0.545","0.647","0.58","0.591","none","none","Nakhon Ratchasima; distinct areas","Yes","shared contextual targets","No","No","P3 monitor","not structurally actionable","Requires GSC query ownership","Monitor only; no merge, redirect, canonical or noindex action in Batch 1.2","Yes","raw=0.647; adjusted=0.58; relationship=template-only","28+ days GSC query/page data plus operational and conversion evidence"
"LOCATION","/พื้นที่/สูงเนิน","/พื้นที่/โชคชัย","Location template similarity","template-only","0.857","0.8","0.648","0.588","0.65","none","none","Nakhon Ratchasima; distinct areas","Yes","shared contextual targets","No","No","P3 monitor","not structurally actionable","Requires GSC query ownership","Monitor only; no merge, redirect, canonical or noindex action in Batch 1.2","Yes","raw=0.648; adjusted=0.588; relationship=template-only","28+ days GSC query/page data plus operational and conversion evidence"
"LOCATION","/พื้นที่/สูงเนิน","/พื้นที่/โนนสูง","Location template similarity","template-only","0.857","0.8","0.753","0.707","0.769","none","none","Nakhon Ratchasima; distinct areas","Yes","shared contextual targets","No","No","P3 monitor","not structurally actionable","Requires GSC query ownership","Monitor only; no merge, redirect, canonical or noindex action in Batch 1.2","Yes","raw=0.753; adjusted=0.707; relationship=template-only","28+ days GSC query/page data plus operational and conversion evidence"
"LOCATION","/พื้นที่/เมืองนครราชสีมา","/พื้นที่/โชคชัย","Location template similarity","template-only","0.714","0.545","0.563","0.496","0.512","none","none","Nakhon Ratchasima; distinct areas","Yes","shared contextual targets","No","No","P3 monitor","not structurally actionable","Requires GSC query ownership","Monitor only; no merge, redirect, canonical or noindex action in Batch 1.2","Yes","raw=0.563; adjusted=0.496; relationship=template-only","28+ days GSC query/page data plus operational and conversion evidence"
"LOCATION","/พื้นที่/เมืองนครราชสีมา","/พื้นที่/โนนสูง","Location template similarity","template-only","0.714","0.545","0.537","0.473","0.619","none","none","Nakhon Ratchasima; distinct areas","Yes","shared contextual targets","No","No","P3 monitor","not structurally actionable","Requires GSC query ownership","Monitor only; no merge, redirect, canonical or noindex action in Batch 1.2","Yes","raw=0.537; adjusted=0.473; relationship=template-only","28+ days GSC query/page data plus operational and conversion evidence"
"LOCATION","/พื้นที่/โชคชัย","/พื้นที่/โนนสูง","Location template similarity","template-only","0.857","0.8","0.702","0.657","0.684","none","none","Nakhon Ratchasima; distinct areas","Yes","shared contextual targets","No","No","P3 monitor","not structurally actionable","Requires GSC query ownership","Monitor only; no merge, redirect, canonical or noindex action in Batch 1.2","Yes","raw=0.702; adjusted=0.657; relationship=template-only","28+ days GSC query/page data plus operational and conversion evidence"
"SELLER-JOURNEY/LOCATION","/บริการรับซื้อถึงที่โคราช","/พื้นที่/ด่านขุนทด","Low relevance similarity","location-service","0.588","0.4","0.401","0.323","0.388","none","none","none","No","not detected","No","No","P3 monitor","not structurally actionable","Requires GSC query ownership","Monitor only; no merge, redirect, canonical or noindex action in Batch 1.2","Yes","raw=0.401; adjusted=0.323; relationship=location-service","28+ days GSC query/page data plus operational and conversion evidence"
"SELLER-JOURNEY/LOCATION","/บริการรับซื้อถึงที่โคราช","/พื้นที่/บัวใหญ่","Low relevance similarity","location-service","0.588","0.4","0.409","0.383","0.435","none","none","none","No","not detected","No","No","P3 monitor","not structurally actionable","Requires GSC query ownership","Monitor only; no merge, redirect, canonical or noindex action in Batch 1.2","Yes","raw=0.409; adjusted=0.383; relationship=location-service","28+ days GSC query/page data plus operational and conversion evidence"
"SELLER-JOURNEY/LOCATION","/บริการรับซื้อถึงที่โคราช","/พื้นที่/ปักธงชัย","Low relevance similarity","location-service","0.588","0.4","0.411","0.382","0.382","none","none","none","No","not detected","No","No","P3 monitor","not structurally actionable","Requires GSC query ownership","Monitor only; no merge, redirect, canonical or noindex action in Batch 1.2","Yes","raw=0.411; adjusted=0.382; relationship=location-service","28+ days GSC query/page data plus operational and conversion evidence"
"SELLER-JOURNEY/LOCATION","/บริการรับซื้อถึงที่โคราช","/พื้นที่/พิมาย","Low relevance similarity","location-service","0.588","0.4","0.408","0.357","0.371","none","none","none","No","not detected","No","No","P3 monitor","not structurally actionable","Requires GSC query ownership","Monitor only; no merge, redirect, canonical or noindex action in Batch 1.2","Yes","raw=0.408; adjusted=0.357; relationship=location-service","28+ days GSC query/page data plus operational and conversion evidence"
"SELLER-JOURNEY/LOCATION","/บริการรับซื้อถึงที่โคราช","/พื้นที่/มหาวิทยาลัยเทคโนโลยีสุรนารี","Low relevance similarity","location-service","0.5","0.308","0.41","0.358","0.444","none","none","none","No","not detected","No","No","P3 monitor","not structurally actionable","Requires GSC query ownership","Monitor only; no merge, redirect, canonical or noindex action in Batch 1.2","Yes","raw=0.41; adjusted=0.358; relationship=location-service","28+ days GSC query/page data plus operational and conversion evidence"
"SELLER-JOURNEY/LOCATION","/บริการรับซื้อถึงที่โคราช","/พื้นที่/สีคิ้ว","Low relevance similarity","location-service","0.588","0.4","0.447","0.378","0.389","none","none","none","No","not detected","No","No","P3 monitor","not structurally actionable","Requires GSC query ownership","Monitor only; no merge, redirect, canonical or noindex action in Batch 1.2","Yes","raw=0.447; adjusted=0.378; relationship=location-service","28+ days GSC query/page data plus operational and conversion evidence"
"SELLER-JOURNEY/LOCATION","/บริการรับซื้อถึงที่โคราช","/พื้นที่/สูงเนิน","Low relevance similarity","location-service","0.588","0.4","0.468","0.375","0.382","none","none","none","No","not detected","No","No","P3 monitor","not structurally actionable","Requires GSC query ownership","Monitor only; no merge, redirect, canonical or noindex action in Batch 1.2","Yes","raw=0.468; adjusted=0.375; relationship=location-service","28+ days GSC query/page data plus operational and conversion evidence"
"SELLER-JOURNEY/LOCATION","/บริการรับซื้อถึงที่โคราช","/พื้นที่/เมืองนครราชสีมา","Low relevance similarity","location-service","0.588","0.364","0.502","0.383","0.459","none","none","none","No","not detected","No","No","P3 monitor","not structurally actionable","Requires GSC query ownership","Monitor only; no merge, redirect, canonical or noindex action in Batch 1.2","Yes","raw=0.502; adjusted=0.383; relationship=location-service","28+ days GSC query/page data plus operational and conversion evidence"
"SELLER-JOURNEY/LOCATION","/บริการรับซื้อถึงที่โคราช","/พื้นที่/โชคชัย","Low relevance similarity","location-service","0.588","0.4","0.414","0.387","0.424","none","none","none","No","not detected","No","No","P3 monitor","not structurally actionable","Requires GSC query ownership","Monitor only; no merge, redirect, canonical or noindex action in Batch 1.2","Yes","raw=0.414; adjusted=0.387; relationship=location-service","28+ days GSC query/page data plus operational and conversion evidence"
"SELLER-JOURNEY/LOCATION","/บริการรับซื้อถึงที่โคราช","/พื้นที่/โนนสูง","Low relevance similarity","location-service","0.588","0.4","0.398","0.323","0.469","none","none","none","No","not detected","No","No","P3 monitor","not structurally actionable","Requires GSC query ownership","Monitor only; no merge, redirect, canonical or noindex action in Batch 1.2","Yes","raw=0.398; adjusted=0.323; relationship=location-service","28+ days GSC query/page data plus operational and conversion evidence"
"CONTENT/B2B","/บทความ/ขายคอมหลายเครื่องควรเตรียมรายการอย่างไร","/รับซื้อสินค้าไอทียกล็อต","Informational-service overlap","informational-transactional","0.2","0","0.388","0.395","0","none","none","none","No","not detected","No","No","P2 review","not structurally actionable","Requires GSC query ownership","Monitor only; no merge, redirect, canonical or noindex action in Batch 1.2","Yes","raw=0.388; adjusted=0.395; relationship=informational-transactional","28+ days GSC query/page data plus operational and conversion evidence"
"CONTENT/B2B","/บทความ/ขายอุปกรณ์ไอทีของบริษัทต้องเตรียมเอกสารอะไร","/รับซื้ออุปกรณ์สำนักงาน","Informational-service overlap","informational-transactional","0.333","0.154","0.443","0.343","0","none","none","none","No","not detected","No","No","P2 review","not structurally actionable","Requires GSC query ownership","Monitor only; no merge, redirect, canonical or noindex action in Batch 1.2","Yes","raw=0.443; adjusted=0.343; relationship=informational-transactional","28+ days GSC query/page data plus operational and conversion evidence"
"CONTENT/B2B","/บทความ/ขายอุปกรณ์ไอทีของบริษัทต้องเตรียมเอกสารอะไร","/รับซื้อสินค้าไอทียกล็อต","Informational-service overlap","informational-transactional","0.19","0","0.424","0.344","0","none","none","none","No","not detected","No","No","P2 review","not structurally actionable","Requires GSC query ownership","Monitor only; no merge, redirect, canonical or noindex action in Batch 1.2","Yes","raw=0.424; adjusted=0.344; relationship=informational-transactional","28+ days GSC query/page data plus operational and conversion evidence"
"CONTENT/CAMERA","/บทความ/ข้อควรรู้ก่อนขายกล้องและเลนส์มือสอง","/รับซื้อกล้อง-โคราช","Informational-service overlap","informational-transactional","0.5","0.167","0.371","0.356","0","กล้อง","none","none","No","not detected","No","No","P2 review","not structurally actionable","Requires GSC query ownership","Monitor only; no merge, redirect, canonical or noindex action in Batch 1.2","Yes","raw=0.371; adjusted=0.356; relationship=informational-transactional","28+ days GSC query/page data plus operational and conversion evidence"
"CONTENT/COMPUTER","/บทความ/ปัจจัยที่ทำให้ราคาการ์ดจอมือสองแตกต่างกัน","/รับซื้อการ์ดจอ-โคราช","Informational-service overlap","informational-transactional","0.48","0.267","0.335","0.351","0","การ์ดจอ","none","none","No","not detected","No","No","P2 review","not structurally actionable","Requires GSC query ownership","Monitor only; no merge, redirect, canonical or noindex action in Batch 1.2","Yes","raw=0.335; adjusted=0.351; relationship=informational-transactional","28+ days GSC query/page data plus operational and conversion evidence"
"CONTENT/CORE-SERVICE","/บทความ/วิธีถ่ายรูปสินค้าไอทีเพื่อให้ประเมินราคาได้เร็ว","/รับซื้อสินค้าไอที","Informational-service overlap","informational-transactional","0.381","0.286","0.394","0.39","0","none","none","none","No","not detected","No","No","P2 review","not structurally actionable","Requires GSC query ownership","Monitor only; no merge, redirect, canonical or noindex action in Batch 1.2","Yes","raw=0.394; adjusted=0.39; relationship=informational-transactional","28+ days GSC query/page data plus operational and conversion evidence"
"CONTENT/SELLER-JOURNEY","/บทความ/วิธีถ่ายรูปสินค้าไอทีเพื่อให้ประเมินราคาได้เร็ว","/วิธีขายสินค้า","Informational-service overlap","informational-transactional","0.476","0.462","0.4","0.378","0","none","none","none","No","not detected","No","No","P2 review","not structurally actionable","Requires GSC query ownership","Monitor only; no merge, redirect, canonical or noindex action in Batch 1.2","Yes","raw=0.4; adjusted=0.378; relationship=informational-transactional","28+ days GSC query/page data plus operational and conversion evidence"
"CONTENT/COMPUTER","/บทความ/วิธีลบข้อมูลก่อนขายคอมพิวเตอร์","/รับซื้อคอมพิวเตอร์-โคราช","Informational-service overlap","informational-transactional","0.333","0.133","0.377","0.297","0","คอมพิวเตอร์","none","none","No","not detected","No","No","P2 review","not structurally actionable","Requires GSC query ownership","Monitor only; no merge, redirect, canonical or noindex action in Batch 1.2","Yes","raw=0.377; adjusted=0.297; relationship=informational-transactional","28+ days GSC query/page data plus operational and conversion evidence"
"CONTENT/OTHER-PRODUCT","/บทความ/วิธีลบข้อมูลก่อนขายคอมพิวเตอร์","/รับซื้อโน๊ตบุ๊ค-โคราช","Informational-service overlap","informational-transactional","0.211","0","0.38","0.318","0","none","none","none","No","shared contextual targets","No","No","P2 review","not structurally actionable","Requires GSC query ownership","Monitor only; no merge, redirect, canonical or noindex action in Batch 1.2","Yes","raw=0.38; adjusted=0.318; relationship=informational-transactional","28+ days GSC query/page data plus operational and conversion evidence"
"CONTENT/MOBILE-APPLE","/บทความ/วิธีออกจาก-icloud-ก่อนขาย-iphone-หรือ-ipad","/รับซื้อ-iphone-โคราช","Informational-service overlap","informational-transactional","0.3","0.125","0.363","0.339","0","iphone","none","none","No","not detected","No","No","P2 review","not structurally actionable","Requires GSC query ownership","Monitor only; no merge, redirect, canonical or noindex action in Batch 1.2","Yes","raw=0.363; adjusted=0.339; relationship=informational-transactional","28+ days GSC query/page data plus operational and conversion evidence"
"CONTENT/OTHER-PRODUCT","/บทความ/วิธีเช็กสเปกโน๊ตบุ๊คก่อนส่งประเมิน","/รับซื้อโน๊ตบุ๊ค-โคราช","Informational-service overlap","informational-transactional","0.476","0.333","0.373","0.41","0","โน๊ตบุ๊ค","none","none","No","not detected","No","No","P2 review","not structurally actionable","Requires GSC query ownership","Monitor only; no merge, redirect, canonical or noindex action in Batch 1.2","Yes","raw=0.373; adjusted=0.41; relationship=informational-transactional","28+ days GSC query/page data plus operational and conversion evidence"
"CONTENT/OTHER-PRODUCT","/บทความ/สินค้าไอทีเปิดไม่ติดยังประเมินราคาได้อย่างไร","/รับซื้อโน๊ตบุ๊ค-โคราช","Informational-service overlap","informational-transactional","0.261","0.1","0.354","0.375","0","none","none","none","No","shared contextual targets","No","No","P2 review","not structurally actionable","Requires GSC query ownership","Monitor only; no merge, redirect, canonical or noindex action in Batch 1.2","Yes","raw=0.354; adjusted=0.375; relationship=informational-transactional","28+ days GSC query/page data plus operational and conversion evidence"
"CONTENT/COMPUTER","/บทความ/สินค้าไอทีเปิดไม่ติดยังประเมินราคาได้อย่างไร","/รับซื้อคอมพิวเตอร์-โคราช","Informational-service overlap","informational-transactional","0.182","0.105","0.352","0.354","0","none","none","none","No","not detected","No","No","P2 review","not structurally actionable","Requires GSC query ownership","Monitor only; no merge, redirect, canonical or noindex action in Batch 1.2","Yes","raw=0.352; adjusted=0.354; relationship=informational-transactional","28+ days GSC query/page data plus operational and conversion evidence"
"CONTENT/SELLER-JOURNEY","/บทความ/ส่งโน๊ตบุ๊คหรือโทรศัพท์อย่างไรให้ปลอดภัย","/ส่งสินค้าไอทีมาประเมิน","Informational-service overlap","informational-transactional","0.333","0.154","0.363","0.268","0","none","none","none","No","not detected","No","No","P2 review","not structurally actionable","Requires GSC query ownership","Monitor only; no merge, redirect, canonical or noindex action in Batch 1.2","Yes","raw=0.363; adjusted=0.268; relationship=informational-transactional","28+ days GSC query/page data plus operational and conversion evidence"
"CONTENT/SELLER-JOURNEY","/บทความ/เช็กราคาสินค้าไอทีก่อนขายต้องดูอะไรบ้าง","/วิธีขายสินค้า","Informational-service overlap","informational-transactional","0.455","0.429","0.465","0.332","0","none","none","none","No","not detected","No","No","P2 review","not structurally actionable","Requires GSC query ownership","Monitor only; no merge, redirect, canonical or noindex action in Batch 1.2","Yes","raw=0.465; adjusted=0.332; relationship=informational-transactional","28+ days GSC query/page data plus operational and conversion evidence"
"B2B","/ขายคอมหลายเครื่อง-โคราช","/ขายอุปกรณ์ไอทียกสำนักงาน-โคราช","Low relevance similarity","sibling-distinct","0.421","0.364","0.962","0.814","0.88","none","none","โคราช","Yes","not detected","No","No","P3 monitor","not structurally actionable","Requires GSC query ownership","Monitor only; no merge, redirect, canonical or noindex action in Batch 1.2","Yes","raw=0.962; adjusted=0.814; relationship=sibling-distinct","28+ days GSC query/page data plus operational and conversion evidence"
"B2B","/ขายคอมหลายเครื่อง-โคราช","/บริษัทปิดกิจการขายอุปกรณ์ไอที","Low relevance similarity","sibling-distinct","0.4","0.182","0.968","0.843","0.5","none","none","none","Yes","not detected","No","No","P3 monitor","not structurally actionable","Requires GSC query ownership","Monitor only; no merge, redirect, canonical or noindex action in Batch 1.2","Yes","raw=0.968; adjusted=0.843; relationship=sibling-distinct","28+ days GSC query/page data plus operational and conversion evidence"
"B2B","/ขายคอมหลายเครื่อง-โคราช","/รับซื้อสินค้าไอทียกล็อต","Parent-child overlap","parent-child","0.476","0","0.973","0.894","0.5","none","none","none","Yes","not detected","No","No","P2 review","not structurally actionable","Requires GSC query ownership","Monitor only; no merge, redirect, canonical or noindex action in Batch 1.2","Yes","raw=0.973; adjusted=0.894; relationship=parent-child","28+ days GSC query/page data plus operational and conversion evidence"
"B2B","/ขายคอมหลายเครื่อง-โคราช","/รับซื้ออุปกรณ์สำนักงาน","Low relevance similarity","sibling-distinct","0.556","0","0.961","0.847","0.5","none","none","none","Yes","not detected","No","No","P3 monitor","not structurally actionable","Requires GSC query ownership","Monitor only; no merge, redirect, canonical or noindex action in Batch 1.2","Yes","raw=0.961; adjusted=0.847; relationship=sibling-distinct","28+ days GSC query/page data plus operational and conversion evidence"
"B2B","/ขายอุปกรณ์ไอทียกสำนักงาน-โคราช","/รับซื้อสินค้าไอทียกล็อต","Parent-child overlap","parent-child","0.444","0.154","0.961","0.796","0.462","none","none","none","Yes","not detected","No","No","P2 review","not structurally actionable","Requires GSC query ownership","Monitor only; no merge, redirect, canonical or noindex action in Batch 1.2","Yes","raw=0.961; adjusted=0.796; relationship=parent-child","28+ days GSC query/page data plus operational and conversion evidence"
"B2B","/ขายอุปกรณ์ไอทียกสำนักงาน-โคราช","/รับซื้ออุปกรณ์สำนักงาน","Potential cannibalization","sibling-distinct","0.667","0.4","0.984","0.886","0.462","สำนักงาน","none","none","Yes","not detected","No","No","P1 review","requires GSC","Requires GSC query ownership","Monitor only; no merge, redirect, canonical or noindex action in Batch 1.2","Yes","raw=0.984; adjusted=0.886; relationship=sibling-distinct","28+ days GSC query/page data plus operational and conversion evidence"
"B2B","/บริษัทปิดกิจการขายอุปกรณ์ไอที","/รับซื้อสินค้าไอทียกล็อต","Parent-child overlap","parent-child","0.316","0","0.967","0.816","1","none","none","none","Yes","not detected","No","No","P2 review","not structurally actionable","Requires GSC query ownership","Monitor only; no merge, redirect, canonical or noindex action in Batch 1.2","Yes","raw=0.967; adjusted=0.816; relationship=parent-child","28+ days GSC query/page data plus operational and conversion evidence"
"B2B","/บริษัทปิดกิจการขายอุปกรณ์ไอที","/รับซื้ออุปกรณ์สำนักงาน","Low relevance similarity","sibling-distinct","0.5","0.2","0.973","0.856","1","none","none","none","Yes","not detected","No","No","P3 monitor","not structurally actionable","Requires GSC query ownership","Monitor only; no merge, redirect, canonical or noindex action in Batch 1.2","Yes","raw=0.973; adjusted=0.856; relationship=sibling-distinct","28+ days GSC query/page data plus operational and conversion evidence"
"MOBILE-APPLE","/รับซื้อ-apple-watch-โคราช","/รับซื้อ-ipad-โคราช","Internal-link overlap","sibling-distinct","0.88","0.857","0.852","0.563","0.901","none","none","โคราช","Yes","shared contextual targets","No","No","P3 monitor","not structurally actionable","Requires GSC query ownership","Monitor only; no merge, redirect, canonical or noindex action in Batch 1.2","Yes","raw=0.852; adjusted=0.563; relationship=sibling-distinct","28+ days GSC query/page data plus operational and conversion evidence"
"MOBILE-APPLE","/รับซื้อ-apple-watch-โคราช","/รับซื้อ-iphone-โคราช","Internal-link overlap","sibling-distinct","0.88","0.857","0.853","0.593","0.817","none","none","โคราช","Yes","shared contextual targets","No","No","P3 monitor","not structurally actionable","Requires GSC query ownership","Monitor only; no merge, redirect, canonical or noindex action in Batch 1.2","Yes","raw=0.853; adjusted=0.593; relationship=sibling-distinct","28+ days GSC query/page data plus operational and conversion evidence"
"MOBILE-APPLE","/รับซื้อ-apple-watch-โคราช","/รับซื้อ-macbook-โคราช","Internal-link overlap","sibling-distinct","0.88","0.857","0.832","0.584","0.86","none","none","โคราช","Yes","shared contextual targets","No","No","P3 monitor","not structurally actionable","Requires GSC query ownership","Monitor only; no merge, redirect, canonical or noindex action in Batch 1.2","Yes","raw=0.832; adjusted=0.584; relationship=sibling-distinct","28+ days GSC query/page data plus operational and conversion evidence"
"MOBILE-APPLE","/รับซื้อ-apple-watch-โคราช","/รับซื้อแท็บเล็ต-โคราช","Internal-link overlap","sibling-distinct","0.667","0.857","0.878","0.618","0.867","none","none","โคราช","Yes","shared contextual targets","No","No","P3 monitor","not structurally actionable","Requires GSC query ownership","Monitor only; no merge, redirect, canonical or noindex action in Batch 1.2","Yes","raw=0.878; adjusted=0.618; relationship=sibling-distinct","28+ days GSC query/page data plus operational and conversion evidence"
"COMPUTER","/รับซื้อ-cpu-โคราช","/รับซื้อเมนบอร์ด-โคราช","Low relevance similarity","sibling-distinct","0.833","0.75","0.865","0.618","0.963","none","none","โคราช","Yes","not detected","No","No","P3 monitor","not structurally actionable","Requires GSC query ownership","Monitor only; no merge, redirect, canonical or noindex action in Batch 1.2","Yes","raw=0.865; adjusted=0.618; relationship=sibling-distinct","28+ days GSC query/page data plus operational and conversion evidence"
"COMPUTER","/รับซื้อ-cpu-โคราช","/รับซื้อแรม-โคราช","Low relevance similarity","sibling-distinct","0.609","0.75","0.855","0.61","0.963","none","none","โคราช","Yes","not detected","No","No","P3 monitor","not structurally actionable","Requires GSC query ownership","Monitor only; no merge, redirect, canonical or noindex action in Batch 1.2","Yes","raw=0.855; adjusted=0.61; relationship=sibling-distinct","28+ days GSC query/page data plus operational and conversion evidence"
"MOBILE-APPLE","/รับซื้อ-imac-mac-mini-โคราช","/รับซื้อแท็บเล็ต-โคราช","Internal-link overlap","sibling-distinct","0.727","0.632","0.851","0.6","0.876","none","none","โคราช","Yes","shared contextual targets","No","No","P3 monitor","not structurally actionable","Requires GSC query ownership","Monitor only; no merge, redirect, canonical or noindex action in Batch 1.2","Yes","raw=0.851; adjusted=0.6; relationship=sibling-distinct","28+ days GSC query/page data plus operational and conversion evidence"
"MOBILE-APPLE","/รับซื้อ-imac-mac-mini-โคราช","/รับซื้อโทรศัพท์-android-โคราช","Internal-link overlap","sibling-distinct","0.762","0.706","0.828","0.496","0.817","none","none","โคราช","Yes","shared contextual targets","No","No","P3 monitor","not structurally actionable","Requires GSC query ownership","Monitor only; no merge, redirect, canonical or noindex action in Batch 1.2","Yes","raw=0.828; adjusted=0.496; relationship=sibling-distinct","28+ days GSC query/page data plus operational and conversion evidence"
"MOBILE-APPLE","/รับซื้อ-imac-mac-mini-โคราช","/รับซื้อโทรศัพท์-oppo-โคราช","Internal-link overlap","sibling-distinct","0.762","0.706","0.852","0.516","0.844","none","none","โคราช","Yes","shared contextual targets","No","No","P3 monitor","not structurally actionable","Requires GSC query ownership","Monitor only; no merge, redirect, canonical or noindex action in Batch 1.2","Yes","raw=0.852; adjusted=0.516; relationship=sibling-distinct","28+ days GSC query/page data plus operational and conversion evidence"
"MOBILE-APPLE","/รับซื้อ-imac-mac-mini-โคราช","/รับซื้อโทรศัพท์-samsung-โคราช","Internal-link overlap","sibling-distinct","0.727","0.706","0.836","0.537","0.835","none","none","โคราช","Yes","shared contextual targets","No","No","P3 monitor","not structurally actionable","Requires GSC query ownership","Monitor only; no merge, redirect, canonical or noindex action in Batch 1.2","Yes","raw=0.836; adjusted=0.537; relationship=sibling-distinct","28+ days GSC query/page data plus operational and conversion evidence"
"MOBILE-APPLE","/รับซื้อ-imac-mac-mini-โคราช","/รับซื้อโทรศัพท์-vivo-โคราช","Internal-link overlap","sibling-distinct","0.762","0.706","0.85","0.499","0.854","none","none","โคราช","Yes","shared contextual targets","No","No","P3 monitor","not structurally actionable","Requires GSC query ownership","Monitor only; no merge, redirect, canonical or noindex action in Batch 1.2","Yes","raw=0.85; adjusted=0.499; relationship=sibling-distinct","28+ days GSC query/page data plus operational and conversion evidence"
"MOBILE-APPLE","/รับซื้อ-ipad-โคราช","/รับซื้อ-iphone-โคราช","Internal-link overlap","sibling-distinct","0.917","0.9","0.839","0.571","0.844","none","none","โคราช","Yes","shared contextual targets","No","No","P3 monitor","not structurally actionable","Requires GSC query ownership","Monitor only; no merge, redirect, canonical or noindex action in Batch 1.2","Yes","raw=0.839; adjusted=0.571; relationship=sibling-distinct","28+ days GSC query/page data plus operational and conversion evidence"
"MOBILE-APPLE","/รับซื้อ-ipad-โคราช","/รับซื้อ-macbook-โคราช","Internal-link overlap","sibling-distinct","0.917","0.9","0.843","0.634","0.889","none","none","โคราช","Yes","shared contextual targets","No","No","P3 monitor","not structurally actionable","Requires GSC query ownership","Monitor only; no merge, redirect, canonical or noindex action in Batch 1.2","Yes","raw=0.843; adjusted=0.634; relationship=sibling-distinct","28+ days GSC query/page data plus operational and conversion evidence"
"MOBILE-APPLE","/รับซื้อ-ipad-โคราช","/รับซื้อโทรศัพท์-android-โคราช","Internal-link overlap","sibling-distinct","0.727","0.667","0.828","0.463","0.835","none","none","โคราช","Yes","shared contextual targets","No","No","P3 monitor","not structurally actionable","Requires GSC query ownership","Monitor only; no merge, redirect, canonical or noindex action in Batch 1.2","Yes","raw=0.828; adjusted=0.463; relationship=sibling-distinct","28+ days GSC query/page data plus operational and conversion evidence"
"MOBILE-APPLE","/รับซื้อ-ipad-โคราช","/รับซื้อโทรศัพท์-oppo-โคราช","Internal-link overlap","sibling-distinct","0.727","0.667","0.849","0.479","0.864","none","none","โคราช","Yes","shared contextual targets","No","No","P3 monitor","not structurally actionable","Requires GSC query ownership","Monitor only; no merge, redirect, canonical or noindex action in Batch 1.2","Yes","raw=0.849; adjusted=0.479; relationship=sibling-distinct","28+ days GSC query/page data plus operational and conversion evidence"
"MOBILE-APPLE","/รับซื้อ-ipad-โคราช","/รับซื้อโทรศัพท์-vivo-โคราช","Internal-link overlap","sibling-distinct","0.727","0.667","0.847","0.458","0.874","none","none","โคราช","Yes","shared contextual targets","No","No","P3 monitor","not structurally actionable","Requires GSC query ownership","Monitor only; no merge, redirect, canonical or noindex action in Batch 1.2","Yes","raw=0.847; adjusted=0.458; relationship=sibling-distinct","28+ days GSC query/page data plus operational and conversion evidence"
"MOBILE-APPLE","/รับซื้อ-iphone-โคราช","/รับซื้อ-macbook-โคราช","Internal-link overlap","sibling-distinct","0.917","0.9","0.819","0.575","0.826","none","none","โคราช","Yes","shared contextual targets","No","No","P3 monitor","not structurally actionable","Requires GSC query ownership","Monitor only; no merge, redirect, canonical or noindex action in Batch 1.2","Yes","raw=0.819; adjusted=0.575; relationship=sibling-distinct","28+ days GSC query/page data plus operational and conversion evidence"
"MOBILE-APPLE","/รับซื้อ-iphone-โคราช","/รับซื้อแท็บเล็ต-โคราช","Internal-link overlap","sibling-distinct","0.696","0.9","0.828","0.496","0.854","none","none","โคราช","Yes","shared contextual targets","No","No","P3 monitor","not structurally actionable","Requires GSC query ownership","Monitor only; no merge, redirect, canonical or noindex action in Batch 1.2","Yes","raw=0.828; adjusted=0.496; relationship=sibling-distinct","28+ days GSC query/page data plus operational and conversion evidence"
"MOBILE-APPLE","/รับซื้อ-iphone-โคราช","/รับซื้อโทรศัพท์-android-โคราช","Internal-link overlap","sibling-distinct","0.727","0.667","0.835","0.513","0.817","none","none","โคราช","Yes","shared contextual targets","No","No","P3 monitor","not structurally actionable","Requires GSC query ownership","Monitor only; no merge, redirect, canonical or noindex action in Batch 1.2","Yes","raw=0.835; adjusted=0.513; relationship=sibling-distinct","28+ days GSC query/page data plus operational and conversion evidence"
"MOBILE-APPLE","/รับซื้อ-iphone-โคราช","/รับซื้อโทรศัพท์-oppo-โคราช","Internal-link overlap","sibling-distinct","0.727","0.667","0.854","0.54","0.867","none","none","โคราช","Yes","shared contextual targets","No","No","P3 monitor","not structurally actionable","Requires GSC query ownership","Monitor only; no merge, redirect, canonical or noindex action in Batch 1.2","Yes","raw=0.854; adjusted=0.54; relationship=sibling-distinct","28+ days GSC query/page data plus operational and conversion evidence"
"MOBILE-APPLE","/รับซื้อ-iphone-โคราช","/รับซื้อโทรศัพท์-vivo-โคราช","Internal-link overlap","sibling-distinct","0.727","0.667","0.85","0.516","0.876","none","none","โคราช","Yes","shared contextual targets","No","No","P3 monitor","not structurally actionable","Requires GSC query ownership","Monitor only; no merge, redirect, canonical or noindex action in Batch 1.2","Yes","raw=0.85; adjusted=0.516; relationship=sibling-distinct","28+ days GSC query/page data plus operational and conversion evidence"
"MOBILE-APPLE","/รับซื้อ-macbook-โคราช","/รับซื้อแท็บเล็ต-โคราช","Internal-link overlap","sibling-distinct","0.696","0.9","0.834","0.588","0.876","none","none","โคราช","Yes","shared contextual targets","No","No","P3 monitor","not structurally actionable","Requires GSC query ownership","Monitor only; no merge, redirect, canonical or noindex action in Batch 1.2","Yes","raw=0.834; adjusted=0.588; relationship=sibling-distinct","28+ days GSC query/page data plus operational and conversion evidence"
"MOBILE-APPLE","/รับซื้อ-macbook-โคราช","/รับซื้อโทรศัพท์-android-โคราช","Internal-link overlap","sibling-distinct","0.727","0.667","0.813","0.505","0.817","none","none","โคราช","Yes","shared contextual targets","No","No","P3 monitor","not structurally actionable","Requires GSC query ownership","Monitor only; no merge, redirect, canonical or noindex action in Batch 1.2","Yes","raw=0.813; adjusted=0.505; relationship=sibling-distinct","28+ days GSC query/page data plus operational and conversion evidence"
"MOBILE-APPLE","/รับซื้อ-macbook-โคราช","/รับซื้อโทรศัพท์-oppo-โคราช","Internal-link overlap","sibling-distinct","0.727","0.667","0.831","0.523","0.844","none","none","โคราช","Yes","shared contextual targets","No","No","P3 monitor","not structurally actionable","Requires GSC query ownership","Monitor only; no merge, redirect, canonical or noindex action in Batch 1.2","Yes","raw=0.831; adjusted=0.523; relationship=sibling-distinct","28+ days GSC query/page data plus operational and conversion evidence"
"MOBILE-APPLE","/รับซื้อ-macbook-โคราช","/รับซื้อโทรศัพท์-vivo-โคราช","Internal-link overlap","sibling-distinct","0.727","0.667","0.829","0.499","0.854","none","none","โคราช","Yes","shared contextual targets","No","No","P3 monitor","not structurally actionable","Requires GSC query ownership","Monitor only; no merge, redirect, canonical or noindex action in Batch 1.2","Yes","raw=0.829; adjusted=0.499; relationship=sibling-distinct","28+ days GSC query/page data plus operational and conversion evidence"
"GAMING","/รับซื้อ-nintendo-switch-โคราช","/รับซื้อ-playstation-โคราช","Low relevance similarity","sibling-distinct","0.636","0.667","0.944","0.772","0.941","none","none","โคราช","Yes","not detected","No","No","P3 monitor","not structurally actionable","Requires GSC query ownership","Monitor only; no merge, redirect, canonical or noindex action in Batch 1.2","Yes","raw=0.944; adjusted=0.772; relationship=sibling-distinct","28+ days GSC query/page data plus operational and conversion evidence"
"COMPUTER","/รับซื้อ-server-network-โคราช","/รับซื้อคอมเก่า-โคราช","Low relevance similarity","sibling-distinct","0.455","0.6","0.935","0.724","0.625","none","none","โคราช","Yes","not detected","No","No","P3 monitor","not structurally actionable","Requires GSC query ownership","Monitor only; no merge, redirect, canonical or noindex action in Batch 1.2","Yes","raw=0.935; adjusted=0.724; relationship=sibling-distinct","28+ days GSC query/page data plus operational and conversion evidence"
"B2B","/รับซื้อคอมบริษัท-โคราช","/รับซื้ออุปกรณ์สำนักงาน","Low relevance similarity","sibling-distinct","0.625","0.444","0.968","0.727","0.519","none","none","none","Yes","not detected","No","No","P3 monitor","not structurally actionable","Requires GSC query ownership","Monitor only; no merge, redirect, canonical or noindex action in Batch 1.2","Yes","raw=0.968; adjusted=0.727; relationship=sibling-distinct","28+ days GSC query/page data plus operational and conversion evidence"
"COMPUTER","/รับซื้อคอมประกอบ-โคราช","/รับซื้อคอมเกมมิ่ง-โคราช","Internal-link overlap","sibling-distinct","0.741","0.696","0.913","0.717","0.804","none","none","โคราช","Yes","shared contextual targets","No","No","P3 monitor","not structurally actionable","Requires GSC query ownership","Monitor only; no merge, redirect, canonical or noindex action in Batch 1.2","Yes","raw=0.913; adjusted=0.717; relationship=sibling-distinct","28+ days GSC query/page data plus operational and conversion evidence"
"OTHER-PRODUCT","/รับซื้อจอมอนิเตอร์-โคราช","/รับซื้อหูฟัง-โคราช","Low relevance similarity","sibling-distinct","0.72","0.6","0.921","0.697","0.815","none","none","โคราช","Yes","not detected","No","No","P3 monitor","not structurally actionable","Requires GSC query ownership","Monitor only; no merge, redirect, canonical or noindex action in Batch 1.2","Yes","raw=0.921; adjusted=0.697; relationship=sibling-distinct","28+ days GSC query/page data plus operational and conversion evidence"
"OTHER-PRODUCT","/รับซื้อลำโพง-โคราช","/รับซื้อสินค้าไอทีไม่มีอุปกรณ์-โคราช","Low relevance similarity","sibling-distinct","0.5","0.545","0.953","0.8","0.776","none","none","โคราช","Yes","not detected","No","No","P3 monitor","not structurally actionable","Requires GSC query ownership","Monitor only; no merge, redirect, canonical or noindex action in Batch 1.2","Yes","raw=0.953; adjusted=0.8; relationship=sibling-distinct","28+ days GSC query/page data plus operational and conversion evidence"
"OTHER-PRODUCT","/รับซื้อลำโพง-โคราช","/รับซื้อสินค้าไอทีไม่ได้ใช้งาน-โคราช","Low relevance similarity","sibling-distinct","0.476","0.5","0.954","0.812","0.784","none","none","โคราช","Yes","not detected","No","No","P3 monitor","not structurally actionable","Requires GSC query ownership","Monitor only; no merge, redirect, canonical or noindex action in Batch 1.2","Yes","raw=0.954; adjusted=0.812; relationship=sibling-distinct","28+ days GSC query/page data plus operational and conversion evidence"
"OTHER-PRODUCT","/รับซื้อลำโพง-โคราช","/รับซื้อหูฟัง-โคราช","Low relevance similarity","sibling-distinct","0.583","0.667","0.95","0.792","0.941","none","none","โคราช","Yes","not detected","No","No","P3 monitor","not structurally actionable","Requires GSC query ownership","Monitor only; no merge, redirect, canonical or noindex action in Batch 1.2","Yes","raw=0.95; adjusted=0.792; relationship=sibling-distinct","28+ days GSC query/page data plus operational and conversion evidence"
"OTHER-PRODUCT","/รับซื้อลำโพง-โคราช","/รับซื้อโน๊ตบุ๊คจอแตก-โคราช","Low relevance similarity","sibling-distinct","0.5","0.545","0.951","0.793","0.731","none","none","โคราช","Yes","not detected","No","No","P3 monitor","not structurally actionable","Requires GSC query ownership","Monitor only; no merge, redirect, canonical or noindex action in Batch 1.2","Yes","raw=0.951; adjusted=0.793; relationship=sibling-distinct","28+ days GSC query/page data plus operational and conversion evidence"
"OTHER-PRODUCT","/รับซื้อลำโพง-โคราช","/รับซื้อโน๊ตบุ๊คเปิดไม่ติด-โคราช","Low relevance similarity","sibling-distinct","0.476","0.5","0.941","0.749","0.717","none","none","โคราช","Yes","not detected","No","No","P3 monitor","not structurally actionable","Requires GSC query ownership","Monitor only; no merge, redirect, canonical or noindex action in Batch 1.2","Yes","raw=0.941; adjusted=0.749; relationship=sibling-distinct","28+ days GSC query/page data plus operational and conversion evidence"
"B2B","/รับซื้อสินค้าไอทียกล็อต","/รับซื้ออุปกรณ์สำนักงาน","Parent-child overlap","parent-child","0.588","0.364","0.954","0.81","1","none","none","none","Yes","not detected","No","No","P2 review","not structurally actionable","Requires GSC query ownership","Monitor only; no merge, redirect, canonical or noindex action in Batch 1.2","Yes","raw=0.954; adjusted=0.81; relationship=parent-child","28+ days GSC query/page data plus operational and conversion evidence"
"OTHER-PRODUCT","/รับซื้อสินค้าไอทีไม่มีอุปกรณ์-โคราช","/รับซื้อสินค้าไอทีไม่ได้ใช้งาน-โคราช","Low relevance similarity","sibling-distinct","0.737","0.667","0.961","0.833","0.92","none","none","โคราช","Yes","not detected","No","No","P3 monitor","not structurally actionable","Requires GSC query ownership","Monitor only; no merge, redirect, canonical or noindex action in Batch 1.2","Yes","raw=0.961; adjusted=0.833; relationship=sibling-distinct","28+ days GSC query/page data plus operational and conversion evidence"
"OTHER-PRODUCT","/รับซื้อสินค้าไอทีไม่มีอุปกรณ์-โคราช","/รับซื้อหูฟัง-โคราช","Low relevance similarity","sibling-distinct","0.455","0.5","0.965","0.804","0.76","none","none","โคราช","Yes","not detected","No","No","P3 monitor","not structurally actionable","Requires GSC query ownership","Monitor only; no merge, redirect, canonical or noindex action in Batch 1.2","Yes","raw=0.965; adjusted=0.804; relationship=sibling-distinct","28+ days GSC query/page data plus operational and conversion evidence"
"OTHER-PRODUCT","/รับซื้อสินค้าไอทีไม่มีอุปกรณ์-โคราช","/รับซื้อโน๊ตบุ๊คจอแตก-โคราช","Low relevance similarity","sibling-distinct","0.556","0.429","0.961","0.822","0.902","none","none","โคราช","Yes","not detected","No","No","P3 monitor","not structurally actionable","Requires GSC query ownership","Monitor only; no merge, redirect, canonical or noindex action in Batch 1.2","Yes","raw=0.961; adjusted=0.822; relationship=sibling-distinct","28+ days GSC query/page data plus operational and conversion evidence"
"OTHER-PRODUCT","/รับซื้อสินค้าไอทีไม่มีอุปกรณ์-โคราช","/รับซื้อโน๊ตบุ๊คเปิดไม่ติด-โคราช","Low relevance similarity","sibling-distinct","0.526","0.4","0.953","0.776","0.885","none","none","โคราช","Yes","not detected","No","No","P3 monitor","not structurally actionable","Requires GSC query ownership","Monitor only; no merge, redirect, canonical or noindex action in Batch 1.2","Yes","raw=0.953; adjusted=0.776; relationship=sibling-distinct","28+ days GSC query/page data plus operational and conversion evidence"
"OTHER-PRODUCT","/รับซื้อสินค้าไอทีไม่ได้ใช้งาน-โคราช","/รับซื้อหูฟัง-โคราช","Low relevance similarity","sibling-distinct","0.435","0.462","0.964","0.836","0.769","none","none","โคราช","Yes","not detected","No","No","P3 monitor","not structurally actionable","Requires GSC query ownership","Monitor only; no merge, redirect, canonical or noindex action in Batch 1.2","Yes","raw=0.964; adjusted=0.836; relationship=sibling-distinct","28+ days GSC query/page data plus operational and conversion evidence"
"OTHER-PRODUCT","/รับซื้อสินค้าไอทีไม่ได้ใช้งาน-โคราช","/รับซื้อโน๊ตบุ๊คจอแตก-โคราช","Low relevance similarity","sibling-distinct","0.526","0.4","0.962","0.825","0.868","none","none","โคราช","Yes","not detected","No","No","P3 monitor","not structurally actionable","Requires GSC query ownership","Monitor only; no merge, redirect, canonical or noindex action in Batch 1.2","Yes","raw=0.962; adjusted=0.825; relationship=sibling-distinct","28+ days GSC query/page data plus operational and conversion evidence"
"OTHER-PRODUCT","/รับซื้อสินค้าไอทีไม่ได้ใช้งาน-โคราช","/รับซื้อโน๊ตบุ๊คเปิดไม่ติด-โคราช","Low relevance similarity","sibling-distinct","0.6","0.5","0.954","0.786","0.889","none","none","โคราช","Yes","not detected","No","No","P3 monitor","not structurally actionable","Requires GSC query ownership","Monitor only; no merge, redirect, canonical or noindex action in Batch 1.2","Yes","raw=0.954; adjusted=0.786; relationship=sibling-distinct","28+ days GSC query/page data plus operational and conversion evidence"
"OTHER-PRODUCT","/รับซื้อหูฟัง-โคราช","/รับซื้อโน๊ตบุ๊คจอแตก-โคราช","Low relevance similarity","sibling-distinct","0.455","0.5","0.953","0.787","0.717","none","none","โคราช","Yes","not detected","No","No","P3 monitor","not structurally actionable","Requires GSC query ownership","Monitor only; no merge, redirect, canonical or noindex action in Batch 1.2","Yes","raw=0.953; adjusted=0.787; relationship=sibling-distinct","28+ days GSC query/page data plus operational and conversion evidence"
"OTHER-PRODUCT","/รับซื้อหูฟัง-โคราช","/รับซื้อโน๊ตบุ๊คเปิดไม่ติด-โคราช","Low relevance similarity","sibling-distinct","0.435","0.462","0.945","0.751","0.704","none","none","โคราช","Yes","not detected","No","No","P3 monitor","not structurally actionable","Requires GSC query ownership","Monitor only; no merge, redirect, canonical or noindex action in Batch 1.2","Yes","raw=0.945; adjusted=0.751; relationship=sibling-distinct","28+ days GSC query/page data plus operational and conversion evidence"
"OFFICE","/รับซื้ออุปกรณ์-pos-โคราช","/รับซื้อเครื่องปริ้น-โคราช","Low relevance similarity","sibling-distinct","0.545","0.6","0.941","0.829","0.955","none","none","โคราช","Yes","not detected","No","No","P3 monitor","not structurally actionable","Requires GSC query ownership","Monitor only; no merge, redirect, canonical or noindex action in Batch 1.2","Yes","raw=0.941; adjusted=0.829; relationship=sibling-distinct","28+ days GSC query/page data plus operational and conversion evidence"
"COMPUTER","/รับซื้อเมนบอร์ด-โคราช","/รับซื้อแรม-โคราช","Low relevance similarity","sibling-distinct","0.609","0.75","0.87","0.661","0.963","none","none","โคราช","Yes","not detected","No","No","P3 monitor","not structurally actionable","Requires GSC query ownership","Monitor only; no merge, redirect, canonical or noindex action in Batch 1.2","Yes","raw=0.87; adjusted=0.661; relationship=sibling-distinct","28+ days GSC query/page data plus operational and conversion evidence"
"MOBILE-APPLE","/รับซื้อแท็บเล็ต-โคราช","/รับซื้อโทรศัพท์-android-โคราช","Internal-link overlap","sibling-distinct","0.762","0.667","0.881","0.602","0.867","none","none","โคราช","Yes","shared contextual targets","No","No","P3 monitor","not structurally actionable","Requires GSC query ownership","Monitor only; no merge, redirect, canonical or noindex action in Batch 1.2","Yes","raw=0.881; adjusted=0.602; relationship=sibling-distinct","28+ days GSC query/page data plus operational and conversion evidence"
"MOBILE-APPLE","/รับซื้อแท็บเล็ต-โคราช","/รับซื้อโทรศัพท์-oppo-โคราช","Internal-link overlap","sibling-distinct","0.762","0.667","0.9","0.619","0.874","none","none","โคราช","Yes","shared contextual targets","No","No","P3 monitor","not structurally actionable","Requires GSC query ownership","Monitor only; no merge, redirect, canonical or noindex action in Batch 1.2","Yes","raw=0.9; adjusted=0.619; relationship=sibling-distinct","28+ days GSC query/page data plus operational and conversion evidence"
"MOBILE-APPLE","/รับซื้อแท็บเล็ต-โคราช","/รับซื้อโทรศัพท์-samsung-โคราช","Internal-link overlap","sibling-distinct","0.818","0.667","0.88","0.612","0.864","none","none","โคราช","Yes","shared contextual targets","No","No","P3 monitor","not structurally actionable","Requires GSC query ownership","Monitor only; no merge, redirect, canonical or noindex action in Batch 1.2","Yes","raw=0.88; adjusted=0.612; relationship=sibling-distinct","28+ days GSC query/page data plus operational and conversion evidence"
"MOBILE-APPLE","/รับซื้อแท็บเล็ต-โคราช","/รับซื้อโทรศัพท์-vivo-โคราช","Internal-link overlap","sibling-distinct","0.762","0.667","0.894","0.595","0.884","none","none","โคราช","Yes","shared contextual targets","No","No","P3 monitor","not structurally actionable","Requires GSC query ownership","Monitor only; no merge, redirect, canonical or noindex action in Batch 1.2","Yes","raw=0.894; adjusted=0.595; relationship=sibling-distinct","28+ days GSC query/page data plus operational and conversion evidence"
"MOBILE-APPLE","/รับซื้อแท็บเล็ต-โคราช","/รับซื้อโทรศัพท์มือถือ-โคราช","Parent-child overlap","parent-child","0.667","0.818","0.883","0.584","0.909","none","none","โคราช","Yes","shared contextual targets","No","No","P2 review","not structurally actionable","Requires GSC query ownership","Monitor only; no merge, redirect, canonical or noindex action in Batch 1.2","Yes","raw=0.883; adjusted=0.584; relationship=parent-child","28+ days GSC query/page data plus operational and conversion evidence"
"MOBILE-APPLE","/รับซื้อโทรศัพท์-oppo-โคราช","/รับซื้อโทรศัพท์-samsung-โคราช","Potential cannibalization","sibling-distinct","0.857","0.875","0.913","0.702","0.921","โทรศัพท์","none","โคราช","Yes","shared contextual targets","No","No","P1 review","requires GSC","Requires GSC query ownership","Monitor only; no merge, redirect, canonical or noindex action in Batch 1.2","Yes","raw=0.913; adjusted=0.702; relationship=sibling-distinct","28+ days GSC query/page data plus operational and conversion evidence"
"MOBILE-APPLE","/รับซื้อโทรศัพท์-oppo-โคราช","/รับซื้อโทรศัพท์-vivo-โคราช","Potential cannibalization","sibling-distinct","0.9","0.875","0.963","0.878","0.966","โทรศัพท์","none","โคราช","Yes","shared contextual targets","No","No","P1 review","requires GSC","Requires GSC query ownership","Monitor only; no merge, redirect, canonical or noindex action in Batch 1.2","Yes","raw=0.963; adjusted=0.878; relationship=sibling-distinct","28+ days GSC query/page data plus operational and conversion evidence"
"MOBILE-APPLE","/รับซื้อโทรศัพท์-oppo-โคราช","/รับซื้อโทรศัพท์-xiaomi-redmi-poco-โคราช","Potential cannibalization","sibling-distinct","0.818","0.778","0.934","0.78","0.923","โทรศัพท์","none","โคราช","Yes","shared contextual targets","No","No","P1 review","requires GSC","Requires GSC query ownership","Monitor only; no merge, redirect, canonical or noindex action in Batch 1.2","Yes","raw=0.934; adjusted=0.78; relationship=sibling-distinct","28+ days GSC query/page data plus operational and conversion evidence"
"MOBILE-APPLE","/รับซื้อโทรศัพท์-oppo-โคราช","/รับซื้อโทรศัพท์มือถือ-โคราช","Parent-child overlap","parent-child","0.783","0.7","0.917","0.663","0.876","โทรศัพท์","none","โคราช","Yes","shared contextual targets","No","No","P2 review","not structurally actionable","Requires GSC query ownership","Monitor only; no merge, redirect, canonical or noindex action in Batch 1.2","Yes","raw=0.917; adjusted=0.663; relationship=parent-child","28+ days GSC query/page data plus operational and conversion evidence"
"MOBILE-APPLE","/รับซื้อโทรศัพท์-samsung-โคราช","/รับซื้อโทรศัพท์-vivo-โคราช","Potential cannibalization","sibling-distinct","0.857","0.875","0.905","0.697","0.932","โทรศัพท์","none","โคราช","Yes","shared contextual targets","No","No","P1 review","requires GSC","Requires GSC query ownership","Monitor only; no merge, redirect, canonical or noindex action in Batch 1.2","Yes","raw=0.905; adjusted=0.697; relationship=sibling-distinct","28+ days GSC query/page data plus operational and conversion evidence"
"MOBILE-APPLE","/รับซื้อโทรศัพท์-samsung-โคราช","/รับซื้อโทรศัพท์-xiaomi-redmi-poco-โคราช","Potential cannibalization","sibling-distinct","0.783","0.778","0.893","0.663","0.891","โทรศัพท์","none","โคราช","Yes","shared contextual targets","No","No","P1 review","requires GSC","Requires GSC query ownership","Monitor only; no merge, redirect, canonical or noindex action in Batch 1.2","Yes","raw=0.893; adjusted=0.663; relationship=sibling-distinct","28+ days GSC query/page data plus operational and conversion evidence"
"MOBILE-APPLE","/รับซื้อโทรศัพท์-samsung-โคราช","/รับซื้อโทรศัพท์มือถือ-โคราช","Parent-child overlap","parent-child","0.75","0.7","0.883","0.573","0.867","โทรศัพท์","none","โคราช","Yes","shared contextual targets","No","No","P2 review","not structurally actionable","Requires GSC query ownership","Monitor only; no merge, redirect, canonical or noindex action in Batch 1.2","Yes","raw=0.883; adjusted=0.573; relationship=parent-child","28+ days GSC query/page data plus operational and conversion evidence"
"MOBILE-APPLE","/รับซื้อโทรศัพท์-vivo-โคราช","/รับซื้อโทรศัพท์-xiaomi-redmi-poco-โคราช","Potential cannibalization","sibling-distinct","0.818","0.778","0.93","0.775","0.933","โทรศัพท์","none","โคราช","Yes","shared contextual targets","No","No","P1 review","requires GSC","Requires GSC query ownership","Monitor only; no merge, redirect, canonical or noindex action in Batch 1.2","Yes","raw=0.93; adjusted=0.775; relationship=sibling-distinct","28+ days GSC query/page data plus operational and conversion evidence"
"MOBILE-APPLE","/รับซื้อโทรศัพท์-vivo-โคราช","/รับซื้อโทรศัพท์มือถือ-โคราช","Parent-child overlap","parent-child","0.783","0.7","0.91","0.641","0.886","โทรศัพท์","none","โคราช","Yes","shared contextual targets","No","No","P2 review","not structurally actionable","Requires GSC query ownership","Monitor only; no merge, redirect, canonical or noindex action in Batch 1.2","Yes","raw=0.91; adjusted=0.641; relationship=parent-child","28+ days GSC query/page data plus operational and conversion evidence"
"MOBILE-APPLE","/รับซื้อโทรศัพท์-xiaomi-redmi-poco-โคราช","/รับซื้อโทรศัพท์มือถือ-โคราช","Parent-child overlap","parent-child","0.72","0.636","0.907","0.649","0.848","โทรศัพท์","none","โคราช","Yes","shared contextual targets","No","No","P2 review","not structurally actionable","Requires GSC query ownership","Monitor only; no merge, redirect, canonical or noindex action in Batch 1.2","Yes","raw=0.907; adjusted=0.649; relationship=parent-child","28+ days GSC query/page data plus operational and conversion evidence"
"OTHER-PRODUCT","/รับซื้อโน๊ตบุ๊คจอแตก-โคราช","/รับซื้อโน๊ตบุ๊คเปิดไม่ติด-โคราช","Potential cannibalization","sibling-distinct","0.737","0.667","0.949","0.778","0.909","โน๊ตบุ๊ค","none","โคราช","Yes","not detected","No","No","P1 review","requires GSC","Requires GSC query ownership","Monitor only; no merge, redirect, canonical or noindex action in Batch 1.2","Yes","raw=0.949; adjusted=0.778; relationship=sibling-distinct","28+ days GSC query/page data plus operational and conversion evidence"
"OTHER-PRODUCT","/รับซื้อโน๊ตบุ๊คจอแตก-โคราช","/รับซื้อโน๊ตบุ๊คเสีย-โคราช","Potential cannibalization","sibling-distinct","0.667","0.769","0.929","0.712","0.962","โน๊ตบุ๊ค","none","โคราช","Yes","not detected","No","No","P1 review","requires GSC","Requires GSC query ownership","Monitor only; no merge, redirect, canonical or noindex action in Batch 1.2","Yes","raw=0.929; adjusted=0.712; relationship=sibling-distinct","28+ days GSC query/page data plus operational and conversion evidence"
"OTHER-PRODUCT","/รับซื้อโน๊ตบุ๊คเปิดไม่ติด-โคราช","/รับซื้อโน๊ตบุ๊คเสีย-โคราช","Potential cannibalization","sibling-distinct","0.636","0.714","0.928","0.73","0.943","โน๊ตบุ๊ค","none","โคราช","Yes","not detected","No","No","P1 review","requires GSC","Requires GSC query ownership","Monitor only; no merge, redirect, canonical or noindex action in Batch 1.2","Yes","raw=0.928; adjusted=0.73; relationship=sibling-distinct","28+ days GSC query/page data plus operational and conversion evidence"
"SELLER-JOURNEY","/วิธีขายสินค้า","/วิธีประเมินราคา","Low relevance similarity","sibling-distinct","0.667","0.667","0.965","0.837","1","none","none","none","Yes","not detected","No","No","P3 monitor","not structurally actionable","Requires GSC query ownership","Monitor only; no merge, redirect, canonical or noindex action in Batch 1.2","Yes","raw=0.965; adjusted=0.837; relationship=sibling-distinct","28+ days GSC query/page data plus operational and conversion evidence"
"SELLER-JOURNEY","/วิธีขายสินค้า","/ส่งสินค้าไอทีมาประเมิน","Low relevance similarity","sibling-distinct","0.556","0.444","0.981","0.793","1","none","none","none","Yes","not detected","No","No","P3 monitor","not structurally actionable","Requires GSC query ownership","Monitor only; no merge, redirect, canonical or noindex action in Batch 1.2","Yes","raw=0.981; adjusted=0.793; relationship=sibling-distinct","28+ days GSC query/page data plus operational and conversion evidence"
"SELLER-JOURNEY","/วิธีประเมินราคา","/ส่งสินค้าไอทีมาประเมิน","Low relevance similarity","sibling-distinct","0.75","0.6","0.972","0.81","1","none","none","none","Yes","not detected","No","No","P3 monitor","not structurally actionable","Requires GSC query ownership","Monitor only; no merge, redirect, canonical or noindex action in Batch 1.2","Yes","raw=0.972; adjusted=0.81; relationship=sibling-distinct","28+ days GSC query/page data plus operational and conversion evidence"
